country,year,iso_code,population,gdp,biofuel_cons_change_pct,biofuel_cons_change_twh,biofuel_cons_per_capita,biofuel_consumption,biofuel_elec_per_capita,biofuel_electricity,biofuel_share_elec,biofuel_share_energy,carbon_intensity_elec,coal_cons_change_pct,coal_cons_change_twh,coal_cons_per_capita,coal_consumption,coal_elec_per_capita,coal_electricity,coal_prod_change_pct,coal_prod_change_twh,coal_prod_per_capita,coal_production,coal_share_elec,coal_share_energy,electricity_demand,electricity_demand_per_capita,electricity_generation,electricity_share_energy,energy_cons_change_pct,energy_cons_change_twh,energy_per_capita,energy_per_gdp,fossil_cons_change_pct,fossil_cons_change_twh,fossil_elec_per_capita,fossil_electricity,fossil_energy_per_capita,fossil_fuel_consumption,fossil_share_elec,fossil_share_energy,gas_cons_change_pct,gas_cons_change_twh,gas_consumption,gas_elec_per_capita,gas_electricity,gas_energy_per_capita,gas_prod_change_pct,gas_prod_change_twh,gas_prod_per_capita,gas_production,gas_share_elec,gas_share_energy,greenhouse_gas_emissions,hydro_cons_change_pct,hydro_cons_change_twh,hydro_consumption,hydro_elec_per_capita,hydro_electricity,hydro_energy_per_capita,hydro_share_elec,hydro_share_energy,low_carbon_cons_change_pct,low_carbon_cons_change_twh,low_carbon_consumption,low_carbon_elec_per_capita,low_carbon_electricity,low_carbon_energy_per_capita,low_carbon_share_elec,low_carbon_share_energy,net_elec_imports,net_elec_imports_share_demand,nuclear_cons_change_pct,nuclear_cons_change_twh,nuclear_consumption,nuclear_elec_per_capita,nuclear_electricity,nuclear_energy_per_capita,nuclear_share_elec,nuclear_share_energy,oil_cons_change_pct,oil_cons_change_twh,oil_consumption,oil_elec_per_capita,oil_electricity,oil_energy_per_capita,oil_prod_change_pct,oil_prod_change_twh,oil_prod_per_capita,oil_production,oil_share_elec,oil_share_energy,other_renewable_consumption,other_renewable_electricity,other_renewable_exc_biofuel_electricity,other_renewables_cons_change_pct,other_renewables_cons_change_twh,other_renewables_elec_per_capita,other_renewables_elec_per_capita_exc_biofuel,other_renewables_energy_per_capita,other_renewables_share_elec,other_renewables_share_elec_exc_biofuel,other_renewables_share_energy,per_capita_electricity,primary_energy_consumption,renewables_cons_change_pct,renewables_cons_change_twh,renewables_consumption,renewables_elec_per_capita,renewables_electricity,renewables_energy_per_capita,renewables_share_elec,renewables_share_energy,solar_cons_change_pct,solar_cons_change_twh,solar_consumption,solar_elec_per_capita,solar_electricity,solar_energy_per_capita,solar_share_elec,solar_share_energy,wind_cons_change_pct,wind_cons_change_twh,wind_consumption,wind_elec_per_capita,wind_electricity,wind_energy_per_capita,wind_share_elec,wind_share_energy
ASEAN (Ember),2000,,,,,,,,,5.87,1.55,,572.58,,,,,,76.03,,,,,20.073,,378.76,,378.76,,,,,,,,,305.53,,,80.666,,,,,,164.26,,,,,,43.368,,216.87,,,,,50.43,,13.314,,,,,,73.23,,19.334,,,,,,,,0.0,,0.0,,,,,,65.24,,,,,,17.225,,,22.8,16.93,,,,,,6.02,4.47,,,,,,,,73.23,,19.334,,,,,,0.0,,0.0,,,,,,0.0,,0.0,
ASEAN (Ember),2001,,,,,,,,,6.46,1.595,,570.27,,,,,,86.26,,,,,21.294,,405.09,,405.09,,,,,,,,,327.9,,,80.945,,,,,,190.41,,,,,,47.004,,231.01,,,,,54.33,,13.412,,,,,,77.19,,19.055,,,,,,,,0.0,,0.0,,,,,,51.23,,,,,,12.647,,,22.86,16.4,,,,,,5.643,4.048,,,,,,,,77.19,,19.055,,,,,,0.0,,0.0,,,,,,0.0,,0.0,
ASEAN (Ember),2002,,,,,,,,,6.62,1.528,,572.68,,,,,,93.43,,,,,21.568,,433.19,,433.19,,,,,,,,,356.66,,,82.333,,,,,,208.92,,,,,,48.228,,248.08,,,,,53.3,,12.304,,,,,,76.53,,17.667,,,,,,,,0.0,,0.0,,,,,,54.31,,,,,,12.537,,,23.23,16.61,,,,,,5.363,3.834,,,,,,,,76.53,,17.667,,,,,,0.0,,0.0,,,,,,0.0,,0.0,
ASEAN (Ember),2003,,,,,,,,,7.44,1.623,,577.02,,,,,,102.01,,,,,22.258,,458.3,,458.3,,,,,,,,,381.91,,,83.332,,,,,,226.51,,,,,,49.424,,264.45,,,,,53.21,,11.61,,,,,,76.39,,16.668,,,,,,,,0.0,,0.0,,,,,,53.39,,,,,,11.65,,,23.18,15.74,,,,,,5.058,3.434,,,,,,,,76.39,,16.668,,,,,,0.0,,0.0,,,,,,0.0,,0.0,
ASEAN (Ember),2004,,,,,,,,,8.39,1.689,,583.64,,,,,,115.01,,,,,23.159,,496.61,,496.61,,,,,,,,,418.66,,,84.304,,,,,,244.16,,,,,,49.165,,289.84,,,,,52.99,,10.67,,,,,,77.95,,15.696,,,,,,,,0.0,,0.0,,,,,,59.49,,,,,,11.979,,,24.96,16.57,,,,,,5.026,3.337,,,,,,,,77.95,,15.696,,,,,,0.0,,0.0,,,,,,0.0,,0.0,
ASEAN (Ember),2005,,,,,,,,,8.79,1.682,,585.25,,,,,,124.53,,,,,23.825,,522.68,,522.68,,,,,,,,,443.49,,,84.849,,,,,,253.3,,,,,,48.462,,305.9,,,,,53.88,,10.308,,,,,,79.19,,15.151,,,,,,,,0.0,,0.0,,,,,,65.66,,,,,,12.562,,,25.29,16.5,,,,,,4.839,3.157,,,,,,,,79.19,,15.151,,,,,,0.0,,0.0,,,,,,0.02,,0.004,
ASEAN (Ember),2006,,,,,,,,,8.52,1.557,,584.48,,,,,,138.08,,,,,25.235,,547.17,,547.17,,,,,,,,,460.91,,,84.235,,,,,,262.67,,,,,,48.005,,319.81,,,,,60.52,,11.061,,,,,,86.26,,15.765,,,,,,,,0.0,,0.0,,,,,,60.16,,,,,,10.995,,,25.65,17.13,,,,,,4.688,3.131,,,,,,,,86.26,,15.765,,,,,,0.04,,0.007,,,,,,0.05,,0.009,
ASEAN (Ember),2007,,,,,,,,,10.23,1.767,,588.21,,,,,,155.7,,,,,26.892,,578.98,,578.98,,,,,,,,,488.16,,,84.314,,,,,,274.02,,,,,,47.328,,340.56,,,,,63.25,,10.924,,,,,,90.82,,15.686,,,,,,,,0.0,,0.0,,,,,,58.44,,,,,,10.094,,,27.47,17.24,,,,,,4.745,2.978,,,,,,,,90.82,,15.686,,,,,,0.04,,0.007,,,,,,0.06,,0.01,
ASEAN (Ember),2008,,,,,,,,,10.53,1.743,,578.48,,,,,,152.03,,,,,25.172,,603.96,,603.96,,,,,,,,,504.35,,,83.507,,,,,,293.09,,,,,,48.528,,349.38,,,,,69.95,,11.582,,,,,,99.61,,16.493,,,,,,,,0.0,,0.0,,,,,,59.23,,,,,,9.807,,,29.56,19.03,,,,,,4.894,3.151,,,,,,,,99.61,,16.493,,,,,,0.04,,0.007,,,,,,0.06,,0.01,
ASEAN (Ember),2009,,,,,,,,,10.87,1.74,,579.58,,,,,,162.79,,,,,26.064,,624.57,,624.57,,,,,,,,,520.28,,,83.302,,,,,,308.82,,,,,,49.445,,361.99,,,,,73.69,,11.799,,,,,,104.29,,16.698,,,,,,,,0.0,,0.0,,,,,,48.67,,,,,,7.793,,,30.49,19.62,,,,,,4.882,3.141,,,,,,,,104.29,,16.698,,,,,,0.04,,0.006,,,,,,0.07,,0.011,
ASEAN (Ember),2010,,,,,,,,,13.69,1.993,,584.33,,,,,,187.49,,,,,27.297,,686.86,,686.86,,,,,,,,,573.64,,,83.516,,,,,,327.23,,,,,,47.641,,401.35,,,,,80.07,,11.657,,,,,,113.22,,16.484,,,,,,,,0.0,,0.0,,,,,,58.92,,,,,,8.578,,,32.98,19.29,,,,,,4.802,2.808,,,,,,,,113.22,,16.484,,,,,,0.07,,0.01,,,,,,0.1,,0.015,
ASEAN (Ember),2011,,,,,,,,,15.53,2.166,,577.88,,,,,,211.18,,,,,29.45,,717.07,,717.07,,,,,,,,,582.38,,,81.217,,,,,,305.08,,,,,,42.545,,414.38,,,,,99.6,,13.89,,,,,,134.69,,18.783,,,,,,,,0.0,,0.0,,,,,,66.12,,,,,,9.221,,,34.86,19.33,,,,,,4.861,2.696,,,,,,,,134.69,,18.783,,,,,,0.1,,0.014,,,,,,0.13,,0.018,
ASEAN (Ember),2012,,,,,,,,,16.76,2.158,,576.57,,,,,,242.69,,,,,31.252,,776.57,,776.57,,,,,,,,,624.2,,,80.379,,,,,,335.14,,,,,,43.156,,447.75,,,,,115.26,,14.842,,,,,,152.37,,19.621,,,,,,,,0.0,,0.0,,,,,,46.37,,,,,,5.971,,,36.45,19.69,,,,,,4.694,2.536,,,,,,,,152.37,,19.621,,,,,,0.52,,0.067,,,,,,0.14,,0.018,
ASEAN (Ember),2013,,,,,,,,,18.03,2.208,,572.96,,,,,,257.1,,,,,31.479,,816.74,,816.74,,,,,,,,,650.6,,,79.658,,,,,,360.16,,,,,,44.097,,467.96,,,,,127.16,,15.569,,,,,,166.14,,20.342,,,,,,,,0.0,,0.0,,,,,,33.34,,,,,,4.082,,,37.06,19.03,,,,,,4.538,2.33,,,,,,,,166.14,,20.342,,,,,,1.43,,0.175,,,,,,0.49,,0.06,
ASEAN (Ember),2014,,,,,,,,,18.43,2.133,,579.28,,,,,,282.54,,,,,32.703,,863.97,,863.97,,,,,,,,,691.53,,,80.041,,,,,,373.23,,,,,,43.199,,500.48,,,,,130.81,,15.141,,,,,,172.44,,19.959,,,,,,,,0.0,,0.0,,,,,,35.76,,,,,,4.139,,,38.8,20.37,,,,,,4.491,2.358,,,,,,,,172.44,,19.959,,,,,,2.21,,0.256,,,,,,0.62,,0.072,
ASEAN (Ember),2015,,,,,,,,,19.97,2.201,,594.8,,,,,,321.14,,,,,35.398,,907.23,,907.23,,,,,,,,,740.46,,,81.618,,,,,,377.93,,,,,,41.658,,539.62,,,,,121.66,,13.41,,,,,,166.77,,18.382,,,,,,,,0.0,,0.0,,,,,,41.39,,,,,,4.562,,,41.07,21.1,,,,,,4.527,2.326,,,,,,,,166.77,,18.382,,,,,,2.84,,0.313,,,,,,1.2,,0.132,
ASEAN (Ember),2016,,,,,,,,,22.07,2.277,,591.28,,,,,,364.27,,,,,37.579,,969.34,,969.34,,,,,,,,,774.71,,,79.921,,,,,,379.77,,,,,,39.178,,573.15,,,,,144.13,,14.869,,,,,,194.63,,20.079,,,,,,,,0.0,,0.0,,,,,,30.67,,,,,,3.164,,,43.8,21.73,,,,,,4.519,2.242,,,,,,,,194.63,,20.079,,,,,,5.13,,0.529,,,,,,1.57,,0.162,
ASEAN (Ember),2017,,,,,,,,,24.44,2.425,,571.9,,,,,,383.71,,,,,38.071,,1007.89,,1007.89,,,,,,,,,771.81,,,76.577,,,,,,362.07,,,,,,35.924,,576.41,,,,,179.46,,17.806,,,,,,236.08,,23.423,,,,,,,,0.0,,0.0,,,,,,26.03,,,,,,2.583,,,47.77,23.33,,,,,,4.74,2.315,,,,,,,,236.08,,23.423,,,,,,6.3,,0.625,,,,,,2.55,,0.253,
ASEAN (Ember),2018,,,,,,,,,28.51,2.662,,577.85,,,,,,433.99,,,,,40.522,,1071.01,,1071.01,,,,,,,,,820.11,,,76.574,,,,,,361.94,,,,,,33.794,,618.88,,,,,187.37,,17.495,,,,,,250.9,,23.426,,,,,,,,0.0,,0.0,,,,,,24.18,,,,,,2.258,,,53.28,24.77,,,,,,4.975,2.313,,,,,,,,250.9,,23.426,,,,,,6.78,,0.633,,,,,,3.47,,0.324,
ASEAN (Ember),2019,,,,,,,,,29.0,2.584,,597.66,,,,,,483.31,,,,,43.068,,1122.19,,1122.19,,,,,,,,,887.16,,,79.056,,,,,,383.54,,,,,,34.178,,670.69,,,,,162.11,,14.446,,,,,,235.03,,20.944,,,,,,,,0.0,,0.0,,,,,,20.31,,,,,,1.81,,,53.8,24.8,,,,,,4.794,2.21,,,,,,,,235.03,,20.944,,,,,,13.21,,1.177,,,,,,5.91,,0.527,
ASEAN (Ember),2020,,,,,,,,,28.97,2.601,,589.23,,,,,,505.77,,,,,45.416,,1113.63,,1113.63,,,,,,,,,855.13,,,76.788,,,,,,335.29,,,,,,30.108,,656.18,,,,,177.4,,15.93,,,,,,258.5,,23.212,,,,,,,,0.0,,0.0,,,,,,14.07,,,,,,1.263,,,55.3,26.33,,,,,,4.966,2.364,,,,,,,,258.5,,23.212,,,,,,20.1,,1.805,,,,,,5.7,,0.512,
ASEAN (Ember),2021,,,,,,,,,32.95,2.848,,571.41,,,,,,504.85,,,,,43.639,,1156.89,,1156.89,,,,,,,,,858.4,,,74.199,,,,,,340.83,,,,,,29.461,,661.06,,,,,194.75,,16.834,,,,,,298.49,,25.801,,,,,,,,0.0,,0.0,,,,,,12.72,,,,,,1.099,,,58.88,25.93,,,,,,5.09,2.241,,,,,,,,298.49,,25.801,,,,,,36.27,,3.135,,,,,,8.59,,0.743,
ASEAN (Ember),2022,,,,,,,,,39.39,3.224,,554.19,,,,,,508.35,,,,,41.613,,1221.62,,1221.62,,,,,,,,,878.82,,,71.939,,,,,,355.25,,,,,,29.08,,677.01,,,,,225.39,,18.45,,,,,,342.8,,28.061,,,,,,,,0.0,,0.0,,,,,,15.22,,,,,,1.246,,,66.51,27.12,,,,,,5.444,2.22,,,,,,,,342.8,,28.061,,,,,,37.4,,3.062,,,,,,13.5,,1.105,
ASEAN (Ember),2023,,,,,,,,,42.23,3.318,,568.73,,,,,,554.95,,,,,43.607,,1272.63,,1272.63,,,,,,,,,939.65,,,73.835,,,,,,371.22,,,,,,29.17,,723.78,,,,,207.67,,16.318,,,,,,332.98,,26.165,,,,,,,,0.0,,0.0,,,,,,13.48,,,,,,1.059,,,69.6,27.37,,,,,,5.469,2.151,,,,,,,,332.98,,26.165,,,,,,38.55,,3.029,,,,,,17.16,,1.348,
ASEAN (Ember),2024,,,,,,,,,41.83,3.094,,571.72,,,,,,603.6,,,,,44.641,,1352.11,,1352.11,,,,,,,,,1002.17,,,74.119,,,,,,385.68,,,,,,28.524,,773.03,,,,,221.4,,16.374,,,,,,349.94,,25.881,,,,,,,,0.0,,0.0,,,,,,12.89,,,,,,0.953,,,69.03,27.2,,,,,,5.105,2.012,,,,,,,,349.94,,25.881,,,,,,41.41,,3.063,,,,,,18.1,,1.339,
ASEAN (Ember),2025,,,,,,,,,37.39,2.729,,565.01,,,,,,610.43,,,,,44.562,,1369.85,,1369.85,,,,,,,,,1000.73,,,73.054,,,,,,375.12,,,,,,27.384,,773.98,,,,,238.88,,17.438,,,,,,369.12,,26.946,,,,,,,,0.0,,0.0,,,,,,15.18,,,,,,1.108,,,64.18,26.79,,,,,,4.685,1.956,,,,,,,,369.12,,26.946,,,,,,46.33,,3.382,,,,,,19.73,,1.44,
Afghanistan,1900,AFG,4707744.0,,,,,,,,,,,,,,,,,,,0.0,0.0,,,,,,,,,,,,,,,,,,,,,,,,,,,0.0,0.0,,,,,,,,,,,,,,,,,,,,,,,,,,,,,,,,,,,,,,,,,,,,,,,,,,,,,,,,,,,,,,,,,,,,,,,,,,,,,,
Afghanistan,1901,AFG,4751177.0,,,,,,,,,,,,,,,,,,0.0,0.0,0.0,,,,,,,,,,,,,,,,,,,,,,,,,,0.0,0.0,0.0,,,,,,,,,,,,,,,,,,,,,,,,,,,,,,,,,,,,,,,,,,,,,,,,,,,,,,,,,,,,,,,,,,,,,,,,,,,,,,
Afghanistan,1902,AFG,4802500.0,,,,,,,,,,,,,,,,,,0.0,0.0,0.0,,,,,,,,,,,,,,,,,,,,,,,,,,0.0,0.0,0.0,,,,,,,,,,,,,,,,,,,,,,,,,,,,,,,,,,,,,,,,,,,,,,,,,,,,,,,,,,,,,,,,,,,,,,,,,,,,,,
Afghanistan,1903,AFG,4861833.0,,,,,,,,,,,,,,,,,,0.0,0.0,0.0,,,,,,,,,,,,,,,,,,,,,,,,,,0.0,0.0,0.0,,,,,,,,,,,,,,,,,,,,,,,,,,,,,,,,,,,,,,,,,,,,,,,,,,,,,,,,,,,,,,,,,,,,,,,,,,,,,,
Afghanistan,1904,AFG,4921891.0,,,,,,,,,,,,,,,,,,0.0,0.0,0.0,,,,,,,,,,,,,,,,,,,,,,,,,,0.0,0.0,0.0,,,,,,,,,,,,,,,,,,,,,,,,,,,,,,,,,,,,,,,,,,,,,,,,,,,,,,,,,,,,,,,,,,,,,,,,,,,,,,
Afghanistan,1905,AFG,4982681.0,,,,,,,,,,,,,,,,,,0.0,0.0,0.0,,,,,,,,,,,,,,,,,,,,,,,,,,0.0,0.0,0.0,,,,,,,,,,,,,,,,,,,,,,,,,,,,,,,,,,,,,,,,,,,,,,,,,,,,,,,,,,,,,,,,,,,,,,,,,,,,,,
Afghanistan,1906,AFG,5044212.0,,,,,,,,,,,,,,,,,,0.0,0.0,0.0,,,,,,,,,,,,,,,,,,,,,,,,,,0.0,0.0,0.0,,,,,,,,,,,,,,,,,,,,,,,,,,,,,,,,,,,,,,,,,,,,,,,,,,,,,,,,,,,,,,,,,,,,,,,,,,,,,,
Afghanistan,1907,AFG,5106495.0,,,,,,,,,,,,,,,,,,0.0,0.0,0.0,,,,,,,,,,,,,,,,,,,,,,,,,,0.0,0.0,0.0,,,,,,,,,,,,,,,,,,,,,,,,,,,,,,,,,,,,,,,,,,,,,,,,,,,,,,,,,,,,,,,,,,,,,,,,,,,,,,
Afghanistan,1908,AFG,5169536.0,,,,,,,,,,,,,,,,,,0.0,0.0,0.0,,,,,,,,,,,,,,,,,,,,,,,,,,0.0,0.0,0.0,,,,,,,,,,,,,,,,,,,,,,,,,,,,,,,,,,,,,,,,,,,,,,,,,,,,,,,,,,,,,,,,,,,,,,,,,,,,,,
Afghanistan,1909,AFG,5300178.0,,,,,,,,,,,,,,,,,,0.0,0.0,0.0,,,,,,,,,,,,,,,,,,,,,,,,,,0.0,0.0,0.0,,,,,,,,,,,,,,,,,,,,,,,,,,,,,,,,,,,,,,,,,,,,,,,,,,,,,,,,,,,,,,,,,,,,,,,,,,,,,,
Afghanistan,1910,AFG,5504191.0,,,,,,,,,,,,,,,,,,0.0,0.0,0.0,,,,,,,,,,,,,,,,,,,,,,,,,,0.0,0.0,0.0,,,,,,,,,,,,,,,,,,,,,,,,,,,,,,,,,,,,,,,,,,,,,,,,,,,,,,,,,,,,,,,,,,,,,,,,,,,,,,
Afghanistan,1911,AFG,5787792.0,,,,,,,,,,,,,,,,,,0.0,0.0,0.0,,,,,,,,,,,,,,,,,,,,,,,,,,0.0,0.0,0.0,,,,,,,,,,,,,,,,,,,,,,,,,,,,,,,,,,,,,,,,,,,,,,,,,,,,,,,,,,,,,,,,,,,,,,,,,,,,,,
Afghanistan,1912,AFG,6157669.0,,,,,,,,,,,,,,,,,,0.0,0.0,0.0,,,,,,,,,,,,,,,,,,,,,,,,,,0.0,0.0,0.0,,,,,,,,,,,,,,,,,,,,,,,,,,,,,,,,,,,,,,,,,,,,,,,,,,,,,,,,,,,,,,,,,,,,,,,,,,,,,,
Afghanistan,1913,AFG,6621025.0,,,,,,,,,,,,,,,,,,0.0,0.0,0.0,,,,,,,,,,,,,,,,,,,,,,,,,,0.0,0.0,0.0,,,,,,,,,,,,,,,,,,,,,,,,,,,,,,,,,,,,,,,,,,,,,,,,,,,,,,,,,,,,,,,,,,,,,,,,,,,,,,
Afghanistan,1914,AFG,7119235.0,,,,,,,,,,,,,,,,,,0.0,0.0,0.0,,,,,,,,,,,,,,,,,,,,,,,,,,0.0,0.0,0.0,,,,,,,,,,,,,,,,,,,,,,,,,,,,,,,,,,,,,,,,,,,,,,,,,,,,,,,,,,,,,,,,,,,,,,,,,,,,,,
Afghanistan,1915,AFG,7654918.0,,,,,,,,,,,,,,,,,,0.0,0.0,0.0,,,,,,,,,,,,,,,,,,,,,,,,,,0.0,0.0,0.0,,,,,,,,,,,,,,,,,,,,,,,,,,,,,,,,,,,,,,,,,,,,,,,,,,,,,,,,,,,,,,,,,,,,,,,,,,,,,,
Afghanistan,1916,AFG,8230894.0,,,,,,,,,,,,,,,,,,0.0,0.0,0.0,,,,,,,,,,,,,,,,,,,,,,,,,,0.0,0.0,0.0,,,,,,,,,,,,,,,,,,,,,,,,,,,,,,,,,,,,,,,,,,,,,,,,,,,,,,,,,,,,,,,,,,,,,,,,,,,,,,
Afghanistan,1917,AFG,8850190.0,,,,,,,,,,,,,,,,,,0.0,0.0,0.0,,,,,,,,,,,,,,,,,,,,,,,,,,0.0,0.0,0.0,,,,,,,,,,,,,,,,,,,,,,,,,,,,,,,,,,,,,,,,,,,,,,,,,,,,,,,,,,,,,,,,,,,,,,,,,,,,,,
Afghanistan,1918,AFG,9529174.0,,,,,,,,,,,,,,,,,,0.0,0.0,0.0,,,,,,,,,,,,,,,,,,,,,,,,,,0.0,0.0,0.0,,,,,,,,,,,,,,,,,,,,,,,,,,,,,,,,,,,,,,,,,,,,,,,,,,,,,,,,,,,,,,,,,,,,,,,,,,,,,,
Afghanistan,1919,AFG,9976355.0,,,,,,,,,,,,,,,,,,0.0,0.0,0.0,,,,,,,,,,,,,,,,,,,,,,,,,,0.0,0.0,0.0,,,,,,,,,,,,,,,,,,,,,,,,,,,,,,,,,,,,,,,,,,,,,,,,,,,,,,,,,,,,,,,,,,,,,,,,,,,,,,
Afghanistan,1920,AFG,10188845.0,,,,,,,,,,,,,,,,,,0.0,0.0,0.0,,,,,,,,,,,,,,,,,,,,,,,,,,0.0,0.0,0.0,,,,,,,,,,,,,,,,,,,,,,,,,,,,,,,,,,,,,,,,,,,,,,,,,,,,,,,,,,,,,,,,,,,,,,,,,,,,,,
Afghanistan,1921,AFG,10162753.0,,,,,,,,,,,,,,,,,,0.0,0.0,0.0,,,,,,,,,,,,,,,,,,,,,,,,,,0.0,0.0,0.0,,,,,,,,,,,,,,,,,,,,,,,,,,,,,,,,,,,,,,,,,,,,,,,,,,,,,,,,,,,,,,,,,,,,,,,,,,,,,,
Afghanistan,1922,AFG,9893152.0,,,,,,,,,,,,,,,,,,0.0,0.0,0.0,,,,,,,,,,,,,,,,,,,,,,,,,,0.0,0.0,0.0,,,,,,,,,,,,,,,,,,,,,,,,,,,,,,,,,,,,,,,,,,,,,,,,,,,,,,,,,,,,,,,,,,,,,,,,,,,,,,
Afghanistan,1923,AFG,9374030.0,,,,,,,,,,,,,,,,,,0.0,0.0,0.0,,,,,,,,,,,,,,,,,,,,,,,,,,0.0,0.0,0.0,,,,,,,,,,,,,,,,,,,,,,,,,,,,,,,,,,,,,,,,,,,,,,,,,,,,,,,,,,,,,,,,,,,,,,,,,,,,,,
Afghanistan,1924,AFG,8882148.0,,,,,,,,,,,,,,,,,,0.0,0.0,0.0,,,,,,,,,,,,,,,,,,,,,,,,,,0.0,0.0,0.0,,,,,,,,,,,,,,,,,,,,,,,,,,,,,,,,,,,,,,,,,,,,,,,,,,,,,,,,,,,,,,,,,,,,,,,,,,,,,,
Afghanistan,1925,AFG,8416077.0,,,,,,,,,,,,,,,,,,0.0,0.0,0.0,,,,,,,,,,,,,,,,,,,,,,,,,,0.0,0.0,0.0,,,,,,,,,,,,,,,,,,,,,,,,,,,,,,,,,,,,,,,,,,,,,,,,,,,,,,,,,,,,,,,,,,,,,,,,,,,,,,
Afghanistan,1926,AFG,7974462.0,,,,,,,,,,,,,,,,,,0.0,0.0,0.0,,,,,,,,,,,,,,,,,,,,,,,,,,0.0,0.0,0.0,,,,,,,,,,,,,,,,,,,,,,,,,,,,,,,,,,,,,,,,,,,,,,,,,,,,,,,,,,,,,,,,,,,,,,,,,,,,,,
Afghanistan,1927,AFG,7556019.0,,,,,,,,,,,,,,,,,,0.0,0.0,0.0,,,,,,,,,,,,,,,,,,,,,,,,,,0.0,0.0,0.0,,,,,,,,,,,,,,,,,,,,,,,,,,,,,,,,,,,,,,,,,,,,,,,,,,,,,,,,,,,,,,,,,,,,,,,,,,,,,,
Afghanistan,1928,AFG,7159534.0,,,,,,,,,,,,,,,,,,0.0,0.0,0.0,,,,,,,,,,,,,,,,,,,,,,,,,,0.0,0.0,0.0,,,,,,,,,,,,,,,,,,,,,,,,,,,,,,,,,,,,,,,,,,,,,,,,,,,,,,,,,,,,,,,,,,,,,,,,,,,,,,
Afghanistan,1929,AFG,6851115.0,,,,,,,,,,,,,,,,,,0.0,0.0,0.0,,,,,,,,,,,,,,,,,,,,,,,,,,0.0,0.0,0.0,,,,,,,,,,,,,,,,,,,,,,,,,,,,,,,,,,,,,,,,,,,,,,,,,,,,,,,,,,,,,,,,,,,,,,,,,,,,,,
Afghanistan,1930,AFG,6626142.0,,,,,,,,,,,,,,,,,,0.0,0.0,0.0,,,,,,,,,,,,,,,,,,,,,,,,,,0.0,0.0,0.0,,,,,,,,,,,,,,,,,,,,,,,,,,,,,,,,,,,,,,,,,,,,,,,,,,,,,,,,,,,,,,,,,,,,,,,,,,,,,,
Afghanistan,1931,AFG,6480237.0,,,,,,,,,,,,,,,,,,0.0,0.0,0.0,,,,,,,,,,,,,,,,,,,,,,,,,,0.0,0.0,0.0,,,,,,,,,,,,,,,,,,,,,,,,,,,,,,,,,,,,,,,,,,,,,,,,,,,,,,,,,,,,,,,,,,,,,,,,,,,,,,
Afghanistan,1932,AFG,6409250.0,,,,,,,,,,,,,,,,,,0.0,0.0,0.0,,,,,,,,,,,,,,,,,,,,,,,,,,0.0,0.0,0.0,,,,,,,,,,,,,,,,,,,,,,,,,,,,,,,,,,,,,,,,,,,,,,,,,,,,,,,,,,,,,,,,,,,,,,,,,,,,,,
Afghanistan,1933,AFG,6409250.0,,,,,,,,,,,,,,,,,,0.0,0.0,0.0,,,,,,,,,,,,,,,,,,,,,,,,,,0.0,0.0,0.0,,,,,,,,,,,,,,,,,,,,,,,,,,,,,,,,,,,,,,,,,,,,,,,,,,,,,,,,,,,,,,,,,,,,,,,,,,,,,,
Afghanistan,1934,AFG,6409250.0,,,,,,,,,,,,,,,,,,0.0,0.0,0.0,,,,,,,,,,,,,,,,,,,,,,,,,,0.0,0.0,0.0,,,,,,,,,,,,,,,,,,,,,,,,,,,,,,,,,,,,,,,,,,,,,,,,,,,,,,,,,,,,,,,,,,,,,,,,,,,,,,
Afghanistan,1935,AFG,6409250.0,,,,,,,,,,,,,,,,,,0.0,0.0,0.0,,,,,,,,,,,,,,,,,,,,,,,,,,0.0,0.0,0.0,,,,,,,,,,,,,,,,,,,,,,,,,,,,,,,,,,,,,,,,,,,,,,,,,,,,,,,,,,,,,,,,,,,,,,,,,,,,,,
Afghanistan,1936,AFG,6409250.0,,,,,,,,,,,,,,,,,,0.0,0.0,0.0,,,,,,,,,,,,,,,,,,,,,,,,,,0.0,0.0,0.0,,,,,,,,,,,,,,,,,,,,,,,,,,,,,,,,,,,,,,,,,,,,,,,,,,,,,,,,,,,,,,,,,,,,,,,,,,,,,,
Afghanistan,1937,AFG,6409250.0,,,,,,,,,,,,,,,,,,0.0,0.0,0.0,,,,,,,,,,,,,,,,,,,,,,,,,,0.0,0.0,0.0,,,,,,,,,,,,,,,,,,,,,,,,,,,,,,,,,,,,,,,,,,,,,,,,,,,,,,,,,,,,,,,,,,,,,,,,,,,,,,
Afghanistan,1938,AFG,6409250.0,,,,,,,,,,,,,,,,,,0.0,0.0,0.0,,,,,,,,,,,,,,,,,,,,,,,,,,0.0,0.0,0.0,,,,,,,,,,,,,,,,,,,,,,,,,,,,,,,,,,,,,,,,,,,,,,,,,,,,,,,,,,,,,,,,,,,,,,,,,,,,,,
Afghanistan,1939,AFG,6428903.0,,,,,,,,,,,,,,,,,,0.0,0.0,0.0,,,,,,,,,,,,,,,,,,,,,,,,,,0.0,0.0,0.0,,,,,,,,,,,,,,,,,,,,,,,,,,,,,,,,,,,,,,,,,,,,,,,,,,,,,,,,,,,,,,,,,,,,,,,,,,,,,,
Afghanistan,1940,AFG,6468510.0,,,,,,,,,,,,,,,,,,0.0,0.0,0.0,,,,,,,,,,,,,,,,,,,,,,,,,,0.0,0.0,0.0,,,,,,,,,,,,,,,,,,,,,,,,,,,,,,,,,,,,,,,,,,,,,,,,,,,,,,,,,,,,,,,,,,,,,,,,,,,,,,
Afghanistan,1941,AFG,6528377.0,,,,,,,,,,,,,,,,,,0.0,0.0,0.0,,,,,,,,,,,,,,,,,,,,,,,,,,0.0,0.0,0.0,,,,,,,,,,,,,,,,,,,,,,,,,,,,,,,,,,,,,,,,,,,,,,,,,,,,,,,,,,,,,,,,,,,,,,,,,,,,,,
Afghanistan,1942,AFG,6608815.0,,,,,,,,,,,,,,,,,,0.0,0.0,0.0,,,,,,,,,,,,,,,,,,,,,,,,,,0.0,0.0,0.0,,,,,,,,,,,,,,,,,,,,,,,,,,,,,,,,,,,,,,,,,,,,,,,,,,,,,,,,,,,,,,,,,,,,,,,,,,,,,,
Afghanistan,1943,AFG,6710138.0,,,,,,,,,,,,,,,,,,0.0,0.0,0.0,,,,,,,,,,,,,,,,,,,,,,,,,,0.0,0.0,0.0,,,,,,,,,,,,,,,,,,,,,,,,,,,,,,,,,,,,,,,,,,,,,,,,,,,,,,,,,,,,,,,,,,,,,,,,,,,,,,
Afghanistan,1944,AFG,6813016.0,,,,,,,,,,,,,,,,,,0.0,0.0,0.0,,,,,,,,,,,,,,,,,,,,,,,,,,0.0,0.0,0.0,,,,,,,,,,,,,,,,,,,,,,,,,,,,,,,,,,,,,,,,,,,,,,,,,,,,,,,,,,,,,,,,,,,,,,,,,,,,,,
Afghanistan,1945,AFG,6917471.0,,,,,,,,,,,,,,,,,,0.0,0.0,0.0,,,,,,,,,,,,,,,,,,,,,,,,,,0.0,0.0,0.0,,,,,,,,,,,,,,,,,,,,,,,,,,,,,,,,,,,,,,,,,,,,,,,,,,,,,,,,,,,,,,,,,,,,,,,,,,,,,,
Afghanistan,1946,AFG,7023527.0,,,,,,,,,,,,,,,,,,0.0,0.0,0.0,,,,,,,,,,,,,,,,,,,,,,,,,,0.0,0.0,0.0,,,,,,,,,,,,,,,,,,,,,,,,,,,,,,,,,,,,,,,,,,,,,,,,,,,,,,,,,,,,,,,,,,,,,,,,,,,,,,
Afghanistan,1947,AFG,7131209.0,,,,,,,,,,,,,,,,,,0.0,0.0,0.0,,,,,,,,,,,,,,,,,,,,,,,,,,0.0,0.0,0.0,,,,,,,,,,,,,,,,,,,,,,,,,,,,,,,,,,,,,,,,,,,,,,,,,,,,,,,,,,,,,,,,,,,,,,,,,,,,,,
Afghanistan,1948,AFG,7240542.0,,,,,,,,,,,,,,,,,,0.0,0.0,0.0,,,,,,,,,,,,,,,,,,,,,,,,,,0.0,0.0,0.0,,,,,,,,,,,,,,,,,,,,,,,,,,,,,,,,,,,,,,,,,,,,,,,,,,,,,,,,,,,,,,,,,,,,,,,,,,,,,,
Afghanistan,1949,AFG,7356890.0,,,,,,,,,,,,,,,,,,0.041,5.533,0.041,,,,,,,,,,,,,,,,,,,,,,,,,,0.0,0.0,0.0,,,,,,,,,,,,,,,,,,,,,,,,,,,,,,,,,,,,,,,,,,,,,,,,,,,,,,,,,,,,,,,,,,,,,,,,,,,,,,
Afghanistan,1950,AFG,7776180.0,9421400000.0,,,,,,,,,,,,,,,,180.0,0.073,14.657,0.114,,,,,,,,,,,,,,,,,,,,,,,,,,0.0,0.0,0.0,,,,,,,,,,,,,,,,,,,,,,,,,,,,,,,,,,,,,,,,,,,,,,,,,,,,,,,,,,,,,,,,,,,,,,,,,,,,,,
Afghanistan,1951,AFG,7879343.0,9692280000.0,,,,,,,,,,,,,,,,7.143,0.008,15.498,0.122,,,,,,,,,,,,,,,,,,,,,,,,,,0.0,0.0,0.0,,,,,,,,,,,,,,,,,,,,,,,,,,,,,,,,,,,,,,,,,,,,,,,,,,,,,,,,,,,,,,,,,,,,,,,,,,,,,,
Afghanistan,1952,AFG,7987784.0,10017325000.0,,,,,,,,,,,,,,,,13.333,0.016,17.326,0.138,,,,,,,,,,,,,,,,,,,,,,,,,,0.0,0.0,0.0,,,,,,,,,,,,,,,,,,,,,,,,,,,,,,,,,,,,,,,,,,,,,,,,,,,,,,,,,,,,,,,,,,,,,,,,,,,,,,
Afghanistan,1953,AFG,8096703.0,10630520000.0,,,,,,,,,,,,,,,,-5.882,-0.008,16.088,0.13,,,,,,,,,,,,,,,,,,,,,,,,,,0.0,0.0,0.0,,,,,,,,,,,,,,,,,,,,,,,,,,,,,,,,,,,,,,,,,,,,,,,,,,,,,,,,,,,,,,,,,,,,,,,,,,,,,,
Afghanistan,1954,AFG,8207954.0,10866360000.0,,,,,,,,,,,,,,,,-6.25,-0.008,14.878,0.122,,,,,,,,,,,,,,,,,,,,,,,,,,0.0,0.0,0.0,,,,,,,,,,,,,,,,,,,,,,,,,,,,,,,,,,,,,,,,,,,,,,,,,,,,,,,,,,,,,,,,,,,,,,,,,,,,,,
Afghanistan,1955,AFG,8326981.0,11078186000.0,,,,,,,,,,,,,,,,53.333,0.065,22.486,0.187,,,,,,,,,,,,,,,,,,,,,,,,,,0.0,0.0,0.0,,,,,,,,,,,,,,,,,,,,,,,,,,,,,,,,,,,,,,,,,,,,,,,,,,,,,,,,,,,,,,,,,,,,,,,,,,,,,,
Afghanistan,1956,AFG,8454303.0,11581236000.0,,,,,,,,,,,,,,,,0.0,0.0,22.148,0.187,,,,,,,,,,,,,,,,,,,,,,,,,,0.0,0.0,0.0,,,,,,,,,,,,,,,,,,,,,,,,,,,,,,,,,,,,,,,,,,,,,,,,,,,,,,,,,,,,,,,,,,,,,,,,,,,,,,
Afghanistan,1957,AFG,8588340.0,11578973000.0,,,,,,,,,,,,,,,,26.087,0.049,27.489,0.236,,,,,,,,,,,,,,,,,,,,,,,,,,0.0,0.0,0.0,,,,,,,,,,,,,,,,,,,,,,,,,,,,,,,,,,,,,,,,,,,,,,,,,,,,,,,,,,,,,,,,,,,,,,,,,,,,,,
Afghanistan,1958,AFG,8723412.0,12238842000.0,,,,,,,,,,,,,,,,17.241,0.041,31.73,0.277,,,,,,,,,,,,,,,,,,,,,,,,,,0.0,0.0,0.0,,,,,,,,,,,,,,,,,,,,,,,,,,,,,,,,,,,,,,,,,,,,,,,,,,,,,,,,,,,,,,,,,,,,,,,,,,,,,,
Afghanistan,1959,AFG,8869270.0,12579875000.0,,,,,,,,,,,,,,,,20.588,0.057,37.633,0.334,,,,,,,,,,,,,,,,,,,,,,,,,,0.0,0.0,0.0,,,,,,,,,,,,,,,,,,,,,,,,,,,,,,,,,,,,,,,,,,,,,,,,,,,,,,,,,,,,,,,,,,,,,,,,,,,,,,
Afghanistan,1960,AFG,9035048.0,13033254000.0,,,,,,,,,,,,,,,,17.073,0.057,43.25,0.391,,,,,,,,,,,,,,,,,,,,,,,,,,0.0,0.0,0.0,,,,,,,,,,,,,,,,,,,,,,,,,,,,,,,,,,,,,,,,,,,,,,,,,,,,,,,,,,,,,,,,,,,,,,,,,,,,,,
Afghanistan,1961,AFG,9214082.0,13146287000.0,,,,,,,,,,,,,,,,37.5,0.147,58.314,0.537,,,,,,,,,,,,,,,,,,,,,,,,,,0.0,0.0,0.0,,,,,,,,,,,,,,,,,,,,,,,,,,,,,,,,,,,,,,,,,,,,,,,,,,,,,,,,,,,,,,,,,,,,,,,,,,,,,,
Afghanistan,1962,AFG,9404410.0,13367634000.0,,,,,,,,,,,,,,,,69.697,0.374,96.954,0.912,,,,,,,,,,,,,,,,,,,,,,,,,,0.0,0.0,0.0,,,,,,,,,,,,,,,,,,,,,,,,,,,,,,,,,,,,,,,,,,,,,,,,,,,,,,,,,,,,,,,,,,,,,,,,,,,,,,
Afghanistan,1963,AFG,9604491.0,13630298000.0,,,,,,,,,,,,,,,,-11.607,-0.106,83.915,0.806,,,,,,,,,,,,,,,,,,,,,,,,,,0.0,0.0,0.0,,,,,,,,,,,,,,,,,,,,,,,,,,,,,,,,,,,,,,,,,,,,,,,,,,,,,,,,,,,,,,,,,,,,,,,,,,,,,,
Afghanistan,1964,AFG,9814317.0,13870504000.0,,,,,,,,,,,,,,,,14.141,0.114,93.734,0.92,,,,,,,,,,,,,,,,,,,,,,,,,,0.0,0.0,0.0,,,,,,,,,,,,,,,,,,,,,,,,,,,,,,,,,,,,,,,,,,,,,,,,,,,,,,,,,,,,,,,,,,,,,,,,,,,,,,
Afghanistan,1965,AFG,10036003.0,14187420000.0,,,,,,,,,,,,,,,,27.434,0.252,116.81,1.172,,,,,,,,,,,,,,,,,,,,,,,,,,0.0,0.0,0.0,,,,,,,,,,,,,,,,,,,,,,,,,,,,,,,,,,,,,,,,,,,,,,,,,,,,,,,,,,,,,,,,,,,,,,,,,,,,,,
Afghanistan,1966,AFG,10266397.0,14325264000.0,,,,,,,,,,,,,,,,12.5,0.147,128.462,1.319,,,,,,,,,,,,,,,,,,,,,,,,,,0.0,0.0,0.0,,,,,,,,,,,,,,,,,,,,,,,,,,,,,,,,,,,,,,,,,,,,,,,,,,,,,,,,,,,,,,,,,,,,,,,,,,,,,,
Afghanistan,1967,AFG,10505961.0,14734026000.0,,,,,,,,,,,,,,,,-6.79,-0.09,117.009,1.229,,,,,,,,,,,,,,,,,,,,,,,,,,4.119,392.043,4.119,,,,,,,,,,,,,,,,,,,,,,,,,,,,,,,,,,,,,,,,,,,,,,,,,,,,,,,,,,,,,,,,,,,,,,,,,,,,,,
Afghanistan,1968,AFG,10756924.0,15254250000.0,,,,,,,,,,,,,,,,-17.219,-0.212,94.602,1.018,,,,,,,,,,,,,,,,,,,,,,,,,391.52,16.126,1882.016,20.245,,,,,,,,,,,,,,,,,,,,,,,,,,,,,,,,,,,,,,,,,,,,,,,,,,,,,,,,,,,,,,,,,,,,,,,,,,,,,,
Afghanistan,1969,AFG,11017417.0,15493194000.0,,,,,,,,,,,,,,,,8.8,0.09,100.493,1.107,,,,,,,,,,,,,,,,,,,,,,,,,20.702,4.191,2217.921,24.436,,,,,,,,,,,,,,,,,,,,,,,,,,,,,,,,,,,,,,,,,,,,,,,,,,,,,,,,,,,,,,,,,,,,,,,,,,,,,,
Afghanistan,1970,AFG,11290134.0,15812232000.0,,,,,,,,,,,,,,,,20.588,0.228,118.256,1.335,,,,,,,,,,,,,,,,,,,,,,,,,27.304,6.672,2755.301,31.108,,,,,,,,,,,,,,,,,,,,,,,,,,,,,,,,,,,,,,,,,,,,,,,,,,,,,,,,,,,,,,,,,,,,,,,,,,,,,,
Afghanistan,1971,AFG,11567672.0,15770513000.0,,,,,,,,,,,,,,,,-17.683,-0.236,95.009,1.099,,,,,,,,,,,,,,,,,,,,,,,,,2.013,0.626,2743.333,31.734,,,,,,,,,,,,,,,,,,,,,,,,,,,,,,,,,,,,,,,,,,,,,,,,,,,,,,,,,,,,,,,,,,,,,,,,,,,,,,
Afghanistan,1972,AFG,11853698.0,13170553000.0,,,,,,,,,,,,,,,,-47.407,-0.521,48.762,0.578,,,,,,,,,,,,,,,,,,,,,,,,,9.829,3.119,2940.278,34.853,,,,,,,,,,,,,,,,,,,,,,,,,,,,,,,,,,,,,,,,,,,,,,,,,,,,,,,,,,,,,,,,,,,,,,,,,,,,,,
Afghanistan,1973,AFG,12158000.0,13568631000.0,,,,,,,,,,,,,,,,64.789,0.374,78.343,0.952,,,,,,,,,,,,,,,,,,,,,,,,,7.636,2.662,3085.601,37.515,,,,,,,,,,,,,,,,,,,,,,,,,,,,,,,,,,,,,,,,,,,,,,,,,,,,,,,,,,,,,,,,,,,,,,,,,,,,,,
Afghanistan,1974,AFG,12469127.0,14309108000.0,,,,,,,,,,,,,,,,-1.709,-0.016,75.083,0.936,,,,,,,,,,,,,,,,,,,,,,,,,2.729,1.024,3090.706,38.538,,,,,,,,,,,,,,,,,,,,,,,,,,,,,,,,,,,,,,,,,,,,,,,,,,,,,,,,,,,,,,,,,,,,,,,,,,,,,,
Afghanistan,1975,AFG,12773966.0,15177768000.0,,,,,,,,,,,,,,,,30.435,0.285,95.597,1.221,,,,,,,,,,,,,,,,,,,,,,,,,-7.531,-2.902,2789.736,35.636,,,,,,,,,,,,,,,,,,,,,,,,,,,,,,,,,,,,,,,,,,,,,,,,,,,,,,,,,,,,,,,,,,,,,,,,,,,,,,
Afghanistan,1976,AFG,13059861.0,16023605000.0,,,,,,,,,,,,,,,,6.667,0.081,99.738,1.303,,,,,,,,,,,,,,,,,,,,,,,,,-13.957,-4.974,2347.814,30.662,,,,,,,,,,,,,,,,,,,,,,,,,,,,,,,,,,,,,,,,,,,,,,,,,,,,,,,,,,,,,,,,,,,,,,,,,,,,,,
Afghanistan,1977,AFG,13340758.0,15207360000.0,,,,,,,,,,,,,,,,6.25,0.081,103.74,1.384,,,,,,,,,,,,,,,,,,,,,,,,,1.414,0.434,2330.878,31.096,,,,,,,,,,,,,,,,,,,,,,,,,,,,,,,,,,,,,,,,,,,,,,,,,,,,,,,,,,,,,,,,,,,,,,,,,,,,,,
Afghanistan,1978,AFG,13611444.0,16337830000.0,,,,,,,,,,,,,,,,28.235,0.391,130.386,1.775,,,,,,,,,,,,,,,,,,,,,,,,,-0.658,-0.205,2269.483,30.891,,,,,,,,,,,,,,,,,,,,,,,,,,,,,,,,,,,,,,,,,,,,,,,,,,,,,,,,,,,,,,,,,,,,,,,,,,,,,,
Afghanistan,1979,AFG,13655575.0,15913788000.0,,,,,,,,,,,,,,,,-39.45,-0.7,78.694,1.075,,,,,,,,,,,,,,,,,,,,,,,,,-6.433,-1.987,2116.631,28.904,,,,,,,,,,,,,,,,,,,,,,,,,,,,,,,,,,,,,,,,,,,,,,,,,,,,,,,,,,,,,,,,,,,,,,,,,,,,,,
Afghanistan,1980,AFG,13169313.0,15329836000.0,,,,,,,,,,,,,,,,-35.709,-0.384,52.461,0.691,,,,,,,,,481.209,0.413,,,,,,,,,,,,,,,-36.247,-10.477,1399.242,18.427,,,,,,,,,,,,,,,,,,,,,,,,,,,,,,,,,,,,,,0.0,0.0,,,,,,,,,,,,,,,6.337,,,,,,,,,,,,,,,,,,,,,,,,
Afghanistan,1981,AFG,11937586.0,15645344000.0,,,,,,,,,,,,,,,,5.042,0.035,60.792,0.726,,,,,,,15.028,0.952,610.639,0.466,,,,,,,,,,,,,,,31.667,5.835,2032.428,24.262,,,,,,,,,,,,,,,,,,,,,,,,,,,,,,,,,,,,,0.0,0.0,0.0,,,,,,,,,,,,,,,7.29,,,,,,,,,,,,,,,,,,,,,,,,
Afghanistan,1982,AFG,10991380.0,15980410000.0,,,,,,,,,,,,,,,,16.0,0.116,76.59,0.842,,,,,,,8.227,0.6,717.766,0.494,,,,,,,,,,,,,,,2.532,0.614,2263.275,24.877,,,,,,,,,,,,,,,,,,,,,,,,,,,,,,,,,,,,,0.0,0.0,0.0,,,,,,,,,,,,,,,7.889,,,,,,,,,,,,,,,,,,,,,,,,
Afghanistan,1983,AFG,10917985.0,16755333000.0,,,,,,,,,,,,,,,,0.0,0.0,77.105,0.842,,,,,,,25.261,1.993,905.127,0.59,,,,,,,,,,,,,,,4.938,1.228,2391.008,26.105,,,,,,,,,,,,,,,,,,,,,,,,,,,,,,,,,,,,,0.0,0.0,0.0,,,,,,,,,,,,,,,9.882,,,,,,,,,,,,,,,,,,,,,,,,
Afghanistan,1984,AFG,11190222.0,17072153000.0,,,,,,,,,,,,,,,,2.069,0.017,76.785,0.859,,,,,,,0.483,0.048,887.371,0.582,,,,,,,,,,,,,,,0.0,0.0,2332.839,26.105,,,,,,,,,,,,,,,,,,,,,,,,,,,,,,,,,,,,,0.0,0.0,0.0,,,,,,,,,,,,,,,9.93,,,,,,,,,,,,,,,,,,,,,,,,
Afghanistan,1985,AFG,11426855.0,17108480000.0,,,,,,,,,,,,,,,,2.027,0.017,76.719,0.877,,,,,,,-3.022,-0.3,842.731,0.563,,,,,,,,,,,,,,,23.529,6.142,2822.066,32.247,,,,,,,,,,,,,,,,,,,,,,,,,,,,,,,,,,,,,0.0,0.0,0.0,,,,,,,,,,,,,,,9.63,,,,,,,,,,,,,,,,,,,,,,,,
Afghanistan,1986,AFG,11420074.0,17641344000.0,,,,,,,,,,,,,,,,5.96,0.052,81.34,0.929,,,,,,,3.768,0.363,875.0,0.566,,,,,,,,,,,,,,,0.0,0.0,2823.742,32.247,,,,,,,,,,,,,,,,,,,,,,,,,,,,,,,,,,,,,0.0,0.0,0.0,,,,,,,,,,,,,,,9.993,,,,,,,,,,,,,,,,,,,,,,,,
Afghanistan,1987,AFG,11387822.0,15810816000.0,,,,,,,,,,,,,,,,4.375,0.041,85.139,0.97,,,,,,,69.427,6.938,1486.687,1.071,,,,,,,,,,,,,,,-5.714,-1.843,2669.926,30.405,,,,,,,,,,,,,,,,,,,,,,,,,,,,,,,,,,,,,0.0,0.0,0.0,,,,,,,,,,,,,,,16.93,,,,,,,,,,,,,,,,,,,,,,,,
Afghanistan,1988,AFG,11523299.0,14499069000.0,,,,,,,,,,,,,,,,-17.365,-0.168,69.528,0.801,,,,,,,83.628,14.158,2697.882,2.144,,,,,,,,,,,,,,,7.071,2.15,2825.099,32.554,,,,,,,,,,,,,,,,,,,,,,,,,,,,,,,,,,,,,0.0,0.0,0.0,,,,,,,,,,,,,,,31.089,,,,,,,,,,,,,,,,,,,,,,,,
Afghanistan,1989,AFG,11874089.0,13489497000.0,,,,,,,,,,,,,,,,-7.971,-0.064,62.095,0.737,,,,,,,-1.865,-0.58,2569.342,2.262,,,,,,,,,,,,,,,-1.887,-0.614,2689.909,31.94,,,,,,,,,,,,,,,,,,,,,,,,,,,,,,,,,,,,,0.0,0.0,0.0,,,,,,,,,,,,,,,30.509,,,,,,,,,,,,,,,,,,,,,,,,
Afghanistan,1990,AFG,12045664.0,13065984000.0,,,,,,,,,,,,,,,,-17.323,-0.128,50.607,0.61,,,,,,,-1.022,-0.312,2506.867,2.311,,,,,,,,,,,,,,,0.002,0.001,2651.658,31.941,,,,,,,,,,,,,,,,,,,,,,,,,,,,,,,,,,,,,0.0,0.0,0.0,,,,,,,,,,,,,,,30.197,,,,,,,,,,,,,,,,,,,,,,,,
Afghanistan,1991,AFG,12238879.0,12047361847.0,,,,,,,,,,,,,,,,-10.476,-0.064,44.59,0.546,,,,,,,-58.616,-17.7,1021.075,1.037,,,,,,,,,,,,,,,-89.423,-28.563,276.03,3.378,,,,,,,,,,,,,,,,,,,,,,,,,,,,,,,,,,,,,0.0,0.0,0.0,,,,,,,,,,,,,,,12.497,,,,,,,,,,,,,,,,,,,,,,,,
Afghanistan,1992,AFG,13278983.0,12677539626.0,,,,,,,,,,,,,,,,-91.489,-0.499,3.498,0.046,,,,,,,-34.326,-4.29,618.055,0.647,,,,,,,,,,,,,,,-3.686,-0.125,245.031,3.254,,,,,,,,,,,,,,,,,,,,,,,,,,,,,,,,,,,,,0.0,0.0,0.0,,,,,,,,,,,,,,,8.207,,,,,,,,,,,,,,,,,,,,,,,,
Afghanistan,1993,AFG,14943175.0,9834582315.0,,,,,,,,,,,,,,,,-12.5,-0.006,2.72,0.041,,,,,,,-0.631,-0.052,545.758,0.829,,,,,,,,,,,,,,,0.0,0.0,217.742,3.254,,,,,,,,,,,,,,,,,,,,,,,,,,,,,,,,,,,,,0.0,0.0,0.0,,,,,,,,,,,,,,,8.155,,,,,,,,,,,,,,,,,,,,,,,,
Afghanistan,1994,AFG,16250800.0,7919856426.0,,,,,,,,,,,,,,,,-14.286,-0.006,2.144,0.035,,,,,,,-3.487,-0.284,484.346,0.994,,,,,,,,,,,,,,,-0.042,-0.001,200.136,3.252,,,,,,,,,,,,,,,,,,,,,,,,,,,,,,,,,,,,,0.0,0.0,0.0,,,,,,,,,,,,,,,7.871,,,,,,,,,,,,,,,,,,,,,,,,
Afghanistan,1995,AFG,17065837.0,12307525468.0,,,,,,,,,,,,,,,,-16.634,-0.006,1.702,0.029,,,,,,,-16.202,-1.275,386.49,0.536,,,,,,,,,,,,,,,-33.333,-1.084,127.052,2.168,,,,,,,,,,,,,,,,,,,,,,,,,,,,,,,,,,,,,0.0,0.0,0.0,,,,,,,,,,,,,,,6.596,,,,,,,,,,,,,,,,,,,,,,,,
Afghanistan,1996,AFG,17763266.0,12070125316.0,,,,,,,,,,,,,,,,-40.0,-0.012,0.981,0.017,,,,,,,-0.651,-0.043,368.899,0.543,,,,,,,,,,,,,,,15.049,0.326,140.433,2.495,,,,,,,,,,,,,,,,,,,,,,,,,,,,,,,,,,,,,0.0,0.0,0.0,,,,,,,,,,,,,,,6.553,,,,,,,,,,,,,,,,,,,,,,,,
Afghanistan,1997,AFG,18452100.0,11850752863.0,,,,,,,,,,,,,,,,-33.333,-0.006,0.63,0.012,,,,,,,-3.917,-0.257,341.218,0.531,,,,,,,,,,,,,,,0.0,0.0,135.19,2.495,,,,,,,,,,,,,,,,,,,,,,,,,,,,,,,,,,,,,0.0,0.0,0.0,,,,,,,,,,,,,,,6.296,,,,,,,,,,,,,,,,,,,,,,,,
Afghanistan,1998,AFG,19159996.0,11692171422.0,,,,,,,,,,,,,,,,0.0,0.0,0.606,0.012,,,,,,,-2.232,-0.141,321.278,0.526,,,,,,,,,,,,,,,0.0,0.0,130.196,2.495,,,,,,,,,,,,,,,,,,,,,,,,,,,,,,,,,,,,,0.0,0.0,0.0,,,,,,,,,,,,,,,6.156,,,,,,,,,,,,,,,,,,,,,,,,
Afghanistan,1999,AFG,19887792.0,11517315926.0,,,,,,,,,,,,,,,,-50.0,-0.006,0.292,0.006,,,,,,,-0.099,-0.006,309.214,0.534,,,,,,,,,,,,,,,0.0,0.0,125.431,2.495,,,,,,,,,,,,,,,,,,,,,,,,,,,,,,,,,,,,,0.0,0.0,0.0,,,,,,,,,,,,,,,6.15,,,,,,,,,,,,,,,,,,,,,,,,
Afghanistan,2000,AFG,20130334.0,11283794151.0,,,,,0.0,0.0,0.0,,250.0,,,,,0.0,0.0,0.0,0.0,0.289,0.006,0.0,,0.57,28.315,0.48,,-14.013,-0.862,262.68,0.469,,,8.445,0.17,,,35.417,,,,,0.0,0.0,,0.0,0.0,123.92,2.495,0.0,,0.12,,,,15.4,0.31,,64.583,,,,,15.4,0.31,,64.583,,0.09,15.789,,,,0.0,0.0,,0.0,,,,,8.445,0.17,,,0.0,0.0,0.0,35.417,,,0.0,0.0,,,0.0,0.0,,0.0,0.0,,23.845,5.288,,,,15.4,0.31,,64.583,,,,,0.0,0.0,,0.0,,,,,0.0,0.0,,0.0,
Afghanistan,2001,AFG,20284303.0,11021272927.0,,,,,0.0,0.0,0.0,,217.39,,,,,1.972,0.04,2498.99,0.145,7.442,0.151,5.797,,0.78,38.453,0.69,,-30.993,-1.639,179.892,0.331,,,9.367,0.19,,,27.536,,,,,0.0,0.0,,-78.261,-1.952,26.735,0.542,0.0,,0.15,,,,24.65,0.5,,72.464,,,,,24.65,0.5,,72.464,,0.09,11.538,,,,0.0,0.0,,0.0,,,,,7.395,0.15,,,0.0,0.0,0.0,21.739,,,0.0,0.0,,,0.0,0.0,,0.0,0.0,,34.016,3.649,,,,24.65,0.5,,72.464,,,,,0.0,0.0,,0.0,,,,,0.0,0.0,,0.0,
Afghanistan,2002,AFG,21378123.0,18804871508.0,,,,,0.0,0.0,0.0,,169.01,,,,,1.871,0.04,-19.231,-0.029,5.703,0.122,5.634,,0.81,37.889,0.71,,-8.783,-0.321,155.695,0.177,,,7.017,0.15,,,21.127,,,,,0.0,0.0,,0.0,0.0,25.367,0.542,0.0,,0.12,,,,26.195,0.56,,78.873,,,,,26.195,0.56,,78.873,,0.1,12.346,,,,0.0,0.0,,0.0,,,,,5.145,0.11,,,0.0,0.0,0.0,15.493,,,0.0,0.0,,,0.0,0.0,,0.0,0.0,,33.212,3.328,,,,26.195,0.56,,78.873,,,,,0.0,0.0,,0.0,,,,,0.0,0.0,,0.0,
Afghanistan,2003,AFG,22733053.0,21074343420.0,,,,,0.0,0.0,0.0,,241.76,,,,,3.959,0.09,66.666,0.081,8.939,0.203,9.89,,1.01,44.429,0.91,,19.221,0.64,174.558,0.188,,,12.317,0.28,,,30.769,,,,,0.0,0.0,,-60.0,-0.325,9.542,0.217,0.0,,0.22,,,,27.713,0.63,,69.231,,,,,27.713,0.63,,69.231,,0.1,9.901,,,,0.0,0.0,,0.0,,,,,8.358,0.19,,,0.0,0.0,0.0,20.879,,,0.0,0.0,,,0.0,0.0,,0.0,0.0,,40.03,3.968,,,,27.713,0.63,,69.231,,,,,0.0,0.0,,0.0,,,,,0.0,0.0,,0.0,
Afghanistan,2004,AFG,23560656.0,22332570533.0,,,,,0.0,0.0,0.0,,227.85,,,,,2.547,0.06,-2.857,-0.006,8.378,0.197,7.595,,0.89,37.775,0.79,,-6.334,-0.251,157.758,0.166,,,9.762,0.23,,,29.114,,,,,0.0,0.0,,0.0,0.0,9.207,0.217,0.0,,0.18,,,,23.768,0.56,,70.886,,,,,23.768,0.56,,70.886,,0.1,11.236,,,,0.0,0.0,,0.0,,,,,7.215,0.17,,,0.0,0.0,0.0,21.519,,,0.0,0.0,,,0.0,0.0,,0.0,0.0,,33.53,3.717,,,,23.768,0.56,,70.886,,,,,0.0,0.0,,0.0,,,,,0.0,0.0,,0.0,
Afghanistan,2005,AFG,24404575.0,25397686814.0,,,,,0.0,0.0,0.0,,219.51,,,,,2.459,0.06,-2.941,-0.006,7.85,0.192,7.317,,0.92,37.698,0.82,,34.908,1.297,205.468,0.197,,,9.424,0.23,,,28.049,,,,,0.0,0.0,,0.0,0.0,8.888,0.217,0.0,,0.18,,,,24.176,0.59,,71.951,,,,,24.176,0.59,,71.951,,0.1,10.87,,,,0.0,0.0,,0.0,,,,,6.966,0.17,,,0.0,0.0,0.0,20.732,,,0.0,0.0,,,0.0,0.0,,0.0,0.0,,33.6,5.014,,,,24.176,0.59,,71.951,,,,,0.0,0.0,,0.0,,,,,0.0,0.0,,0.0,
Afghanistan,2006,AFG,25424100.0,28704399925.0,,,,,0.0,0.0,0.0,,255.56,,,,,5.9,0.15,6.061,0.012,7.992,0.203,16.667,,1.33,52.313,0.9,,30.238,1.516,256.867,0.228,,,10.227,0.26,,,28.889,,,,,0.0,0.0,,0.0,0.0,8.532,0.217,0.0,,0.23,,,,25.173,0.64,,71.111,,,,,25.173,0.64,,71.111,,0.43,32.331,,,,0.0,0.0,,0.0,,,,,4.327,0.11,,,0.0,0.0,0.0,12.222,,,0.0,0.0,,,0.0,0.0,,0.0,0.0,,35.399,6.531,,,,25.173,0.64,,71.111,,,,,0.0,0.0,,0.0,,,,,0.0,0.0,,0.0,
Afghanistan,2007,AFG,25909852.0,34507529735.0,,,,,0.0,0.0,0.0,,227.72,,,,,5.789,0.15,594.286,1.208,54.45,1.411,14.851,,1.62,62.524,1.01,,18.798,1.228,299.434,0.225,,,10.035,0.26,,,25.743,,,,,0.0,0.0,,100.0,0.217,16.744,0.434,0.0,,0.23,,,,28.947,0.75,,74.257,,,,,28.947,0.75,,74.257,,0.61,37.654,,,,0.0,0.0,,0.0,,,,,4.245,0.11,,,0.0,0.0,0.0,10.891,,,0.0,0.0,,,0.0,0.0,,0.0,0.0,,38.981,7.758,,,,28.947,0.75,,74.257,,,,,0.0,0.0,,0.0,,,,,0.0,0.0,,0.0,
Afghanistan,2008,AFG,26482631.0,36561043230.0,,,,,0.0,0.0,0.0,,256.41,,,,,4.909,0.13,42.798,0.604,76.072,2.015,16.667,,1.53,57.774,0.78,,93.858,7.282,567.922,0.411,,,9.063,0.24,,,30.769,,,,,0.0,0.0,,25.0,0.108,20.477,0.542,0.0,,0.2,,,,20.391,0.54,,69.231,,,,,20.391,0.54,,69.231,,0.75,49.02,,,,0.0,0.0,,0.0,,,,,4.154,0.11,,,0.0,0.0,0.0,14.103,,,0.0,0.0,,,0.0,0.0,,0.0,0.0,,29.453,15.04,,,,20.391,0.54,,69.231,,,,,0.0,0.0,,0.0,,,,,0.0,0.0,,0.0,
Afghanistan,2009,AFG,27466102.0,44358722212.0,,,,,0.0,0.0,0.0,,112.36,,,,,2.185,0.06,44.092,0.888,105.688,2.903,6.742,,2.04,74.273,0.89,,67.939,10.218,919.612,0.569,,,4.005,0.11,,,12.36,,,,,0.0,0.0,,-40.0,-0.217,11.846,0.325,0.0,,0.1,,,,28.399,0.78,,87.64,,,,,28.399,0.78,,87.64,,1.15,56.373,,,,0.0,0.0,,0.0,,,,,1.82,0.05,,,0.0,0.0,0.0,5.618,,,0.0,0.0,,,0.0,0.0,,0.0,0.0,,32.404,25.258,,,,28.399,0.78,,87.64,,,,,0.0,0.0,,0.0,,,,,0.0,0.0,,0.0,
Afghanistan,2010,AFG,28284088.0,47399425562.0,,,,,0.0,0.0,0.0,,136.36,,,,,2.121,0.06,45.0,1.306,148.816,4.209,6.818,,2.75,97.228,0.88,,27.656,6.985,1139.987,0.68,,,4.596,0.13,,,14.773,,,,,0.0,0.0,,372.996,1.214,54.413,1.539,0.0,,0.12,,,,26.517,0.75,,85.227,,,,,26.517,0.75,,85.227,,1.87,68.0,,,,0.0,0.0,,0.0,,,,,2.475,0.07,,,0.0,0.0,0.0,7.955,,,0.0,0.0,,,0.0,0.0,,0.0,0.0,,31.113,32.244,,,,26.517,0.75,,85.227,,,,,0.0,0.0,,0.0,,,,,0.0,0.0,,0.0,
Afghanistan,2011,AFG,29347708.0,53326336000.0,,,,,0.0,0.0,0.0,,194.81,,,,,3.407,0.1,104.138,4.383,292.78,8.592,12.987,,3.5,119.26,0.77,,28.371,9.148,1410.376,0.776,,,5.793,0.17,,,22.078,,,,,0.0,0.0,,13.742,0.211,59.647,1.751,0.0,,0.15,,,,20.445,0.6,,77.922,,,,,20.445,0.6,,77.922,,2.73,78.0,,,,0.0,0.0,,0.0,,,,,2.385,0.07,,,0.0,0.0,0.0,9.091,,,0.0,0.0,,,0.0,0.0,,0.0,0.0,,26.237,41.391,,,,20.445,0.6,,77.922,,,,,0.0,0.0,,0.0,,,,,0.0,0.0,,0.0,
Afghanistan,2012,AFG,30560036.0,59166900000.0,,,,,0.0,0.0,0.0,,147.73,,,,,2.291,0.07,-16.216,-1.393,235.571,7.199,7.955,,3.95,129.254,0.88,,-5.726,-2.37,1276.868,0.66,,,4.581,0.14,,,15.909,,,,,0.0,0.0,,-0.682,-0.012,56.891,1.739,0.0,,0.13,,,,23.233,0.71,,80.682,,,,,24.215,0.74,,84.091,,3.07,77.722,,,,0.0,0.0,,0.0,,,,,2.291,0.07,,,0.0,0.0,0.0,7.955,,,0.0,0.0,,,0.0,0.0,,0.0,0.0,,28.796,39.021,,,,24.215,0.74,,84.091,,,,,0.982,0.03,,3.409,,,,,0.0,0.0,,0.0,
Afghanistan,2013,AFG,31622709.0,62993700000.0,,,,,0.0,0.0,0.0,,180.18,,,,,3.795,0.12,8.629,0.621,247.299,7.82,10.811,,4.73,149.576,1.11,,-18.328,-7.152,1007.797,0.506,,,6.957,0.22,,,19.82,,,,,0.0,0.0,,-3.618,-0.063,52.989,1.676,0.0,,0.2,,,,27.196,0.86,,77.477,,,,,28.144,0.89,,80.18,,3.62,76.533,,,,0.0,0.0,,0.0,,,,,3.162,0.1,,,0.0,0.0,0.0,9.009,,,0.0,0.0,,,0.0,0.0,,0.0,0.0,,35.101,31.869,,,,28.144,0.89,,80.18,,,,,0.949,0.03,,2.703,,,,,0.0,0.0,,0.0,
Afghanistan,2014,AFG,32792528.0,64346106000.0,,,,,0.0,0.0,0.0,,129.31,,,,,3.354,0.11,12.65,0.989,268.645,8.81,9.483,,4.87,148.509,1.16,,-16.439,-5.239,812.082,0.414,,,4.879,0.16,,,13.793,,,,,0.0,0.0,,-8.155,-0.137,46.932,1.539,0.0,,0.15,,,,29.58,0.97,,83.621,,,,,30.495,1.0,,86.207,,3.71,76.181,,,,0.0,0.0,,0.0,,,,,1.525,0.05,,,0.0,0.0,0.0,4.31,,,0.0,0.0,,,0.0,0.0,,0.0,0.0,,35.374,26.63,,,,30.495,1.0,,86.207,,,,,0.915,0.03,,2.586,,,,,0.0,0.0,,0.0,
Afghanistan,2015,AFG,33831767.0,62783392000.0,,,,,0.0,0.0,0.0,,118.64,,,,,2.956,0.1,-10.043,-0.885,234.241,7.925,8.475,,4.96,146.608,1.18,,16.235,4.323,914.925,0.493,,,4.434,0.15,,,12.712,,,,,0.0,0.0,,3.03,0.047,46.869,1.586,0.0,,0.14,,,,29.558,1.0,,84.746,,,,,30.445,1.03,,87.288,,3.78,76.21,,,,0.0,0.0,,0.0,,,,,1.478,0.05,,,0.0,0.0,0.0,4.237,,,0.0,0.0,,,0.0,0.0,,0.0,0.0,,34.878,30.954,,,,30.445,1.03,,87.288,,,,,0.887,0.03,,2.542,,,,,0.0,0.0,,0.0,
Afghanistan,2016,AFG,34700613.0,64372217488.0,,,,,0.0,0.0,0.0,,115.7,,,,,2.594,0.09,24.396,1.933,284.089,9.858,7.438,,5.54,159.651,1.21,,-9.298,-2.878,809.074,0.436,,,4.323,0.15,,,12.397,,,,,0.0,0.0,,13.064,0.207,51.665,1.793,0.0,,0.14,,,,29.394,1.02,,84.298,,,,,30.547,1.06,,87.603,,4.33,78.159,,,,0.0,0.0,,0.0,,,,,1.729,0.06,,,0.0,0.0,0.0,4.959,,,0.0,0.0,,,0.0,0.0,,0.0,0.0,,34.87,28.075,,,,30.547,1.06,,87.603,,,,,1.153,0.04,,3.306,,,,,0.0,0.0,,0.0,
Afghanistan,2017,AFG,35688941.0,65169281649.0,,,,,0.0,0.0,0.0,,126.98,,,,,3.082,0.11,,,,,8.73,,5.87,164.477,1.26,,30.069,8.442,1023.214,0.56,,,4.763,0.17,,,13.492,,,,,0.0,0.0,,,,,,0.0,,0.16,,,,29.421,1.05,,83.333,,,,,30.542,1.09,,86.508,,4.61,78.535,,,,0.0,0.0,,0.0,,,,,1.681,0.06,,,,,,4.762,,,0.0,0.0,,,0.0,0.0,,0.0,0.0,,35.305,36.517,,,,30.542,1.09,,86.508,,,,,1.121,0.04,,3.175,,,,,0.0,0.0,,0.0,
Afghanistan,2018,AFG,36743040.0,65996738862.0,,,,,0.0,0.0,0.0,,153.85,,,,,3.266,0.12,,,,,10.256,,6.16,167.651,1.17,,27.316,9.975,1265.342,0.704,,,5.443,0.2,,,17.094,,,,,0.0,0.0,,,,,,0.0,,0.18,,,,25.311,0.93,,79.487,,,,,26.4,0.97,,82.906,,4.99,81.006,,,,0.0,0.0,,0.0,,,,,2.177,0.08,,,,,,6.838,,,0.0,0.0,,,0.0,0.0,,0.0,0.0,,31.843,46.493,,,,26.4,0.97,,82.906,,,,,1.089,0.04,,3.419,,,,,0.0,0.0,,0.0,
Afghanistan,2019,AFG,37856125.0,73085701943.0,,,,,0.0,0.0,0.0,,116.44,,,,,2.113,0.08,,,,,5.479,,6.37,168.269,1.46,,1.331,0.619,1244.489,0.645,,,4.755,0.18,,,12.329,,,,,0.0,0.0,,,,,,0.0,,0.17,,,,32.227,1.22,,83.562,,,,,33.812,1.28,,87.671,,4.91,77.08,,,,0.0,0.0,,0.0,,,,,2.642,0.1,,,,,,6.849,,,0.0,0.0,,,0.0,0.0,,0.0,0.0,,38.567,47.112,,,,33.812,1.28,,87.671,,,,,1.585,0.06,,4.11,,,,,0.0,0.0,,0.0,
Afghanistan,2020,AFG,39068977.0,71417706295.0,,,,,0.0,0.0,0.0,,93.22,,,,,0.512,0.02,,,,,1.695,,6.33,162.021,1.18,,-0.424,-0.2,1200.742,0.657,,,3.071,0.12,,,10.169,,,,,0.0,0.0,,,,,,0.0,,0.11,,,,25.34,0.99,,83.898,,,,,27.132,1.06,,89.831,,5.15,81.359,,,,0.0,0.0,,0.0,,,,,2.56,0.1,,,,,,8.475,,,0.0,0.0,,,0.0,0.0,,0.0,0.0,,30.203,46.912,,,,27.132,1.06,,89.831,,,,,1.792,0.07,,5.932,,,,,0.0,0.0,,0.0,
Afghanistan,2021,AFG,40000410.0,56638852656.0,,,,,0.0,0.0,0.0,,113.21,,,,,0.75,0.03,,,,,2.83,,6.76,168.998,1.06,,1.402,0.658,1189.22,0.84,,,3.25,0.13,,,12.264,,,,,0.0,0.0,,,,,,0.0,,0.12,,,,21.25,0.85,,80.189,,,,,23.25,0.93,,87.736,,5.7,84.32,,,,0.0,0.0,,0.0,,,,,2.5,0.1,,,,,,9.434,,,0.0,0.0,,,0.0,0.0,,0.0,0.0,,26.5,47.569,,,,23.25,0.93,,87.736,,,,,2.0,0.08,,7.547,,,,,0.0,0.0,,0.0,
Afghanistan,2022,AFG,40578847.0,53303471617.0,,,,,0.0,0.0,0.0,,125.0,,,,,0.739,0.03,,,,,3.125,,6.84,168.561,0.96,,-5.178,-2.463,1111.573,0.846,,,3.204,0.13,,,13.542,,,,,0.0,0.0,,,,,,0.0,,0.12,,,,18.236,0.74,,77.083,,,,,20.454,0.83,,86.458,,5.88,85.965,,,,0.0,0.0,,0.0,,,,,2.464,0.1,,,,,,10.417,,,0.0,0.0,,,0.0,0.0,,0.0,0.0,,23.658,45.106,,,,20.454,0.83,,86.458,,,,,2.218,0.09,,9.375,,,,,0.0,0.0,,0.0,
Afghanistan,2023,AFG,41454762.0,,,,,,0.0,0.0,0.0,,123.71,,,,,0.724,0.03,,,,,3.093,,7.19,173.442,0.97,,-8.971,-4.047,990.47,,,,3.136,0.13,,,13.402,,,,,0.0,0.0,,,,,,0.0,,0.12,,,,18.092,0.75,,77.32,,,,,20.263,0.84,,86.598,,6.22,86.509,,,,0.0,0.0,,0.0,,,,,2.412,0.1,,,,,,10.309,,,0.0,0.0,,,0.0,0.0,,0.0,0.0,,23.399,41.06,,,,20.263,0.84,,86.598,,,,,2.171,0.09,,9.278,,,,,0.0,0.0,,0.0,
Afghanistan,2024,AFG,42647502.0,,,,,,0.0,0.0,0.0,,131.31,,,,,0.703,0.03,,,,,3.03,,6.82,159.916,0.99,,,,,,,,3.048,0.13,,,13.131,,,,,0.0,0.0,,,,,,0.0,,0.13,,,,17.586,0.75,,75.758,,,,,20.165,0.86,,86.869,,5.83,85.484,,,,0.0,0.0,,0.0,,,,,2.345,0.1,,,,,,10.101,,,0.0,0.0,,,0.0,0.0,,0.0,0.0,,23.214,,,,,20.165,0.86,,86.869,,,,,2.579,0.11,,11.111,,,,,0.0,0.0,,0.0,
Africa,1900,,138755559.0,,,,,,,,,,,,,,,,,,,48.143,6.68,,,,,,,,,,,,,,,,,,,,,,,,,,,0.0,0.0,,,,,,,,,,,,,,,,,,,,,,,,,,,,,,,,,,,,,,0.0,0.0,,,,,,,,,,,,,,,,,,,,,,,,,,,,,,,,,,,,,,,
Africa,1901,,139195205.0,,,,,,,,,,,,,,,,,67.81,4.53,80.533,11.21,,,,,,,,,,,,,,,,,,,,,,,,,,0.0,0.0,0.0,,,,,,,,,,,,,,,,,,,,,,,,,,,,,,,,,,,,,0.0,0.0,0.0,,,,,,,,,,,,,,,,,,,,,,,,,,,,,,,,,,,,,,,
Africa,1902,,139666271.0,,,,,,,,,,,,,,,,,49.068,5.5,119.645,16.71,,,,,,,,,,,,,,,,,,,,,,,,,,0.0,0.0,0.0,,,,,,,,,,,,,,,,,,,,,,,,,,,,,,,,,,,,,0.0,0.0,0.0,,,,,,,,,,,,,,,,,,,,,,,,,,,,,,,,,,,,,,,
Africa,1903,,140170120.0,,,,,,,,,,,,,,,,,35.697,5.965,161.771,22.675,,,,,,,,,,,,,,,,,,,,,,,,,,0.0,0.0,0.0,,,,,,,,,,,,,,,,,,,,,,,,,,,,,,,,,,,,,0.0,0.0,0.0,,,,,,,,,,,,,,,,,,,,,,,,,,,,,,,,,,,,,,,
Africa,1904,,140688001.0,,,,,,,,,,,,,,,,,12.88,2.921,181.935,25.596,,,,,,,,,,,,,,,,,,,,,,,,,,0.0,0.0,0.0,,,,,,,,,,,,,,,,,,,,,,,,,,,,,,,,,,,,,0.0,0.0,0.0,,,,,,,,,,,,,,,,,,,,,,,,,,,,,,,,,,,,,,,
Africa,1905,,141220048.0,,,,,,,,,,,,,,,,,15.171,3.883,208.746,29.479,,,,,,,,,,,,,,,,,,,,,,,,,,0.0,0.0,0.0,,,,,,,,,,,,,,,,,,,,,,,,,,,,,,,,,,,,,0.0,0.0,0.0,,,,,,,,,,,,,,,,,,,,,,,,,,,,,,,,,,,,,,,
Africa,1906,,141766391.0,,,,,,,,,,,,,,,,,14.187,4.182,237.443,33.662,,,,,,,,,,,,,,,,,,,,,,,,,,0.0,0.0,0.0,,,,,,,,,,,,,,,,,,,,,,,,,,,,,,,,,,,,,0.0,0.0,0.0,,,,,,,,,,,,,,,,,,,,,,,,,,,,,,,,,,,,,,,
Africa,1907,,142327180.0,,,,,,,,,,,,,,,,,10.355,3.485,260.997,37.147,,,,,,,,,,,,,,,,,,,,,,,,,,0.0,0.0,0.0,,,,,,,,,,,,,,,,,,,,,,,,,,,,,,,,,,,,,0.0,0.0,0.0,,,,,,,,,,,,,,,,,,,,,,,,,,,,,,,,,,,,,,,
Africa,1908,,142902543.0,,,,,,,,,,,,,,,,,3.723,1.383,269.623,38.53,,,,,,,,,,,,,,,,,,,,,,,,,,0.0,0.0,0.0,,,,,,,,,,,,,,,,,,,,,,,,,,,,,,,,,,,,,0.0,0.0,0.0,,,,,,,,,,,,,,,,,,,,,,,,,,,,,,,,,,,,,,,
Africa,1909,,143483346.0,,,,,,,,,,,,,,,,,14.77,5.691,308.194,44.221,,,,,,,,,,,,,,,,,,,,,,,,,,0.0,0.0,0.0,,,,,,,,,,,,,,,,,,,,,,,,,,,,,,,,,,,,,0.0,0.0,0.0,,,,,,,,,,,,,,,,,,,,,,,,,,,,,,,,,,,,,,,
Africa,1910,,144068383.0,,,,,,,,,,,,,,,,,13.15,5.815,347.305,50.036,,,,,,,,,,,,,,,,,,,,,,,,,,0.0,0.0,0.0,,,,,,,,,,,,,,,,,,,,,,,,,,,,,,,,,,,,,0.0,0.0,0.0,,,,,,,,,,,,,,,,,,,,,,,,,,,,,,,,,,,,,,,
Africa,1911,,144655670.0,,,,,,,,,,,,,,,,,-3.163,-1.583,334.955,48.453,,,,,,,,,,,,,,,,,,,,,,,,,,0.0,0.0,0.0,,,,,,,,,,,,,,,,,,,,,,,,,,,,,,,,,,,,,0.035,0.241,0.035,,,,,,,,,,,,,,,,,,,,,,,,,,,,,,,,,,,,,,,
Africa,1912,,145245400.0,,,,,,,,,,,,,,,,,6.005,2.909,353.626,51.363,,,,,,,,,,,,,,,,,,,,,,,,,,0.0,0.0,0.0,,,,,,,,,,,,,,,,,,,,,,,,,,,,,,,,,,,,833.333,0.291,2.242,0.326,,,,,,,,,,,,,,,,,,,,,,,,,,,,,,,,,,,,,,,
Africa,1913,,145835662.0,,,,,,,,,,,,,,,,,9.501,4.88,385.659,56.243,,,,,,,,,,,,,,,,,,,,,,,,,,0.0,0.0,0.0,,,,,,,,,,,,,,,,,,,,,,,,,,,,,,,,,,,,-53.571,-0.174,1.037,0.151,,,,,,,,,,,,,,,,,,,,,,,,,,,,,,,,,,,,,,,
Africa,1914,,146434524.0,,,,,,,,,,,,,,,,,-1.556,-0.875,378.104,55.367,,,,,,,,,,,,,,,,,,,,,,,,,,0.0,0.0,0.0,,,,,,,,,,,,,,,,,,,,,,,,,,,,,,,,,,,,669.231,1.012,7.942,1.163,,,,,,,,,,,,,,,,,,,,,,,,,,,,,,,,,,,,,,,
Africa,1915,,147042086.0,,,,,,,,,,,,,,,,,1.472,0.815,382.083,56.182,,,,,,,,,,,,,,,,,,,,,,,,,,0.0,0.0,0.0,,,,,,,,,,,,,,,,,,,,,,,,,,,,,,,,,,,,-70.0,-0.814,2.373,0.349,,,,,,,,,,,,,,,,,,,,,,,,,,,,,,,,,,,,,,,
Africa,1916,,147658424.0,,,,,,,,,,,,,,,,,18.252,10.254,449.934,66.437,,,,,,,,,,,,,,,,,,,,,,,,,,0.0,0.0,0.0,,,,,,,,,,,,,,,,,,,,,,,,,,,,,,,,,,,,96.667,0.337,4.647,0.686,,,,,,,,,,,,,,,,,,,,,,,,,,,,,,,,,,,,,,,
Africa,1917,,148283643.0,,,,,,,,,,,,,,,,,8.094,5.377,484.299,71.814,,,,,,,,,,,,,,,,,,,,,,,,,,0.0,0.0,0.0,,,,,,,,,,,,,,,,,,,,,,,,,,,,,,,,,,,,133.898,0.919,10.823,1.605,,,,,,,,,,,,,,,,,,,,,,,,,,,,,,,,,,,,,,,
Africa,1918,,148892208.0,,,,,,,,,,,,,,,,,-4.225,-3.034,461.939,68.779,,,,,,,,,,,,,,,,,,,,,,,,,,0.0,0.0,0.0,,,,,,,,,,,,,,,,,,,,,,,,,,,,,,,,,,,,105.072,1.686,22.105,3.291,,,,,,,,,,,,,,,,,,,,,,,,,,,,,,,,,,,,,,,
Africa,1919,,149751440.0,,,,,,,,,,,,,,,,,3.719,2.558,476.37,71.337,,,,,,,,,,,,,,,,,,,,,,,,,,0.0,0.0,0.0,,,,,,,,,,,,,,,,,,,,,,,,,,,,,,,,,,,,-20.495,-0.675,17.474,2.617,,,,,,,,,,,,,,,,,,,,,,,,,,,,,,,,,,,,,,,
Africa,1920,,150865200.0,,,,,,,,,,,,,,,,,11.518,8.216,527.315,79.553,,,,,,,,,,,,,,,,,,,,,,,,,,0.0,0.0,0.0,,,,,,,,,,,,,,,,,,,,,,,,,,,,,,,,,,,,-33.778,-0.884,11.486,1.733,,,,,,,,,,,,,,,,,,,,,,,,,,,,,,,,,,,,,,,
Africa,1921,,152239781.0,,,,,,,,,,,,,,,,,-0.596,-0.474,519.437,79.079,,,,,,,,,,,,,,,,,,,,,,,,,,0.0,0.0,0.0,,,,,,,,,,,,,,,,,,,,,,,,,,,,,,,,,,,,22.819,0.395,13.98,2.128,,,,,,,,,,,,,,,,,,,,,,,,,,,,,,,,,,,,,,,
Africa,1922,,153876862.0,,,,,,,,,,,,,,,,,-14.562,-11.515,439.078,67.564,,,,,,,,,,,,,,,,,,,,,,,,,,0.0,0.0,0.0,,,,,,,,,,,,,,,,,,,,,,,,,,,,,,,,,,,,-4.918,-0.105,13.151,2.024,,,,,,,,,,,,,,,,,,,,,,,,,,,,,,,,,,,,,,,
Africa,1923,,155780482.0,,,,,,,,,,,,,,,,,21.95,14.83,528.911,82.394,,,,,,,,,,,,,,,,,,,,,,,,,,0.0,0.0,0.0,,,,,,,,,,,,,,,,,,,,,,,,,,,,,,,,,,,,-11.494,-0.233,11.497,1.791,,,,,,,,,,,,,,,,,,,,,,,,,,,,,,,,,,,,,,,
Africa,1924,,157712366.0,,,,,,,,,,,,,,,,,5.455,4.495,550.931,86.889,,,,,,,,,,,,,,,,,,,,,,,,,,0.0,0.0,0.0,,,,,,,,,,,,,,,,,,,,,,,,,,,,,,,,,,,,7.143,0.128,12.167,1.919,,,,,,,,,,,,,,,,,,,,,,,,,,,,,,,,,,,,,,,
Africa,1925,,159672951.0,,,,,,,,,,,,,,,,,5.02,4.362,571.485,91.251,,,,,,,,,,,,,,,,,,,,,,,,,,0.0,0.0,0.0,,,,,,,,,,,,,,,,,,,,,,,,,,,,,,,,,,,,10.303,0.198,13.256,2.117,,,,,,,,,,,,,,,,,,,,,,,,,,,,,,,,,,,,,,,
Africa,1926,,161662674.0,,,,,,,,,,,,,,,,,7.341,6.699,605.887,97.949,,,,,,,,,,,,,,,,,,,,,,,,,,0.0,0.0,0.0,,,,,,,,,,,,,,,,,,,,,,,,,,,,,,,,,,,,-4.396,-0.093,12.518,2.024,,,,,,,,,,,,,,,,,,,,,,,,,,,,,,,,,,,,,,,
Africa,1927,,163681990.0,,,,,,,,,,,,,,,,,-1.815,-1.778,587.551,96.172,,,,,,,,,,,,,,,,,,,,,,,,,,0.0,0.0,0.0,,,,,,,,,,,,,,,,,,,,,,,,,,,,,,,,,,,,6.897,0.14,13.216,2.163,,,,,,,,,,,,,,,,,,,,,,,,,,,,,,,,,,,,,,,
Africa,1928,,165731367.0,,,,,,,,,,,,,,,,,1.74,1.673,590.382,97.845,,,,,,,,,,,,,,,,,,,,,,,,,,0.0,0.0,0.0,,,,,,,,,,,,,,,,,,,,,,,,,,,,,,,,,,,,44.624,0.965,18.877,3.128,,,,,,,,,,,,,,,,,,,,,,,,,,,,,,,,,,,,,,,
Africa,1929,,167813287.0,,,,,,,,,,,,,,,,,2.231,2.183,596.065,100.028,,,,,,,,,,,,,,,,,,,,,,,,,,0.0,0.0,0.0,,,,,,,,,,,,,,,,,,,,,,,,,,,,,,,,,,,,2.23,0.07,19.058,3.198,,,,,,,,,,,,,,,,,,,,,,,,,,,,,,,,,,,,,,,
Africa,1930,,169928217.0,,,,,,,,,,,,,,,,,-5.87,-5.872,554.092,94.156,,,,,,,,,,,,,,,,,,,,,,,,,,0.0,0.0,0.0,,,,,,,,,,,,,,,,,,,,,,,,,,,,,,,,,,,,4.364,0.14,19.642,3.338,,,,,,,,,,,,,,,,,,,,,,,,,,,,,,,,,,,,,,,
Africa,1931,,172076932.0,,,,,,,,,,,,,,,,,-13.17,-12.4,475.112,81.756,,,,,,,,,,,,,,,,,,,,,,,,,,0.0,0.0,0.0,,,,,,,,,,,,,,,,,,,,,,,,,,,,,,,,,,,,1.045,0.035,19.6,3.373,,,,,,,,,,,,,,,,,,,,,,,,,,,,,,,,,,,,,,,
Africa,1932,,174259628.0,,,,,,,,,,,,,,,,,-10.534,-8.612,419.739,73.144,,,,,,,,,,,,,,,,,,,,,,,,,,0.0,0.0,0.0,,,,,,,,,,,,,,,,,,,,,,,,,,,,,,,,,,,,-6.207,-0.209,18.153,3.163,,,,,,,,,,,,,,,,,,,,,,,,,,,,,,,,,,,,,,,
Africa,1933,,176476818.0,,,,,,,,,,,,,,,,,7.618,5.572,446.039,78.715,,,,,,,,,,,,,,,,,,,,,,,,,,0.0,0.0,0.0,,,,,,,,,,,,,,,,,,,,,,,,,,,,,,,,,,,,-11.765,-0.372,15.816,2.791,,,,,,,,,,,,,,,,,,,,,,,,,,,,,,,,,,,,,,,
Africa,1934,,178726971.0,,,,,,,,,,,,,,,,,14.806,11.655,505.633,90.37,,,,,,,,,,,,,,,,,,,,,,,,,,0.0,0.0,0.0,,,,,,,,,,,,,,,,,,,,,,,,,,,,,,,,,,,,-7.5,-0.209,14.446,2.582,,,,,,,,,,,,,,,,,,,,,,,,,,,,,,,,,,,,,,,
Africa,1935,,181010603.0,,,,,,,,,,,,,,,,,10.924,9.872,553.793,100.242,,,,,,,,,,,,,,,,,,,,,,,,,,0.0,0.0,0.0,,,,,,,,,,,,,,,,,,,,,,,,,,,,,,,,,,,,-18.018,-0.465,11.694,2.117,,,,,,,,,,,,,,,,,,,,,,,,,,,,,,,,,,,,,,,
Africa,1936,,183328236.0,,,,,,,,,,,,,,,,,8.657,8.678,594.125,108.92,,,,,,,,,,,,,,,,,,,,,,,,,,0.0,0.0,0.0,,,,,,,,,,,,,,,,,,,,,,,,,,,,,,,,,,,,0.549,0.012,11.609,2.128,,,,,,,,,,,,,,,,,,,,,,,,,,,,,,,,,,,,,,,
Africa,1937,,185680386.0,,,,,,,,,,,,,,,,,7.642,8.323,631.424,117.243,,,,,,,,,,,,,,,,,,,,,,,,,,0.0,0.0,0.0,,,,,,,,,,,,,,,,,,,,,,,,,,,,,,,,,,,,-4.918,-0.105,10.898,2.024,,,,,,,,,,,,,,,,,,,,,,,,,,,,,,,,,,,,,,,
Africa,1938,,188067589.0,,,,,,,,,,,,,,,,,4.858,5.695,653.693,122.938,,,,,,,,,,,,,,,,,,,,,,,,,,0.0,0.0,0.0,,,,,,,,,,,,,,,,,,,,,,,,,,,,,,,,,,,,31.609,0.64,14.161,2.663,,,,,,,,,,,,,,,,,,,,,,,,,,,,,,,,,,,,,,,
Africa,1939,,190609541.0,,,,,,,,,,,,,,,,,3.255,4.002,665.969,126.94,,,,,,,,,,,,,,,,,,,,,,,,,,0.0,0.0,0.0,,,,,,,,,,,,,,,,,,,,,,,,,,,,,,,,,,,,193.013,5.14,40.941,7.804,,,,,,,,,,,,,,,,,,,,,,,,,,,,,,,,,,,,,,,
Africa,1940,,193310936.0,,,,,,,,,,,,,,,,,4.812,6.108,688.26,133.048,,,,,,,,,,,,,,,,,,,,,,,,,,0.0,0.0,0.0,,,,,,,,,,,,,,,,,,,,,,,,,,,,,,,,,,,,39.195,3.059,56.191,10.862,,,,,,,,,,,,,,,,,,,,,,,,,,,,,,,,,,,,,,,
Africa,1941,,196179605.0,,,,,,,,,,,,,,,,,7.466,9.933,728.828,142.981,,,,,,,,,,,,,,,,,,,,,,,,,,0.0,0.0,0.0,,,,,,,,,,,,,,,,,,,,,,,,,,,,,,,,,,,,31.37,3.408,72.74,14.27,,,,,,,,,,,,,,,,,,,,,,,,,,,,,,,,,,,,,,,
Africa,1942,,199217448.0,,,,,,,,,,,,,,,,,9.864,14.103,788.508,157.085,,,,,,,,,,,,,,,,,,,,,,,,,,0.0,0.0,0.0,,,,,,,,,,,,,,,,,,,,,,,,,,,,,,,,,,,,-3.26,-0.465,69.295,13.805,,,,,,,,,,,,,,,,,,,,,,,,,,,,,,,,,,,,,,,
Africa,1943,,202429522.0,,,,,,,,,,,,,,,,,1.772,2.784,789.749,159.869,,,,,,,,,,,,,,,,,,,,,,,,,,0.0,0.0,0.0,,,,,,,,,,,,,,,,,,,,,,,,,,,,,,,,,,,,8.677,1.198,74.113,15.003,,,,,,,,,,,,,,,,,,,,,,,,,,,,,,,,,,,,,,,
Africa,1944,,205701844.0,,,,,,,,,,,,,,,,,11.063,17.687,863.169,177.555,,,,,,,,,,,,,,,,,,,,,,,,,,0.0,0.0,0.0,,,,,,,,,,,,,,,,,,,,,,,,,,,,,,,,,,,,5.271,0.791,76.779,15.794,,,,,,,,,,,,,,,,,,,,,,,,,,,,,,,,,,,,,,,
Africa,1945,,209035596.0,,,,,,,,,,,,,,,,,1.443,2.561,861.656,180.117,,,,,,,,,,,,,,,,,,,,,,,,,,0.0,0.0,0.0,,,,,,,,,,,,,,,,,,,,,,,,,,,,,,,,,,,,-0.368,-0.058,75.276,15.735,,,,,,,,,,,,,,,,,,,,,,,,,,,,,,,,,,,,,,,
Africa,1946,,212431972.0,,,,,,,,,,,,,,,,,1.082,1.949,857.054,182.066,,,,,,,,,,,,,,,,,,,,,,,,,,0.843,3.966,0.843,,,,,,,,,,,,,,,,,,,,,,,,,,,,,,,,,,,,-5.026,-0.791,70.35,14.945,,,,,,,,,,,,,,,,,,,,,,,,,,,,,,,,,,,,,,,
Africa,1947,,215892204.0,,,,,,,,,,,,,,,,,-0.843,-1.534,836.212,180.532,,,,,,,,,,,,,,,,,,,,,,,,,0.0,0.0,3.903,0.843,,,,,,,,,,,,,,,,,,,,,,,,,,,,,,,,,,,,4.047,0.605,72.023,15.549,,,,,,,,,,,,,,,,,,,,,,,,,,,,,,,,,,,,,,,
Africa,1948,,219417536.0,,,,,,,,,,,,,,,,,3.155,5.695,848.734,186.227,,,,,,,,,,,,,,,,,,,,,,,,,2.899,0.024,3.951,0.867,,,,,,,,,,,,,,,,,,,,,,,,,,,,,,,,,,,,41.66,6.478,100.39,22.027,,,,,,,,,,,,,,,,,,,,,,,,,,,,,,,,,,,,,,,
Africa,1949,,223283534.0,,,,,,,,,,,,,,,,,6.564,12.224,888.786,198.451,,,,,,,,,,,,,,,,,,,,,,,,,1.408,0.012,3.938,0.879,,,,,,,,,,,,,,,,,,,,,,,,,,,,,,,,,,,,21.753,4.792,120.111,26.819,,,,,,,,,,,,,,,,,,,,,,,,,,,,,,,,,,,,,,,
Africa,1950,,227776838.0,,,,,,,,,,,,,,,,,4.609,9.148,911.414,207.599,,,,,,,,,,,,,,,,,,,,,,,,,5.536,0.049,4.074,0.928,,,,,,,,,,,,,,,,,,,,,,,,,,,,,,,,,,,,14.874,3.989,135.255,30.808,,,,,,,,,,,,,,,,,,,,,,,,,,,,,,,,,,,,,,,
Africa,1951,,232557370.0,,,,,,,,,,,,,,,,,1.392,2.89,905.104,210.489,,,,,,,,,,,,,,,,,,,,,,,,,7.878,0.073,4.304,1.001,,,,,,,,,,,,,,,,,,,,,,,,,,,,,,,,,,,,-8.834,-2.721,120.772,28.086,,,,,,,,,,,,,,,,,,,,,,,,,,,,,,,,,,,,,,,
Africa,1952,,237539910.0,,,,,,,,,,,,,,,,,5.927,12.476,938.639,222.964,,,,,,,,,,,,,,,,,,,,,,,,,2.423,0.024,4.316,1.025,,,,,,,,,,,,,,,,,,,,,,,,,,,,,,,,,,,,3.478,0.977,122.352,29.063,,,,,,,,,,,,,,,,,,,,,,,,,,,,,,,,,,,,,,,
Africa,1953,,242685417.0,,,,,,,,,,,,,,,,,3.101,6.914,947.226,229.878,,,,,,,,,,,,,,,,,,,,,,,,,8.272,0.085,4.574,1.11,,,,,,,,,,,,,,,,,,,,,,,,,,,,,,,,,,,,1.601,0.465,121.674,29.529,,,,,,,,,,,,,,,,,,,,,,,,,,,,,,,,,,,,,,,
Africa,1954,,248006203.0,,,,,,,,,,,,,,,,,2.624,6.032,951.225,235.91,,,,,,,,,,,,,,,,,,,,,,,,,10.925,0.121,4.965,1.231,,,,,,,,,,,,,,,,,,,,,,,,,,,,,,,,,,,,-14.888,-4.396,101.338,25.132,,,,,,,,,,,,,,,,,,,,,,,,,,,,,,,,,,,,,,,
Africa,1955,,253538234.0,,,,,,,,,,,,,,,,,10.722,25.293,1030.232,261.203,,,,,,,,,,,,,,,,,,,,,,,,,-0.978,-0.012,4.809,1.219,,,,,,,,,,,,,,,,,,,,,,,,,,,,,,,,,,,,-8.468,-2.128,90.732,23.004,,,,,,,,,,,,,,,,,,,,,,,,,,,,,,,,,,,,,,,
Africa,1956,,259271764.0,,,,,,,,,,,,,,,,,4.708,12.297,1054.88,273.501,,,,,,,,,,,,,,,,,,,,,,,,,10.989,0.134,5.22,1.353,,,,,,,,,,,,,,,,,,,,,,,,,,,,,,,,,,,,-5.561,-1.279,83.792,21.725,,,,,,,,,,,,,,,,,,,,,,,,,,,,,,,,,,,,,,,
Africa,1957,,265129059.0,,,,,,,,,,,,,,,,,3.978,10.879,1072.607,284.379,,,,,,,,,,,,,,,,,,,,,,,,,-0.853,-0.012,5.061,1.342,,,,,,,,,,,,,,,,,,,,,,,,,,,,,,,,,,,,43.308,9.409,117.428,31.134,,,,,,,,,,,,,,,,,,,,,,,,,,,,,,,,,,,,,,,
Africa,1958,,271042090.0,,,,,,,,,,,,,,,,,4.161,11.834,1092.869,296.213,,,,,,,,,,,,,,,,,,,,,,,,,6.396,0.086,5.267,1.428,,,,,,,,,,,,,,,,,,,,,,,,,,,,,,,,,,,,68.061,21.19,193.045,52.323,,,,,,,,,,,,,,,,,,,,,,,,,,,,,,,,,,,,,,,
Africa,1959,,277271946.0,,,,,,,,,,,,,,,,,-1.581,-4.683,1051.422,291.53,,,,,,,,,,,,,,,,,,,,,,,,,15.303,0.218,5.937,1.646,,,,,,,,,,,,,,,,,,,,,,,,,,,,,,,,,,,,29.34,15.352,244.074,67.675,,,,,,,,,,,,,,,,,,,,,,,,,,,,,,,,,,,,,,,
Africa,1960,,283922294.0,,,,,,,,,,,,,,,,,-6.406,-18.674,961.023,272.856,,,,,,,,,,,,,,,,,,,,,,,,,7.419,0.122,6.228,1.768,,,,,,,,,,,,,,,,,,,,,,,,,,,,,,,,,,,,137.137,92.807,565.233,160.482,,,,,,,,,,,,,,,,,,,,,,,,,,,,,,,,,,,,,,,
Africa,1961,,290814089.0,,,,,,,,,,,,,,,,,11.328,30.908,1044.529,303.764,,,,,,,,,,,,,,,,,,,,,,,,,60.776,1.075,9.775,2.843,,,,,,,,,,,,,,,,,,,,,,,,,,,,,,,,,,,,71.367,114.532,945.672,275.015,,,,,,,,,,,,,,,,,,,,,,,,,,,,,,,,,,,,,,,
Africa,1962,,297959970.0,,,,,,,,,,,,,,,,,3.009,9.141,1050.158,312.905,,,,,,,,,,,,,,,,,,,,,,,,,59.692,1.697,15.236,4.54,,,,,,,,,,,,,,,,,,,,,,,,,,,,,,,,,,,,64.27,176.753,1516.202,451.767,,,,,,,,,,,,,,,,,,,,,,,,,,,,,,,,,,,,,,,
Africa,1963,,305371364.0,,,,,,,,,,,,,,,,,2.272,7.109,1047.95,320.014,,,,,,,,,,,,,,,,,,,,,,,,,34.124,1.549,19.939,6.089,,,,,,,,,,,,,,,,,,,,,,,,,,,,,,,,,,,,47.293,213.655,2179.059,665.422,,,,,,,,,,,,,,,,,,,,,,,,,,,,,,,,,,,,,,,
Africa,1964,,313056695.0,,,,,,,,,,,,,,,,,6.096,19.509,1084.54,339.523,,,,,,,,,,,,,,,,,,,,,,,,,85.973,5.235,36.171,11.323,,,,,,,,,,,,,,,,,,,,,,,,,,,,,,,,,,,,43.932,292.332,3059.362,957.754,,,,,,,,,,,,,,,,,,,,,,,,,,,,,,,,,,,,,,,
Africa,1965,,320995365.0,,,,0.0,0.0,,,,0.0,,,,1007.791,323.496,,,8.434,28.637,1146.931,368.159,,45.386,,,,,,,2228.255,,,,,,2100.157,674.141,,94.581,,,9.572,,,29.82,176.044,19.934,97.378,31.258,,1.343,,,,38.627,43.32,13.906,120.334,,5.419,,,38.627,43.32,13.906,120.334,,5.419,,,,,0.0,0.0,0.0,0.0,,0.0,,,341.073,,,1062.547,28.958,277.347,3847.722,1235.101,,47.852,0.0,0.0,,,,0.0,,0.0,,,0.0,,715.26,,,38.627,43.32,13.906,120.334,,5.419,,,0.0,0.0,0.0,0.0,,0.0,,,0.0,0.0,0.0,0.0,,0.0
Africa,1966,,329207333.0,,,0.0,0.0,0.0,,,,0.0,,-0.116,-0.374,981.516,323.122,,,-1.023,-3.765,1106.885,364.395,,43.293,,,,,4.738,33.888,2275.611,,4.323,29.144,,,2136.298,703.285,,94.228,11.765,1.126,10.698,,,32.497,22.341,6.983,116.161,38.241,,1.433,,11.538,4.457,43.083,47.113,15.51,130.87,,5.772,11.538,4.457,43.083,47.113,15.51,130.87,,5.772,,,,0.0,0.0,0.0,0.0,0.0,,0.0,8.324,28.392,369.465,,,1122.285,27.263,336.726,4774.581,1571.827,,49.502,0.0,0.0,,,0.0,0.0,,0.0,,,0.0,,749.148,11.538,4.457,43.083,47.113,15.51,130.87,,5.772,,0.0,0.0,0.0,0.0,0.0,,0.0,,0.0,0.0,0.0,0.0,0.0,,0.0
Africa,1967,,337767952.0,,,0.0,0.0,0.0,,,,0.0,,2.219,7.169,977.865,330.292,,,1.464,5.335,1094.626,369.73,,43.798,,,,,1.051,7.875,2241.25,,0.834,5.862,,,2099.51,709.147,,94.036,-1.161,-0.124,10.574,,,31.305,-16.316,-6.24,94.744,32.001,,1.402,,4.388,1.891,44.974,47.934,16.191,133.151,,5.964,4.388,1.891,44.974,47.934,16.191,133.151,,5.964,,,,0.0,0.0,0.0,0.0,0.0,,0.0,-0.32,-1.183,368.282,,,1090.339,10.008,157.31,5119.304,1729.137,,48.836,0.0,0.0,,,0.0,0.0,,0.0,,,0.0,,757.023,4.388,1.891,44.974,47.934,16.191,133.151,,5.964,,0.0,0.0,0.0,0.0,0.0,,0.0,,0.0,0.0,0.0,0.0,0.0,,0.0
Africa,1968,,346674276.0,,,0.0,0.0,0.0,,,,0.0,,4.003,13.221,990.881,343.513,,,4.709,17.411,1116.726,387.14,,43.133,,,,,5.651,42.78,2307.071,,4.887,34.655,,,2145.535,743.802,,93.395,1.355,0.143,10.717,,,30.914,39.987,12.796,129.222,44.798,,1.346,,16.971,7.633,52.607,54.629,18.938,151.746,,6.605,16.971,7.633,52.607,54.629,18.938,151.746,,6.605,,,,0.0,0.0,0.0,0.0,0.0,,0.0,5.781,21.29,389.572,,,1123.74,28.164,486.989,6392.531,2216.126,,48.916,0.0,0.0,,,0.0,0.0,,0.0,,,0.0,,799.802,16.971,7.633,52.607,54.629,18.938,151.746,,6.605,,0.0,0.0,0.0,0.0,0.0,,0.0,,0.0,0.0,0.0,0.0,0.0,,0.0
Africa,1969,,355911162.0,,,0.0,0.0,0.0,,,,0.0,,0.911,3.13,973.959,346.643,,,1.415,5.478,1103.137,392.619,,42.381,,,,,2.761,22.086,2309.25,,1.712,12.734,,,2125.631,756.536,,92.494,16.824,1.803,12.52,,,35.178,-16.113,-7.218,105.588,37.58,,1.531,,16.699,8.785,61.391,62.097,22.101,172.491,,7.506,16.699,8.785,61.391,62.097,22.101,172.491,,7.506,,,,0.0,0.0,0.0,0.0,0.0,,0.0,2.002,7.801,397.373,,,1116.494,27.172,602.168,7918.533,2818.294,,48.583,0.0,0.0,,,0.0,0.0,,0.0,,,0.0,,821.888,16.699,8.785,61.391,62.097,22.101,172.491,,7.506,,0.0,0.0,0.0,0.0,0.0,,0.0,,0.0,0.0,0.0,0.0,0.0,,0.0
Africa,1970,,365456903.0,,,0.0,0.0,0.0,,,,0.0,,4.072,14.114,987.139,360.757,,,4.397,17.264,1121.562,409.882,,40.656,,,,,8.567,70.408,2441.59,,7.145,54.057,,,2218.026,810.593,,91.35,24.188,3.028,15.549,,,42.545,-19.969,-7.504,82.296,30.076,,1.752,,25.02,15.36,76.751,75.605,27.63,210.014,,8.65,25.02,15.36,76.751,75.605,27.63,210.014,,8.65,,,,0.0,0.0,0.0,0.0,0.0,,0.0,9.29,36.915,434.288,,,1188.341,20.627,581.335,9302.408,3399.629,,48.942,0.0,0.0,,,0.0,0.0,,0.0,,,0.0,,892.296,25.02,15.36,76.751,75.605,27.63,210.014,,8.65,,0.0,0.0,0.0,0.0,0.0,,0.0,,0.0,0.0,0.0,0.0,0.0,,0.0
Africa,1971,,375228323.0,,,0.0,0.0,0.0,,,,0.0,,6.169,22.255,1020.745,383.012,,,7.04,28.855,1169.255,438.738,,40.47,,,,,6.589,58.792,2534.69,,7.778,63.05,,,2328.296,873.643,,92.311,18.373,2.857,18.405,,,49.051,23.1,6.947,98.668,37.023,,1.945,,-5.852,-4.492,72.259,69.327,26.013,192.575,,7.635,-5.259,-3.979,72.772,69.764,26.177,193.94,,7.689,,,,0.0,0.0,0.0,0.0,0.0,,0.0,8.736,37.938,472.225,,,1258.501,-6.43,-218.599,8477.584,3181.03,,49.896,0.512,0.164,,,0.512,0.437,,1.366,,,0.054,,951.088,-5.259,-3.979,72.772,69.764,26.177,193.94,,7.689,,0.0,0.0,0.0,0.0,0.0,,0.0,,0.0,0.0,0.0,0.0,0.0,,0.0
Africa,1972,,385211089.0,,,0.0,0.0,0.0,,,,0.0,,0.313,1.199,997.403,384.211,,,-0.545,-2.391,1132.746,436.346,,38.39,,,,,5.787,55.042,2611.89,,5.075,44.335,,,2383.05,917.977,,91.724,34.041,6.265,24.671,,,64.045,75.931,28.112,169.089,65.135,,2.465,,13.915,10.055,82.314,76.927,29.633,213.687,,8.225,13.832,10.058,82.83,77.355,29.798,215.025,,8.276,,,,0.0,0.0,0.0,0.0,0.0,,0.0,7.808,36.871,509.096,,,1321.602,0.413,13.144,8292.008,3194.173,,50.869,0.516,0.165,,0.61,0.003,0.428,,1.339,,,0.052,,1006.129,13.832,10.058,82.83,77.355,29.798,215.025,,8.276,,0.0,0.0,0.0,0.0,0.0,,0.0,,0.0,0.0,0.0,0.0,0.0,,0.0
Africa,1973,,395717739.0,,,0.0,0.0,0.0,,,,0.0,,6.429,24.7,1033.338,408.91,,,6.38,27.841,1173.026,464.187,,37.663,,,,,8.469,85.207,2757.866,,8.729,80.128,,,2522.265,998.105,,91.931,60.319,14.881,39.552,,,99.95,50.952,33.187,248.465,98.322,,3.643,,5.779,4.757,87.071,79.212,31.346,220.034,,8.02,5.764,4.773,87.603,79.642,31.516,221.377,,8.069,,,,0.0,0.0,0.0,0.0,0.0,,0.0,7.964,40.547,549.643,,,1388.977,4.782,152.748,8457.851,3346.921,,50.625,0.531,0.17,,3.03,0.016,0.43,,1.342,,,0.049,,1091.336,5.764,4.773,87.603,79.642,31.516,221.377,,8.069,,0.0,0.0,0.0,0.0,0.0,,0.0,,0.0,0.0,0.0,0.0,0.0,,0.0
Africa,1974,,406762881.0,,,0.0,0.0,0.0,,,,0.0,,4.093,16.736,1046.423,425.646,,,5.34,24.785,1202.107,488.972,,37.327,,,,,5.076,55.392,2819.157,,4.268,42.598,,,2558.5,1040.703,,91.264,12.557,4.967,44.518,,,109.446,4.356,4.283,252.248,102.605,,3.904,,13.786,12.004,99.075,87.685,35.667,243.57,,8.688,13.728,12.019,99.622,88.115,35.842,244.914,,8.736,,,,0.0,0.0,0.0,0.0,0.0,,0.0,3.802,20.895,570.538,,,1402.63,-7.809,-261.354,7585.666,3085.567,,50.033,0.547,0.175,,2.941,0.016,0.43,,1.344,,,0.048,,1146.729,13.728,12.019,99.622,88.115,35.842,244.914,,8.736,,0.0,0.0,0.0,0.0,0.0,,0.0,,0.0,0.0,0.0,0.0,0.0,,0.0
Africa,1975,,418322666.0,,,0.0,0.0,0.0,,,,0.0,,5.975,25.434,1078.308,451.081,,,5.379,26.304,1231.768,515.276,,37.321,,,,,5.989,68.679,2905.43,,6.017,62.624,,,2637.501,1103.326,,91.287,20.486,9.12,53.638,,,128.223,12.403,12.726,275.699,115.331,,4.438,,5.75,5.697,104.772,90.165,37.718,250.458,,8.669,5.714,5.688,105.31,90.576,37.89,251.743,,8.713,,,,0.0,0.0,0.0,0.0,0.0,,0.0,4.92,28.069,598.607,,,1430.971,-8.247,-254.475,6767.725,2831.093,,49.528,0.538,0.172,,-1.714,-0.009,0.411,,1.285,,,0.044,,1215.407,5.714,5.688,105.31,90.576,37.89,251.743,,8.713,,0.0,0.0,0.0,0.0,0.0,,0.0,,0.0,0.0,0.0,0.0,0.0,,0.0
Africa,1976,,430382650.0,,,0.0,0.0,0.0,,,,0.0,,6.649,29.994,1117.782,481.074,,,9.667,49.81,1312.985,565.086,,36.72,,,,,8.409,102.199,3061.477,,8.166,90.094,,,2772.929,1193.421,,91.094,13.69,7.343,60.981,,,141.691,19.033,21.951,318.977,137.282,,4.655,,10.816,11.332,116.105,97.117,41.798,269.77,,8.862,10.801,11.373,116.683,97.547,41.983,271.114,,8.906,,,,0.0,0.0,0.0,0.0,0.0,,0.0,8.813,52.758,651.365,,,1513.456,19.286,546.018,7846.762,3377.11,,49.719,0.578,0.185,,7.558,0.041,0.43,,1.343,,,0.044,,1317.606,10.801,11.373,116.683,97.547,41.983,271.114,,8.906,,0.0,0.0,0.0,0.0,0.0,,0.0,,0.0,0.0,0.0,0.0,0.0,,0.0
Africa,1977,,442542565.0,,,0.0,0.0,0.0,,,,0.0,,2.208,10.624,1111.076,491.698,,,10.112,57.143,1406.032,622.229,,35.604,,,,,5.438,71.652,3139.265,,4.979,59.424,,,2831.014,1252.844,,90.719,11.893,7.253,68.234,,,154.187,1.963,2.695,316.301,139.977,,4.941,,9.884,11.475,127.58,103.784,45.929,288.288,,9.238,9.85,11.488,128.171,104.211,46.118,289.623,,9.281,,,,0.0,0.0,0.0,0.0,0.0,,0.0,6.378,41.547,692.912,,,1565.751,4.854,163.925,8001.57,3541.035,,50.174,0.591,0.189,,2.162,0.012,0.427,,1.335,,,0.043,,1389.259,9.85,11.488,128.171,104.211,46.118,289.623,,9.281,,0.0,0.0,0.0,0.0,0.0,,0.0,,0.0,0.0,0.0,0.0,0.0,,0.0
Africa,1978,,455417592.0,,,0.0,0.0,0.0,,,,0.0,,-2.823,-13.883,1049.181,477.816,,,5.569,34.653,1442.372,656.882,,33.294,,,,,3.902,54.206,3169.542,,4.236,53.069,,,2867.508,1305.913,,90.995,42.7,29.136,97.37,,,213.804,33.372,46.713,409.932,186.69,,6.785,,0.823,1.05,128.63,101.68,46.307,282.445,,8.963,0.833,1.069,129.24,102.108,46.502,283.783,,9.005,,,,0.0,0.0,0.0,0.0,0.0,,0.0,5.458,37.816,730.728,,,1604.523,-2.386,-84.49,7589.837,3456.545,,50.916,0.609,0.195,,3.175,0.019,0.428,,1.338,,,0.042,,1443.465,0.833,1.069,129.24,102.108,46.502,283.783,,9.005,,0.0,0.0,0.0,0.0,0.0,,0.0,,0.0,0.0,0.0,0.0,0.0,,0.0
Africa,1979,,469072946.0,,,0.0,0.0,0.0,,,,0.0,,6.16,29.431,1081.382,507.247,,,13.524,88.837,1589.772,745.719,,32.42,,,,,9.01,130.055,3354.531,,9.22,120.401,,,3040.709,1426.314,,91.16,52.863,51.473,148.843,,,317.313,51.765,96.64,604.021,283.33,,9.513,,7.036,9.051,137.681,105.666,49.565,293.518,,8.8,7.02,9.07,138.309,106.095,49.766,294.857,,8.84,,,,0.0,0.0,0.0,0.0,0.0,,0.0,5.405,39.497,770.225,,,1642.014,9.943,343.679,8101.562,3800.224,,49.227,0.628,0.201,,3.077,0.019,0.429,,1.339,,,0.04,,1573.52,7.02,9.07,138.309,106.095,49.766,294.857,,8.84,,0.0,0.0,0.0,0.0,0.0,,0.0,,0.0,0.0,0.0,0.0,0.0,,0.0
Africa,1980,,482922202.0,,,0.0,0.0,0.0,,,,0.0,,7.158,36.31,1125.558,543.557,,,12.0,89.483,1729.475,835.202,,32.272,,,,,7.59,119.428,3505.632,,8.632,123.115,,,3208.445,1549.429,,91.994,25.578,38.071,186.914,,,387.048,-12.362,-35.027,514.168,248.303,,11.098,,-2.529,-3.482,134.199,100.041,48.312,277.89,,7.968,-2.507,-3.463,134.846,100.469,48.519,279.23,,8.006,,,,0.0,0.0,0.0,0.0,0.0,,0.0,6.327,48.734,818.958,,,1695.839,-8.098,-307.737,7231.987,3492.487,,48.624,0.647,0.207,,2.985,0.019,0.429,,1.34,,,0.038,,1692.948,-2.507,-3.463,134.846,100.469,48.519,279.23,,8.006,,0.0,0.0,0.0,0.0,0.0,,0.0,,0.0,0.0,0.0,0.0,0.0,,0.0
Africa,1981,,497487390.0,,,0.0,0.0,0.0,,,,0.0,,16.97,92.242,1278.02,635.799,,,8.944,74.702,1828.998,909.903,,33.602,,,,,12.297,208.186,3821.47,,13.075,202.588,,,3521.733,1752.018,,92.595,22.244,41.577,228.491,,,459.29,6.623,16.445,532.17,264.748,,12.076,,3.894,5.225,139.425,100.893,50.193,280.258,,7.369,3.9,5.26,140.106,101.331,50.411,281.627,,7.405,,,,0.0,0.0,0.0,0.0,0.0,,0.0,8.397,68.769,887.728,,,1784.423,-20.597,-719.347,5574.292,2773.14,,46.917,0.681,0.218,,5.314,0.034,0.438,,1.369,,,0.036,,1901.133,3.9,5.26,140.106,101.331,50.411,281.627,,7.405,,0.0,0.0,0.0,0.0,0.0,,0.0,,0.0,0.0,0.0,0.0,0.0,,0.0
Africa,1982,,512805436.0,,,0.0,0.0,0.0,,,,0.0,,10.283,65.377,1367.333,701.176,,,9.76,88.809,1947.546,998.712,,34.733,,,,,6.663,126.666,3954.325,,7.224,126.569,,,3663.352,1878.587,,93.055,7.984,18.242,246.734,,,481.145,22.801,60.365,633.989,325.113,,12.222,,0.027,0.037,139.462,97.905,50.206,271.958,,6.908,0.062,0.093,140.199,98.365,50.442,273.397,,6.945,,,,0.0,0.0,0.0,0.0,0.0,,0.0,4.838,42.95,930.677,,,1814.874,-3.861,-107.079,5198.973,2666.062,,46.101,0.738,0.236,,8.257,0.056,0.46,,1.438,,,0.037,,2027.8,0.062,0.093,140.199,98.365,50.442,273.397,,6.945,,0.0,0.0,0.0,0.0,0.0,,0.0,,0.0,0.0,0.0,0.0,0.0,,0.0
Africa,1983,,528042881.0,,,0.0,0.0,0.0,,,,0.0,,1.721,12.07,1350.735,713.246,,,1.318,13.161,1916.27,1011.873,,34.371,,,,,2.735,55.469,3945.265,,3.734,70.153,,,3690.494,1948.739,,93.909,9.947,24.542,271.275,,,513.737,34.402,111.844,827.503,436.957,,13.073,,-9.877,-13.775,125.687,85.688,45.247,238.023,,6.057,-9.843,-13.794,126.405,86.124,45.477,239.385,,6.091,,,,0.0,0.0,0.0,0.0,0.0,,0.0,3.604,33.54,964.218,,,1826.022,1.361,36.29,5117.674,2702.351,,46.465,0.719,0.23,,-2.542,-0.019,0.436,,1.361,,,0.035,,2083.269,-9.843,-13.794,126.405,86.124,45.477,239.385,,6.091,,0.0,0.0,0.0,0.0,0.0,,0.0,,0.0,0.0,0.0,0.0,0.0,,0.0
Africa,1984,,543411002.0,,,0.0,0.0,0.0,,,,0.0,,6.961,49.652,1403.906,762.898,,,11.521,116.58,2076.61,1128.453,,35.706,,,,,2.956,61.585,3947.019,,2.703,52.674,,,3683.056,2001.413,,93.671,-4.192,-11.373,259.903,,,478.28,4.965,21.694,844.022,458.651,,12.164,,-1.673,-2.103,123.583,81.872,44.49,227.421,,5.784,6.975,8.812,135.217,89.525,48.649,248.831,,6.329,,,,10.903,10.903,7.223,3.925,20.064,,0.51,1.493,14.395,978.612,,,1800.87,6.788,183.428,5310.491,2885.779,,45.802,0.731,0.234,,1.739,0.012,0.431,,1.346,,,0.034,,2144.854,-1.656,-2.091,124.315,82.302,44.724,228.767,,5.818,,0.0,0.0,0.0,0.0,0.0,,0.0,,0.0,0.0,0.0,0.0,0.0,,0.0
Africa,1985,,559417482.0,,,0.0,0.0,0.0,,,,0.0,,3.181,24.268,1407.117,787.166,249.392,139.514,6.244,70.458,2143.141,1198.911,53.869,35.415,,,258.986,12.189,4.056,87.005,3989.613,,3.412,68.284,360.619,201.736,3699.736,2069.697,77.895,93.118,7.287,18.94,278.843,49.921,27.927,498.452,10.253,47.027,903.937,505.678,10.783,12.545,,11.148,13.777,137.36,88.395,49.45,245.542,19.094,6.18,13.124,17.747,152.965,98.377,55.034,273.436,21.25,6.882,,,35.414,3.861,14.764,9.501,5.315,26.392,2.052,0.664,2.562,25.076,1003.688,61.306,34.296,1794.167,3.97,114.552,5363.313,3000.331,13.242,45.157,0.841,0.269,,14.957,0.109,0.481,,1.503,0.104,,0.038,462.956,2231.859,11.168,13.886,138.201,88.876,49.719,247.044,19.197,6.218,,0.0,0.0,0.0,0.0,0.0,0.0,0.0,,0.0,0.0,0.0,0.0,0.0,0.0,0.0
Africa,1986,,575715653.0,,,0.0,0.0,0.0,,,,0.0,,2.311,18.19,1398.878,805.356,246.785,142.078,2.551,30.58,2135.588,1229.491,52.6,35.522,,,270.11,12.51,2.014,44.939,3954.728,,1.397,28.913,360.614,207.611,3645.22,2098.61,76.862,92.564,12.347,34.428,313.271,49.241,28.349,544.142,4.838,24.465,920.842,530.143,10.495,13.818,,3.429,4.71,142.07,88.838,51.145,246.772,18.935,6.266,10.128,15.618,168.583,105.273,60.607,292.823,22.438,7.436,,,65.626,9.689,24.453,15.291,8.803,42.474,3.259,1.079,-2.362,-23.705,979.983,64.588,37.184,1702.2,-0.287,-8.62,5196.509,2991.711,13.766,43.225,2.059,0.659,,144.981,1.219,1.145,,3.577,0.244,,0.091,469.172,2276.799,4.195,5.929,144.13,89.983,51.804,250.349,19.179,6.357,,0.0,0.0,0.0,0.0,0.0,0.0,0.0,,0.0,0.0,0.0,0.0,0.0,0.0,0.0
Africa,1987,,592341398.0,,,0.0,0.0,0.0,,,,0.0,,2.851,22.964,1398.382,828.32,256.993,152.227,0.104,1.284,2077.813,1230.775,54.317,35.323,,,280.26,12.482,3.392,77.233,3974.113,,4.331,90.89,375.62,222.495,3696.348,2189.5,79.389,93.371,3.228,10.113,323.384,53.321,31.584,545.943,9.212,48.835,977.44,578.978,11.27,13.791,,-4.084,-5.803,136.268,82.818,49.056,230.05,17.504,5.811,-7.798,-13.128,155.455,94.34,55.881,262.441,19.939,6.629,,,-29.944,-7.322,17.131,10.411,6.167,28.92,2.2,0.731,5.899,57.813,1037.796,65.306,38.684,1752.023,0.198,5.926,5060.658,2997.637,13.803,44.257,2.056,0.658,,-0.152,-0.003,1.111,,3.471,0.235,,0.088,473.138,2354.032,-4.034,-5.806,138.324,83.929,49.714,233.521,17.739,5.899,,0.0,0.0,0.0,0.0,0.0,0.0,0.0,,0.0,0.0,0.0,0.0,0.0,0.0,0.0
Africa,1988,,609119477.0,,,0.0,0.0,0.0,,,,0.0,,7.466,61.841,1461.39,890.161,250.277,152.449,2.775,34.157,2076.656,1264.932,51.626,35.465,,,295.296,12.331,7.056,166.096,4137.33,,6.417,140.495,376.069,229.071,3825.185,2329.995,77.573,92.83,10.842,35.06,358.445,55.834,34.009,588.463,6.659,38.554,1013.811,617.532,11.517,14.281,,9.249,12.603,148.871,87.985,53.593,244.403,18.149,5.931,15.803,24.519,179.974,106.239,64.712,295.466,21.914,7.17,,,70.148,12.017,29.147,17.227,10.493,47.851,3.553,1.161,4.201,43.594,1081.39,69.958,42.613,1775.332,4.248,127.326,5130.297,3124.964,14.431,43.084,1.956,0.626,,-4.863,-0.1,1.028,,3.212,0.212,,0.078,484.791,2520.128,9.062,12.503,150.827,89.013,54.219,247.615,18.361,6.009,,0.0,0.0,0.0,0.0,0.0,0.0,0.0,,0.0,0.0,0.0,0.0,0.0,0.0,0.0
Africa,1989,,626082685.0,,,0.0,0.0,0.0,,,,0.0,,-6.127,-54.54,1334.681,835.621,251.102,157.211,-2.884,-36.481,1962.122,1228.45,51.267,33.245,,,306.648,12.817,0.163,4.103,4031.785,,-0.237,-5.521,379.323,237.488,3712.728,2324.474,77.446,92.478,3.634,13.026,371.471,59.0,36.939,593.326,9.696,59.876,1081.978,677.408,12.046,14.779,,5.006,7.452,156.323,89.886,56.276,249.684,18.352,6.219,5.068,9.107,189.081,108.599,67.992,302.007,22.173,7.522,,,5.775,1.683,30.831,17.728,11.099,49.244,3.619,1.227,3.328,35.993,1117.382,69.221,43.338,1784.72,10.37,324.068,5508.908,3449.032,14.133,44.454,1.928,0.617,,-1.438,-0.028,0.985,,3.08,0.201,,0.077,489.788,2524.231,4.931,7.424,158.251,90.872,56.893,252.764,18.553,6.296,,0.0,0.0,0.0,0.0,0.0,0.0,0.0,,0.0,0.0,0.0,0.0,0.0,0.0,0.0
Africa,1990,,643490587.0,,,0.0,0.0,0.0,,,,0.0,,5.033,42.057,1363.933,877.678,255.907,164.674,-0.588,-7.224,1897.815,1221.226,51.658,33.762,,,318.776,12.848,3.411,86.11,4056.533,,3.878,90.135,388.926,250.27,3752.361,2414.609,78.51,92.883,7.315,27.174,398.645,66.273,42.646,619.505,6.522,44.183,1121.369,721.591,13.378,15.335,,1.739,2.718,159.041,88.975,57.255,247.153,17.961,6.118,-2.181,-4.053,185.028,103.357,66.509,287.538,20.864,7.117,,,-23.876,-7.361,23.469,13.13,8.449,36.472,2.65,0.903,1.871,20.903,1138.285,66.747,42.951,1768.923,7.171,247.34,5744.252,3696.372,13.474,43.786,2.518,0.806,,30.592,0.59,1.252,,3.913,0.253,,0.097,495.386,2610.341,2.052,3.308,161.559,90.227,58.06,251.066,18.214,6.215,,0.0,0.0,0.0,0.0,0.0,0.0,0.0,,0.0,0.0,0.0,0.0,0.0,0.0,0.0
Africa,1991,,660810865.0,,,0.0,0.0,0.0,,,,0.0,,-2.725,-23.916,1291.992,853.762,249.369,164.786,1.98,24.185,1884.67,1245.411,50.727,32.908,,,324.848,13.159,-0.176,-4.594,3943.257,,-0.69,-16.672,381.994,252.426,3628.78,2397.937,77.706,92.428,0.75,2.99,401.636,69.024,45.611,607.792,7.187,51.861,1170.458,773.452,14.041,15.481,,5.933,9.436,168.476,91.783,60.651,254.954,18.671,6.494,6.176,11.416,196.444,106.865,70.617,297.278,21.739,7.572,,,8.226,1.931,25.4,13.838,9.144,38.438,2.815,0.979,0.374,4.254,1142.539,63.601,42.028,1728.996,3.739,138.225,5802.866,3834.597,12.938,44.039,2.568,0.822,,1.985,0.05,1.244,,3.886,0.253,,0.099,491.59,2605.747,5.878,9.486,171.044,93.027,61.473,258.84,18.924,6.593,,0.0,0.0,0.0,0.0,0.0,0.0,0.0,,0.0,0.0,0.0,0.0,0.0,0.0,0.0
Africa,1992,,678257033.0,,,0.0,0.0,0.0,,,,0.0,,0.594,5.069,1266.233,858.831,243.89,165.42,2.274,28.324,1877.953,1273.735,50.453,32.632,,,327.871,13.059,1.419,36.976,3896.345,,1.865,44.71,381.184,258.541,3601.359,2442.647,78.854,92.811,4.889,19.635,421.27,74.521,50.544,621.107,4.503,34.831,1191.706,808.283,15.416,16.007,,-4.602,-7.753,160.723,85.307,57.86,236.965,17.647,6.107,-3.703,-7.253,189.192,100.26,68.002,278.938,20.741,7.189,,,1.575,0.4,25.8,13.694,9.288,38.039,2.833,0.98,1.751,20.006,1162.546,62.772,42.576,1714.019,1.896,72.7,5760.792,3907.297,12.986,44.172,2.669,0.854,,3.918,0.101,1.259,,3.934,0.26,,0.101,483.403,2642.723,-4.488,-7.653,163.392,86.566,58.714,240.899,17.908,6.208,,0.0,0.0,0.0,0.0,0.0,0.0,0.0,,0.0,0.0,0.0,0.0,0.0,0.0,0.0
Africa,1993,,696302246.0,,,0.0,0.0,0.0,,,,0.0,,1.5,12.883,1251.919,871.714,252.702,175.957,1.834,23.36,1862.833,1297.095,51.893,33.015,,,339.074,13.43,0.309,8.179,3807.115,,0.701,17.12,391.852,272.847,3532.614,2459.767,80.468,93.161,-2.048,-8.626,412.644,79.18,55.133,592.622,3.108,25.124,1196.904,833.407,16.26,15.628,,-2.036,-3.272,157.451,81.405,56.683,226.125,16.717,5.963,-4.578,-8.615,180.577,93.191,64.889,259.336,19.137,6.839,,,-21.888,-5.647,20.153,10.419,7.255,28.943,2.14,0.763,1.106,12.863,1175.409,59.97,41.757,1688.073,-1.304,-50.938,5538.341,3856.359,12.315,44.517,2.967,0.949,,11.175,0.298,1.363,,4.261,0.28,,0.112,486.963,2650.903,-1.84,-2.968,160.424,82.771,57.634,230.394,16.997,6.076,,0.0,0.0,0.0,0.0,0.0,0.0,0.0,,0.006,0.006,0.003,0.002,0.008,0.001,0.0
Africa,1994,,714183914.0,,,0.0,0.0,0.0,,,,0.0,,2.608,22.734,1252.405,894.448,251.747,179.794,3.933,51.014,1887.621,1348.109,51.175,32.768,,,351.334,13.47,3.381,89.63,3837.292,,3.265,80.313,394.407,281.679,3556.619,2540.08,80.174,93.055,4.649,19.184,431.828,86.954,62.102,604.645,-5.251,-43.76,1105.662,789.646,17.676,15.82,,1.612,2.538,159.989,80.646,57.596,224.017,16.394,5.861,5.018,9.01,189.586,95.417,68.145,265.458,19.396,6.945,,,33.66,6.783,26.936,13.578,9.697,37.716,2.76,0.987,3.267,38.395,1213.804,55.706,39.784,1699.568,-0.201,-7.767,5388.797,3848.592,11.324,44.467,2.646,0.847,,-10.815,-0.321,1.186,,3.705,0.241,,0.097,491.938,2740.532,1.413,2.226,162.65,81.839,58.448,227.742,16.636,5.959,,0.0,0.0,0.0,0.0,0.0,0.0,0.0,170.0,0.009,0.015,0.008,0.005,0.021,0.002,0.001
Africa,1995,,732395090.0,,,0.0,0.0,0.0,,,,0.0,,3.133,28.023,1259.527,922.471,255.171,186.886,5.088,68.586,1934.332,1416.695,51.527,32.501,,,362.692,13.385,3.98,109.076,3890.807,,3.843,97.617,395.057,289.338,3601.468,2637.697,79.775,92.933,6.812,29.416,461.243,90.544,66.314,629.774,10.519,83.059,1191.577,872.705,18.284,16.251,,3.74,5.984,165.973,81.582,59.75,226.617,16.474,5.848,5.783,11.01,200.596,98.425,72.086,273.891,19.875,7.067,,,16.541,4.456,31.392,15.43,11.301,42.862,3.116,1.106,3.31,40.178,1253.982,49.342,36.138,1712.167,1.62,62.361,5339.95,3910.953,9.964,44.181,3.214,1.028,,21.468,0.568,1.404,,4.388,0.284,,0.113,495.214,2849.608,3.998,6.554,169.204,82.995,60.785,231.029,16.759,5.961,,0.0,0.0,0.0,0.0,0.0,0.0,0.0,16.667,0.003,0.018,0.009,0.006,0.024,0.002,0.001
Africa,1996,,751187001.0,,,0.0,0.0,0.0,,,,0.0,,1.383,12.757,1245.001,935.228,262.639,197.291,-0.307,-4.344,1880.159,1412.351,51.628,32.119,,,382.14,13.759,2.594,73.927,3891.888,,2.437,64.284,405.462,304.578,3596.948,2701.981,79.703,92.797,4.975,22.948,484.192,93.175,69.992,644.569,6.946,60.62,1242.467,933.325,18.316,16.629,,4.264,7.077,173.05,82.933,62.298,230.368,16.302,5.943,4.525,9.144,209.74,100.305,75.348,279.211,19.717,7.203,,,4.194,1.317,32.708,15.675,11.775,43.542,3.081,1.123,2.279,28.578,1282.561,49.648,37.295,1707.379,3.238,126.621,5374.926,4037.574,9.76,44.048,3.962,1.268,,23.275,0.748,1.688,,5.274,0.332,,0.136,508.715,2923.535,4.586,7.827,177.031,84.63,63.573,235.669,16.636,6.08,,0.0,0.0,0.0,0.0,0.0,0.0,0.0,12.698,0.002,0.02,0.009,0.007,0.026,0.002,0.001
Africa,1997,,770098458.0,,,0.0,0.0,0.0,,,,0.0,,2.544,23.791,1245.32,959.019,267.557,206.045,6.367,89.922,1950.755,1502.273,51.398,32.258,,,400.878,14.145,2.107,61.594,3876.295,,2.005,54.163,416.042,320.393,3578.95,2756.144,79.923,92.707,-2.007,-9.716,474.476,98.487,75.844,616.123,11.602,108.286,1352.569,1041.611,18.92,15.96,,2.462,4.261,177.311,82.888,63.832,230.244,15.923,5.964,3.364,7.085,216.825,101.133,77.882,281.555,19.428,7.293,,,7.406,2.422,35.131,16.423,12.647,45.618,3.155,1.182,3.126,40.088,1322.649,49.999,38.504,1717.506,2.325,93.88,5364.839,4131.454,9.605,44.489,4.364,1.396,,10.14,0.402,1.813,,5.666,0.348,,0.147,520.555,2985.129,2.615,4.663,181.695,84.711,65.235,235.937,16.273,6.112,,0.0,0.0,0.0,0.0,0.0,0.0,0.0,1.408,0.0,0.02,0.009,0.007,0.026,0.002,0.001
Africa,1998,,789672411.0,,,0.0,0.0,0.0,,,,0.0,,-2.292,-21.98,1186.617,937.039,255.419,201.698,1.343,20.174,1927.948,1522.447,49.623,31.069,,,406.459,14.164,1.46,43.582,3835.402,,1.143,31.498,407.84,322.06,3530.125,2787.642,79.236,92.429,5.24,24.861,499.337,97.927,77.33,632.334,6.5,67.705,1404.781,1109.316,19.025,16.556,,4.423,7.842,185.152,84.408,66.655,234.467,16.399,6.139,5.271,11.517,228.342,103.825,81.988,289.161,20.171,7.571,,,7.543,2.65,37.781,17.224,13.601,47.843,3.346,1.253,2.164,28.617,1351.266,54.493,43.032,1711.173,0.336,13.892,5249.451,4145.346,10.587,44.803,5.388,1.724,,23.478,1.025,2.183,,6.823,0.424,,0.179,514.718,3028.711,4.831,8.867,190.562,86.601,68.387,241.318,16.825,6.318,,0.0,0.0,0.0,0.0,0.0,0.0,0.0,5.556,0.001,0.021,0.01,0.008,0.027,0.002,0.001
Africa,1999,,809745318.0,,,0.0,0.0,0.0,,,,0.0,,3.092,28.972,1192.981,966.011,246.739,199.796,-0.172,-2.62,1876.921,1519.828,47.73,31.078,,,418.592,14.16,3.072,93.046,3855.234,,2.988,83.304,408.475,330.761,3545.493,2870.946,79.017,92.362,0.938,4.683,504.02,106.318,86.09,622.442,9.682,107.409,1502.603,1216.726,20.567,16.215,,6.045,11.193,196.345,87.292,70.684,242.478,16.886,6.317,3.98,9.059,237.402,105.281,85.251,293.181,20.366,7.638,,,-5.617,-2.122,35.658,15.853,12.837,44.036,3.067,1.147,3.674,49.65,1400.916,55.418,44.875,1730.07,-2.827,-117.197,4974.587,4028.149,10.72,45.069,5.343,1.71,,-0.838,-0.045,2.112,,6.598,0.408,,0.172,516.943,3121.758,5.889,11.181,201.743,89.428,72.414,249.144,17.299,6.49,,0.0,0.0,0.0,0.0,0.0,0.0,0.0,160.526,0.034,0.055,0.024,0.02,0.068,0.005,0.002
Africa,2000,,830226481.0,,,0.0,0.0,0.0,2.457,2.04,0.463,0.0,621.149,-0.236,-2.28,1160.804,963.731,254.774,211.52,-0.097,-1.474,1828.843,1518.354,47.956,30.284,454.14,547.007,441.07,14.606,2.397,74.822,3850.251,,2.034,58.388,422.258,350.57,3528.355,2929.334,79.482,92.052,10.476,52.803,556.822,110.632,91.85,670.687,11.037,134.286,1627.282,1351.012,20.824,17.498,273.97,6.533,12.827,209.172,90.156,74.85,251.946,16.97,6.573,6.479,15.54,252.941,109.006,90.5,304.666,20.518,7.948,13.07,2.878,1.348,0.481,36.139,15.67,13.01,43.529,2.95,1.136,0.561,7.865,1408.781,56.852,47.2,1696.864,7.228,291.173,5202.583,4319.322,10.701,44.27,7.109,2.47,0.43,33.053,1.766,2.975,0.518,8.563,0.56,0.097,0.223,531.265,3196.58,7.389,15.059,216.803,93.336,77.49,261.137,17.569,6.813,,0.034,0.034,0.0,0.0,0.04,0.0,0.001,786.364,0.432,0.487,0.205,0.17,0.587,0.039,0.015
Africa,2001,,851317075.0,,,0.0,0.0,0.0,2.467,2.1,0.457,0.0,619.697,1.265,12.196,1146.372,975.926,254.57,216.72,-0.251,-3.817,1779.052,1514.537,47.169,29.542,462.6,543.393,459.45,14.651,3.81,121.78,3897.914,,3.841,112.529,429.253,365.43,3573.125,3041.863,79.536,92.08,13.975,77.814,634.636,118.616,100.98,745.476,2.768,37.401,1630.9,1388.413,21.978,19.211,284.72,7.448,14.338,223.51,94.324,80.3,262.546,17.477,6.766,4.003,8.707,261.648,110.441,94.02,307.345,20.464,7.92,3.15,0.681,-17.61,-6.528,29.61,12.592,10.72,34.782,2.333,0.896,1.598,22.519,1431.3,56.066,47.73,1681.278,-1.004,-43.346,5022.777,4275.976,10.389,43.327,7.338,2.58,0.48,3.222,0.229,3.031,0.564,8.62,0.562,0.104,0.222,539.693,3318.36,7.619,15.235,232.038,97.848,83.3,272.563,18.13,7.024,24.498,0.008,0.042,0.0,0.0,0.049,0.0,0.001,136.798,0.661,1.148,0.493,0.42,1.349,0.091,0.035
Africa,2002,,873025213.0,,,0.491,0.563,0.491,2.955,2.58,0.529,0.015,617.101,-4.253,-41.505,1070.326,934.422,257.45,224.76,-1.674,-25.354,1705.773,1489.183,46.086,27.934,489.34,560.511,487.7,15.381,1.291,42.824,3850.043,,0.933,28.373,444.065,387.68,3516.777,3070.235,79.491,91.782,5.673,36.0,670.636,132.825,115.96,768.175,4.387,60.906,1660.111,1449.319,23.777,20.048,300.96,5.138,9.553,233.063,96.904,84.6,266.961,17.347,6.967,6.264,13.244,274.892,114.567,100.02,314.873,20.509,8.218,1.64,0.335,11.867,3.242,32.852,13.734,11.99,37.63,2.458,0.982,2.367,33.877,1465.178,53.79,46.96,1678.276,0.673,28.767,4930.834,4304.742,9.629,43.8,7.225,2.97,0.39,-1.537,-0.113,3.402,0.447,8.276,0.609,0.08,0.216,558.632,3361.184,5.547,10.003,242.04,100.833,88.03,277.243,18.05,7.236,9.332,0.004,0.045,0.023,0.02,0.052,0.004,0.001,6.739,0.067,1.215,0.504,0.44,1.392,0.09,0.036
Africa,2003,,895336412.0,,10.361,0.051,0.605,0.542,2.826,2.53,0.497,0.015,625.651,8.843,82.627,1135.94,1017.048,265.554,237.76,7.456,111.037,1787.283,1600.22,46.697,29.078,510.49,570.166,509.15,15.305,4.511,151.611,3923.437,,5.128,157.446,458.61,410.61,3604.993,3227.681,80.646,92.282,6.099,40.9,711.536,138.495,124.0,794.714,7.373,106.862,1738.097,1556.181,24.354,20.343,318.55,-2.881,-7.949,225.115,91.597,82.01,251.43,16.107,6.436,-1.296,-4.952,269.94,110.059,98.54,301.495,19.354,7.718,1.34,0.262,5.604,1.652,34.504,14.14,12.66,38.538,2.486,0.987,2.315,33.919,1499.097,54.56,48.85,1674.339,8.763,377.239,5229.298,4681.981,9.594,42.86,8.267,3.32,0.79,14.421,1.042,3.708,0.882,9.234,0.652,0.155,0.236,568.669,3512.796,-2.232,-6.605,235.436,95.919,85.88,262.958,16.867,6.731,17.163,0.007,0.053,0.022,0.02,0.059,0.004,0.002,20.744,0.244,1.459,0.592,0.53,1.63,0.104,0.042
Africa,2004,,918363272.0,,17.576,0.095,0.694,0.637,2.896,2.66,0.492,0.017,623.857,10.04,102.114,1218.648,1119.162,270.764,248.66,2.212,35.395,1781.011,1635.615,46.036,29.422,541.5,589.636,540.14,14.905,8.728,306.604,4158.92,,9.025,291.288,474.496,435.76,3831.784,3518.97,80.675,92.513,16.712,118.913,830.449,153.599,141.06,904.271,5.112,79.552,1781.14,1635.733,26.115,21.832,336.97,5.58,11.272,236.387,94.233,86.54,257.4,16.022,6.215,6.071,14.865,284.805,113.659,104.38,310.122,19.325,7.487,1.36,0.251,5.545,1.716,36.22,14.559,13.37,39.44,2.475,0.952,4.687,70.262,1569.359,50.133,46.04,1708.865,11.293,528.725,5673.905,5210.706,8.524,41.258,9.416,3.69,1.03,13.89,1.148,4.018,1.122,10.253,0.683,0.191,0.248,588.155,3819.399,6.148,13.149,248.585,99.1,91.01,270.682,16.849,6.535,20.602,0.01,0.063,0.022,0.02,0.069,0.004,0.002,43.443,0.623,2.082,0.828,0.76,2.267,0.141,0.055
Africa,2005,,942115143.0,,-100.0,-0.637,0.0,0.0,2.823,2.66,0.474,0.0,625.145,-7.156,-80.089,1102.915,1039.073,266.846,251.4,0.649,10.619,1747.382,1646.235,44.833,27.55,562.31,596.859,560.75,15.594,-0.83,-31.683,4020.439,,-0.805,-28.342,483.497,455.51,3705.097,3490.628,81.232,92.551,-2.7,-22.421,808.028,160.628,151.33,857.674,3.965,64.858,1805.078,1700.592,26.987,21.424,350.55,1.853,2.439,238.826,94.988,89.49,253.499,15.959,6.332,-0.972,-3.86,280.945,111.706,105.24,298.206,18.768,7.449,1.56,0.277,-15.507,-5.863,30.357,11.984,11.29,32.222,2.013,0.805,4.726,74.168,1643.527,56.023,52.78,1744.508,3.67,191.212,5733.819,5401.917,9.412,43.577,9.592,3.66,1.0,1.871,0.176,3.885,1.061,10.181,0.653,0.178,0.254,595.203,3787.717,1.147,2.003,250.588,99.722,93.95,265.985,16.754,6.644,16.558,0.01,0.073,0.021,0.02,0.077,0.004,0.002,1.576,0.016,2.098,0.828,0.78,2.227,0.139,0.056
Africa,2006,,966491337.0,,,0.072,0.075,0.072,3.59,3.47,0.591,0.002,627.522,1.446,15.024,1090.643,1054.097,267.452,258.49,-0.681,-11.208,1691.714,1635.026,44.051,27.342,590.37,610.838,586.8,15.964,2.211,83.744,4005.685,,2.21,77.157,495.39,478.79,3691.481,3567.785,81.593,92.546,4.421,35.72,843.748,169.976,164.28,873.001,8.282,140.85,1905.285,1841.442,27.996,21.886,368.23,3.615,7.31,246.136,95.831,92.62,254.669,15.784,6.385,2.755,6.438,287.383,111.755,108.01,297.347,18.407,7.454,3.57,0.605,-11.217,-3.549,26.807,10.378,10.03,27.737,1.709,0.695,1.607,26.413,1669.94,57.962,56.02,1727.837,1.601,86.468,5678.67,5488.385,9.547,43.317,11.994,4.48,1.01,25.046,2.402,4.635,1.045,12.41,0.763,0.172,0.311,607.145,3871.46,4.457,9.987,260.576,101.377,97.98,269.61,16.697,6.759,29.462,0.021,0.094,0.031,0.03,0.097,0.005,0.002,9.254,0.182,2.28,0.879,0.85,2.359,0.145,0.059
Africa,2007,,991615906.0,,986.878,0.712,0.791,0.785,2.914,2.89,0.474,0.02,627.206,1.664,17.536,1080.694,1071.633,267.281,265.04,-0.039,-0.638,1648.207,1634.388,43.433,26.816,614.6,619.796,610.23,16.008,3.651,141.332,4046.72,,3.688,131.574,502.624,498.41,3730.637,3699.359,81.676,92.57,6.716,56.667,900.415,176.147,174.67,908.028,6.263,115.325,1973.311,1956.767,28.624,22.531,382.74,3.422,7.069,253.205,96.358,95.55,255.346,15.658,6.336,4.386,9.524,296.907,112.765,111.82,299.417,18.324,7.43,4.37,0.711,12.877,3.291,30.098,11.416,11.32,30.353,1.855,0.753,3.436,57.371,1727.311,59.196,58.7,1741.915,2.134,117.12,5652.9,5605.505,9.619,43.223,9.998,3.91,1.02,-16.64,-1.996,3.943,1.029,10.083,0.641,0.167,0.25,615.389,4012.792,3.507,6.233,266.808,101.35,100.5,269.064,16.469,6.676,25.757,0.024,0.117,0.03,0.03,0.118,0.005,0.003,19.202,0.423,2.703,1.019,1.01,2.726,0.166,0.068
Africa,2008,,1017632831.0,,-25.943,-0.204,0.571,0.581,2.968,3.02,0.486,0.014,621.998,10.18,109.092,1160.266,1180.725,255.367,259.87,1.607,26.262,1631.875,1660.65,41.801,27.837,626.12,615.271,621.69,15.339,6.133,246.092,4185.088,,6.419,237.456,497.419,506.19,3868.601,3936.815,81.422,92.815,6.281,56.558,956.972,180.949,184.14,940.391,3.667,71.756,1993.374,2028.522,29.619,22.562,386.69,1.846,2.632,255.837,95.26,96.94,251.404,15.593,6.032,3.296,7.831,304.738,113.499,115.5,299.457,18.578,7.185,4.43,0.708,14.907,4.213,34.311,12.775,13.0,33.717,2.091,0.809,4.157,71.807,1799.118,61.103,62.18,1767.944,1.045,58.565,5565.927,5664.07,10.002,42.416,10.382,4.21,1.19,3.837,0.384,4.137,1.169,10.202,0.677,0.191,0.245,610.918,4258.883,1.985,3.618,270.426,100.724,102.5,265.74,16.487,6.376,41.643,0.048,0.165,0.039,0.04,0.162,0.006,0.004,29.084,0.759,3.462,1.287,1.31,3.402,0.211,0.082
Africa,2009,,1044356804.0,,-46.478,-0.27,0.298,0.311,2.796,2.92,0.468,0.007,614.829,-0.4,-4.723,1126.054,1176.002,239.535,250.16,-0.842,-13.987,1576.724,1646.663,40.053,27.359,629.81,603.06,624.58,15.208,1.333,56.781,4132.366,,1.283,50.505,483.714,505.17,3817.967,3987.32,80.882,92.763,-1.644,-15.734,941.238,180.216,188.21,901.261,-5.696,-115.547,1831.726,1912.975,30.134,21.898,384.01,2.686,5.494,261.33,96.375,100.65,250.231,16.115,6.08,2.398,6.314,311.052,114.338,119.41,297.841,19.118,7.237,5.23,0.83,-1.523,-0.7,33.612,12.266,12.81,32.184,2.051,0.782,3.944,70.961,1870.079,63.963,66.8,1790.652,-3.848,-217.944,5214.814,5446.126,10.695,43.507,11.408,4.28,1.36,9.88,1.026,4.098,1.302,10.923,0.685,0.218,0.265,598.052,4315.665,2.897,7.014,277.44,102.072,106.6,265.657,17.067,6.455,33.656,0.054,0.219,0.067,0.07,0.21,0.011,0.005,21.163,0.711,4.172,1.532,1.6,3.995,0.256,0.097
Africa,2010,,1071809929.0,,-39.414,-0.123,0.176,0.188,2.827,3.03,0.451,0.004,611.502,-0.751,-8.836,1088.968,1167.166,242.263,259.66,3.719,61.244,1593.479,1707.907,38.616,26.281,676.41,631.091,672.41,15.871,3.349,144.526,4161.363,,2.993,119.326,506.265,542.62,3831.506,4106.646,80.698,92.471,4.269,40.181,981.42,204.234,218.9,915.666,5.316,101.687,1879.683,2014.662,32.555,22.099,411.18,8.156,19.105,280.435,101.949,109.27,261.646,16.251,6.315,8.251,23.321,334.373,121.094,129.79,311.97,19.302,7.529,4.0,0.591,5.63,1.615,35.227,12.624,13.53,32.866,2.012,0.793,4.705,87.98,1958.06,59.768,64.06,1826.872,3.349,182.388,5251.411,5628.514,9.527,44.09,12.049,4.5,1.47,5.625,0.642,4.199,1.372,11.242,0.669,0.219,0.271,627.359,4460.19,8.57,21.706,299.146,108.471,116.26,279.104,17.29,6.736,140.728,0.304,0.524,0.196,0.21,0.489,0.031,0.012,43.734,1.778,5.95,2.127,2.28,5.551,0.339,0.134
Africa,2011,,1099732995.0,,168.162,0.317,0.459,0.505,2.501,2.75,0.399,0.011,610.951,-1.554,-18.141,1044.822,1149.025,238.94,262.77,-0.549,-9.384,1544.486,1698.522,38.156,25.477,694.88,631.862,688.68,16.01,1.549,69.089,4118.526,,1.518,62.359,506.032,556.5,3790.925,4169.005,80.807,92.44,8.169,80.174,1061.593,215.361,236.84,965.319,-0.453,-9.133,1823.652,2005.53,34.39,23.539,420.75,2.829,6.439,286.874,101.934,112.1,260.858,16.278,6.361,2.628,6.596,340.969,120.193,132.18,310.047,19.193,7.56,6.2,0.892,-4.62,-1.802,33.425,11.73,12.9,30.394,1.873,0.741,0.017,0.327,1958.386,51.731,56.89,1780.783,-16.213,-912.537,4288.293,4715.978,8.261,43.423,12.458,4.26,1.51,3.391,0.409,3.874,1.373,11.328,0.619,0.219,0.276,626.225,4529.279,3.487,8.397,307.544,108.463,119.28,279.653,17.32,6.819,191.772,0.996,1.52,0.464,0.51,1.382,0.074,0.034,4.512,0.236,6.186,2.191,2.41,5.625,0.35,0.137
Africa,2012,,1128396676.0,,74.032,0.374,0.779,0.879,2.455,2.77,0.382,0.019,609.553,-2.51,-28.839,992.723,1120.186,228.439,257.77,4.027,68.391,1565.862,1766.914,35.532,23.757,733.6,650.126,725.45,16.089,4.522,204.796,4195.4,,4.885,203.646,522.928,590.07,3875.101,4372.651,81.338,92.737,8.086,85.836,1147.43,233.792,263.81,1016.867,3.038,60.922,1831.317,2066.452,36.365,24.335,442.2,0.133,-1.098,285.776,101.533,114.57,253.258,15.793,6.061,1.068,1.502,342.47,119.976,135.38,303.502,18.662,7.263,8.15,1.111,0.507,-0.004,33.421,11.494,12.97,29.618,1.788,0.709,7.488,146.649,2105.035,60.697,68.49,1865.51,8.374,394.939,4529.362,5110.917,9.441,44.644,13.459,4.36,1.59,8.032,1.001,3.864,1.409,11.927,0.601,0.219,0.285,642.903,4734.076,1.129,1.505,309.049,108.481,122.41,273.883,16.874,6.554,61.754,0.926,2.446,0.789,0.89,2.168,0.123,0.052,5.439,0.303,6.489,2.295,2.59,5.751,0.357,0.138
Africa,2013,,1158293959.0,,-22.486,-0.198,0.588,0.682,2.521,2.92,0.394,0.014,604.446,1.068,11.966,977.431,1132.152,218.943,253.6,0.289,5.107,1529.854,1772.021,34.228,23.259,750.3,647.763,740.91,15.942,3.255,154.086,4220.139,,3.034,132.651,517.451,599.36,3889.602,4505.302,80.895,92.556,1.972,22.626,1170.056,231.133,267.72,1010.154,-3.705,-76.554,1717.956,1989.898,36.134,24.037,447.84,5.808,14.278,300.054,102.064,118.22,259.048,15.956,6.164,6.462,19.869,362.339,122.206,141.55,312.822,19.105,7.444,9.39,1.251,8.78,2.656,36.077,12.182,14.11,31.146,1.904,0.741,4.658,98.059,2203.094,67.375,78.04,1902.016,-7.107,-363.224,4098.867,4747.693,10.533,45.26,14.444,4.83,1.91,7.323,0.986,4.17,1.649,12.47,0.652,0.258,0.297,639.656,4888.162,6.211,17.214,326.263,110.024,127.44,281.675,17.2,6.703,-22.28,-0.56,1.887,0.483,0.56,1.629,0.076,0.039,42.82,2.707,9.196,3.307,3.83,7.94,0.517,0.189
Africa,2014,,1188685762.0,,0.983,0.007,0.579,0.688,2.372,2.82,0.367,0.014,598.443,4.731,53.557,997.496,1185.709,214.674,255.18,3.371,59.74,1540.997,1831.761,33.224,23.58,778.0,654.504,768.06,16.023,3.3,161.321,4247.954,,3.024,136.247,518.985,616.91,3904.774,4641.549,80.321,92.305,2.76,32.295,1202.35,233.384,277.42,1011.496,0.258,5.141,1678.357,1995.039,36.12,23.911,459.64,5.839,15.903,315.957,104.569,124.3,265.804,16.184,6.283,7.188,24.611,386.95,127.157,151.15,325.528,19.679,7.695,9.94,1.278,-2.212,-0.977,35.099,11.601,13.79,29.528,1.795,0.698,2.287,50.395,2253.49,70.927,84.31,1895.782,-4.549,-215.968,3812.383,4531.725,10.977,44.814,17.603,6.03,3.21,21.866,3.158,5.073,2.7,14.808,0.785,0.418,0.35,646.142,5049.482,8.233,25.588,351.851,115.556,137.36,296.0,17.884,6.997,151.54,2.835,4.722,1.565,1.86,3.972,0.242,0.094,40.788,3.685,12.881,4.349,5.17,10.837,0.673,0.256
Africa,2015,,1219484027.0,,21.518,0.148,0.686,0.836,2.46,3.0,0.38,0.016,597.534,-5.266,-62.438,921.104,1123.271,208.851,254.69,-3.971,-72.747,1442.425,1759.014,32.238,21.84,797.82,654.228,790.03,16.102,2.251,113.682,4233.892,,2.36,109.537,521.278,635.69,3895.98,4751.086,80.464,92.375,8.767,105.411,1307.761,237.076,289.11,1072.389,3.353,66.894,1690.824,2061.933,36.595,25.427,472.07,-2.581,-9.713,306.244,100.362,122.39,251.126,15.492,5.954,1.665,5.224,392.174,126.562,154.34,321.59,19.536,7.625,7.79,0.976,-11.288,-4.119,30.98,10.037,12.24,25.404,1.549,0.602,2.954,66.564,2320.053,75.352,91.89,1902.488,-1.104,-50.027,3675.077,4481.698,11.631,45.109,22.572,7.48,4.48,28.23,4.969,6.134,3.674,18.509,0.947,0.567,0.439,647.84,5163.164,2.965,9.343,361.194,116.525,142.1,296.186,17.987,7.023,91.097,4.256,8.977,2.665,3.25,7.361,0.411,0.175,76.062,9.683,22.564,7.364,8.98,18.503,1.137,0.439
Africa,2016,,1250551239.0,,-21.313,-0.178,0.526,0.658,2.639,3.3,0.41,0.013,594.825,6.086,68.361,952.885,1191.632,205.253,256.68,-0.134,-2.355,1404.708,1756.659,31.854,22.655,812.48,649.697,805.8,16.058,2.279,117.679,4222.812,,2.241,106.477,516.596,646.03,3884.337,4857.562,80.173,92.35,3.266,42.706,1350.467,247.163,309.09,1079.897,1.74,35.875,1677.507,2097.809,38.358,25.674,479.31,-1.351,-6.414,299.83,96.613,120.82,239.758,14.994,5.7,3.284,10.233,402.407,127.76,159.77,321.784,19.828,7.65,6.68,0.822,22.792,6.774,37.754,12.019,15.03,30.19,1.865,0.718,-0.198,-4.59,2315.464,64.18,80.26,1851.555,-5.608,-251.316,3382.814,4230.382,9.96,44.02,22.865,7.99,4.69,1.298,0.293,6.389,3.75,18.284,0.992,0.582,0.435,644.356,5280.843,1.597,3.459,364.653,115.741,144.74,291.594,17.962,6.933,48.3,4.236,13.213,3.774,4.72,10.566,0.586,0.251,25.42,5.523,28.087,8.964,11.21,22.46,1.391,0.534
Africa,2017,,1282169538.0,,-1.911,-0.013,0.503,0.646,2.66,3.41,0.413,0.012,588.576,0.096,1.14,930.277,1192.772,200.535,257.12,2.547,44.747,1404.967,1801.406,31.143,21.995,830.86,648.011,825.62,15.976,3.103,163.858,4246.475,,2.893,140.531,512.132,656.64,3898.154,4998.094,79.533,92.166,7.796,105.278,1455.745,253.243,324.7,1135.376,9.7,203.493,1794.85,2301.302,39.328,26.844,485.94,5.194,13.996,313.826,98.583,126.4,244.762,15.31,5.787,6.084,22.41,424.817,131.792,168.98,331.327,20.467,7.834,5.24,0.631,-5.544,-2.271,35.482,11.067,14.19,27.674,1.719,0.654,1.473,34.113,2349.577,58.354,74.82,1832.501,5.526,233.787,3481.73,4464.168,9.062,43.327,23.55,8.17,4.76,2.996,0.685,6.372,3.712,18.367,0.99,0.577,0.434,643.924,5444.701,7.299,24.682,389.335,120.725,154.79,303.653,18.748,7.179,31.426,4.065,17.278,5.288,6.78,13.476,0.821,0.319,21.784,5.948,34.035,10.482,13.44,26.545,1.628,0.628
Africa,2018,,1314609397.0,,56.879,0.367,0.77,1.013,2.221,2.92,0.341,0.018,583.932,-1.898,-22.636,890.102,1170.136,201.626,265.06,2.243,40.411,1401.037,1841.816,30.974,21.244,859.47,653.784,855.75,16.327,1.577,85.872,4207.008,,1.252,62.582,514.32,676.13,3849.566,5060.675,79.01,91.878,6.681,97.265,1553.01,263.158,345.95,1181.347,5.425,124.848,1845.529,2426.149,40.427,28.195,499.7,7.077,20.537,334.364,103.955,136.66,254.345,15.97,6.07,5.876,22.519,447.336,136.634,179.62,340.281,20.99,8.122,3.72,0.433,-18.41,-6.677,28.806,8.809,11.58,21.912,1.353,0.523,-0.513,-12.048,2337.529,49.536,65.12,1778.117,1.884,84.09,3459.779,4548.258,7.61,42.439,25.695,8.05,5.13,9.11,2.145,6.123,3.902,19.546,0.941,0.599,0.467,650.954,5530.573,8.111,29.196,418.531,127.825,168.04,318.369,19.637,7.599,20.588,3.453,20.732,6.428,8.45,15.77,0.987,0.376,8.45,2.692,36.727,11.319,14.88,27.938,1.739,0.667
Africa,2019,,1347162538.0,,34.246,0.347,1.009,1.359,2.227,3.0,0.342,0.024,574.912,5.915,69.214,919.971,1239.35,196.101,264.18,-2.22,-40.89,1336.829,1800.926,30.159,21.908,874.14,648.875,875.96,16.295,2.735,151.26,4217.629,,2.371,119.983,506.606,682.48,3845.608,5180.658,77.912,91.58,1.513,23.5,1576.509,268.616,361.87,1170.244,1.22,29.592,1822.899,2455.741,41.311,27.868,503.6,2.547,6.819,341.183,104.605,140.92,253.26,16.087,6.031,7.146,29.004,476.34,143.62,193.48,353.588,22.088,8.42,-1.82,-0.208,14.439,3.996,32.802,9.835,13.25,24.349,1.513,0.58,1.167,27.27,2364.799,41.888,56.43,1755.393,1.162,52.871,3415.422,4601.129,6.442,41.803,25.956,8.24,5.24,1.015,0.261,6.117,3.89,19.267,0.941,0.598,0.459,650.226,5681.833,6.64,25.008,443.538,133.785,180.23,329.239,20.575,7.841,32.381,6.577,27.309,8.574,11.55,20.271,1.319,0.483,30.606,11.003,47.731,14.49,19.52,35.43,2.228,0.844
Africa,2020,,1379939686.0,,5.871,0.08,1.043,1.439,2.145,2.96,0.344,0.027,564.68,-3.201,-39.673,869.369,1199.677,182.45,251.77,-2.858,-51.464,1267.781,1749.462,29.239,22.272,859.93,623.165,861.09,16.916,-4.738,-269.228,3922.349,,-5.671,-293.776,477.651,659.13,3541.374,4886.883,76.546,90.726,-2.199,-34.666,1541.844,259.606,358.24,1117.327,-5.565,-136.651,1680.574,2319.091,41.603,28.625,486.24,6.944,22.79,363.973,107.512,148.36,263.76,17.229,6.757,5.217,23.185,499.525,146.354,201.96,361.991,23.454,9.274,-1.16,-0.135,-25.272,-8.35,24.452,7.174,9.9,17.72,1.15,0.454,-9.279,-219.437,2145.362,35.596,49.12,1554.678,-15.565,-716.159,2815.318,3884.969,5.704,39.829,24.988,8.02,5.06,-3.732,-0.969,5.812,3.667,18.108,0.931,0.588,0.464,624.006,5412.605,7.49,31.535,475.073,139.18,192.06,344.271,22.304,8.82,37.604,10.176,37.485,11.993,16.55,27.164,1.922,0.696,-0.891,-0.542,47.188,13.863,19.13,34.196,2.222,0.876
Africa,2021,,1412811077.0,,-1.255,-0.018,1.006,1.421,2.152,3.04,0.336,0.024,556.991,0.393,4.717,852.481,1204.394,176.06,248.74,-3.517,-61.536,1194.728,1687.926,27.462,20.614,904.65,640.319,905.76,16.399,8.457,457.769,4155.102,,8.514,416.067,486.059,686.71,3753.474,5302.949,75.816,90.764,14.505,223.648,1765.491,274.156,387.33,1249.63,14.99,347.623,1887.523,2666.713,42.763,30.218,504.5,5.494,19.05,383.023,110.1,155.55,271.107,17.173,6.556,8.319,40.099,539.624,155.046,219.05,381.951,24.184,9.236,-1.11,-0.123,24.76,5.979,30.431,8.741,12.35,21.539,1.363,0.521,8.749,187.701,2333.063,35.843,50.64,1651.363,3.913,152.014,2857.412,4036.983,5.591,39.932,25.196,8.08,5.04,0.835,0.209,5.719,3.567,17.834,0.892,0.556,0.431,641.105,5870.374,7.467,34.12,509.193,146.304,206.7,360.411,22.821,8.715,14.994,5.514,43.0,14.064,19.87,30.435,2.194,0.736,20.141,9.364,56.553,16.421,23.2,40.029,2.561,0.968
Africa,2022,,1445862695.0,,-8.161,-0.116,0.903,1.305,2.116,3.06,0.331,0.022,549.119,-4.439,-53.465,796.015,1150.929,166.759,241.11,1.376,23.22,1183.477,1711.146,26.118,19.419,925.83,640.331,923.17,16.468,1.436,84.281,4118.409,,1.327,70.366,478.621,692.02,3716.339,5373.315,74.961,90.661,-0.656,-11.573,1753.918,272.488,393.98,1213.06,-3.839,-102.374,1773.57,2564.339,42.677,29.593,506.93,4.128,14.83,397.853,112.964,163.33,275.167,17.692,6.713,2.75,13.894,553.518,159.87,231.15,382.829,25.039,9.339,2.66,0.287,-18.252,-5.615,24.816,6.985,10.1,17.163,1.094,0.419,5.804,135.405,2468.469,39.374,56.93,1707.263,-4.251,-171.614,2673.4,3865.37,6.167,41.649,26.471,8.61,5.55,5.059,1.275,5.955,3.839,18.308,0.933,0.601,0.447,638.491,5954.654,4.013,19.509,528.702,152.885,221.05,365.666,23.945,8.92,-1.324,-0.674,42.326,16.883,24.41,29.274,2.644,0.714,7.681,4.194,60.747,17.083,24.7,42.014,2.676,1.025
Africa,2023,,1479690254.0,,-12.08,-0.158,0.776,1.148,2.669,3.95,0.424,0.019,543.867,2.475,28.488,797.07,1179.417,156.54,231.63,2.173,37.19,1181.556,1748.336,24.883,19.594,933.8,631.078,930.89,16.382,1.606,95.638,4088.891,,1.333,71.62,469.443,694.63,3679.781,5444.936,74.62,90.457,2.104,36.9,1790.818,269.11,398.2,1210.265,-1.087,-27.867,1714.191,2536.472,42.776,29.751,506.28,3.206,9.751,407.604,108.462,160.49,275.465,17.24,6.772,4.342,20.942,574.46,159.669,236.26,388.23,25.38,9.543,2.91,0.312,-19.802,-5.06,19.756,5.474,8.1,13.352,0.87,0.328,0.252,6.232,2474.701,43.793,64.8,1672.445,3.122,120.681,2693.841,3986.051,6.961,41.112,30.41,10.01,6.06,14.88,3.939,6.765,4.095,20.551,1.075,0.651,0.505,629.111,6050.292,5.484,26.002,554.704,154.194,228.16,374.878,24.51,9.215,10.077,3.924,46.25,20.2,29.89,31.257,3.211,0.768,14.908,8.545,69.292,18.767,27.77,46.829,2.983,1.151
Africa,2024,,1514032368.0,,1.061,0.012,0.766,1.16,1.929,2.92,0.304,0.019,544.132,1.321,15.58,789.281,1194.997,161.971,245.23,1.567,27.399,1172.852,1775.735,25.498,19.559,965.72,637.846,961.77,16.68,1.477,89.336,4055.15,,1.362,74.184,472.956,716.07,3645.312,5519.12,74.453,90.335,-0.585,-10.469,1780.349,269.849,408.56,1175.899,-5.553,-140.84,1582.286,2395.632,42.48,29.14,523.33,1.77,7.215,414.819,108.974,164.99,273.983,17.155,6.79,2.697,16.067,590.527,162.282,245.7,390.036,25.547,9.665,3.95,0.409,-3.704,-0.732,19.024,5.152,7.8,12.565,0.811,0.311,2.791,69.073,2543.773,41.135,62.28,1680.131,0.794,31.664,2653.652,4017.715,6.476,41.635,33.729,8.95,6.03,10.916,3.32,5.911,3.983,22.278,0.931,0.627,0.552,635.237,6139.628,2.927,16.799,571.503,157.13,237.9,377.47,24.736,9.354,10.028,4.638,50.888,23.546,35.65,33.611,3.707,0.833,2.329,1.614,70.906,18.698,28.31,46.833,2.944,1.161
Africa (EI),1965,,,,,,,0.0,,,,0.0,,,,,323.496,,,,,,,,45.386,,,,,,,,,,,,,,674.141,,94.581,,,9.572,,,,,,,,,1.343,,,,38.627,,13.906,,,5.419,,,38.627,,13.906,,,5.419,,,,,0.0,,0.0,,,0.0,,,341.073,,,,,,,1235.101,,47.852,0.0,0.0,,,,,,,,,0.0,,715.26,,,38.627,,13.906,,,5.419,,,0.0,,0.0,,,0.0,,,0.0,,0.0,,,0.0
Africa (EI),1966,,,,,0.0,,0.0,,,,0.0,,-0.116,-0.374,,323.122,,,,,,,,43.293,,,,,4.738,33.888,,,4.323,29.144,,,,703.285,,94.228,11.765,1.126,10.698,,,,,,,,,1.433,,11.538,4.457,43.083,,15.51,,,5.772,11.538,4.457,43.083,,15.51,,,5.772,,,,0.0,0.0,,0.0,,,0.0,8.324,28.392,369.465,,,,27.263,336.726,,1571.827,,49.502,0.0,0.0,,,0.0,,,,,,0.0,,749.148,11.538,4.457,43.083,,15.51,,,5.772,,0.0,0.0,,0.0,,,0.0,,0.0,0.0,,0.0,,,0.0
Africa (EI),1967,,,,,0.0,,0.0,,,,0.0,,2.219,7.169,,330.292,,,,,,,,43.798,,,,,1.051,7.875,,,0.834,5.862,,,,709.147,,94.036,-1.161,-0.124,10.574,,,,,,,,,1.402,,4.388,1.891,44.974,,16.191,,,5.964,4.388,1.891,44.974,,16.191,,,5.964,,,,0.0,0.0,,0.0,,,0.0,-0.32,-1.183,368.282,,,,10.008,157.31,,1729.137,,48.836,0.0,0.0,,,0.0,,,,,,0.0,,757.023,4.388,1.891,44.974,,16.191,,,5.964,,0.0,0.0,,0.0,,,0.0,,0.0,0.0,,0.0,,,0.0
Africa (EI),1968,,,,,0.0,,0.0,,,,0.0,,4.003,13.221,,343.513,,,,,,,,43.133,,,,,5.651,42.78,,,4.887,34.655,,,,743.802,,93.395,1.355,0.143,10.717,,,,,,,,,1.346,,16.971,7.633,52.607,,18.938,,,6.605,16.971,7.633,52.607,,18.938,,,6.605,,,,0.0,0.0,,0.0,,,0.0,5.781,21.29,389.572,,,,28.164,486.989,,2216.126,,48.916,0.0,0.0,,,0.0,,,,,,0.0,,799.802,16.971,7.633,52.607,,18.938,,,6.605,,0.0,0.0,,0.0,,,0.0,,0.0,0.0,,0.0,,,0.0
Africa (EI),1969,,,,,0.0,,0.0,,,,0.0,,0.911,3.13,,346.643,,,,,,,,42.381,,,,,2.761,22.086,,,1.712,12.734,,,,756.536,,92.494,16.824,1.803,12.52,,,,,,,,,1.531,,16.699,8.785,61.391,,22.101,,,7.506,16.699,8.785,61.391,,22.101,,,7.506,,,,0.0,0.0,,0.0,,,0.0,2.002,7.801,397.373,,,,27.172,602.168,,2818.294,,48.583,0.0,0.0,,,0.0,,,,,,0.0,,821.888,16.699,8.785,61.391,,22.101,,,7.506,,0.0,0.0,,0.0,,,0.0,,0.0,0.0,,0.0,,,0.0
Africa (EI),1970,,,,,0.0,,0.0,,,,0.0,,4.072,14.114,,360.757,,,,,,,,40.656,,,,,8.567,70.408,,,7.145,54.057,,,,810.593,,91.35,24.188,3.028,15.549,,,,,,,30.076,,1.752,,25.02,15.36,76.751,,27.63,,,8.65,25.02,15.36,76.751,,27.63,,,8.65,,,,0.0,0.0,,0.0,,,0.0,9.29,36.915,434.288,,,,20.627,581.335,,3399.629,,48.942,0.0,0.0,,,0.0,,,,,,0.0,,892.296,25.02,15.36,76.751,,27.63,,,8.65,,0.0,0.0,,0.0,,,0.0,,0.0,0.0,,0.0,,,0.0
Africa (EI),1971,,,,,0.0,,0.0,,,,0.0,,6.169,22.255,,383.012,,,,,,,,40.47,,,,,6.589,58.792,,,7.778,63.05,,,,873.643,,92.311,18.373,2.857,18.405,,,,23.1,6.947,,37.023,,1.945,,-5.852,-4.492,72.259,,26.013,,,7.635,-5.259,-3.979,72.772,,26.177,,,7.689,,,,0.0,0.0,,0.0,,,0.0,8.736,37.938,472.225,,,,-6.43,-218.599,,3181.03,,49.896,0.512,0.164,,,0.512,,,,,,0.054,,951.088,-5.259,-3.979,72.772,,26.177,,,7.689,,0.0,0.0,,0.0,,,0.0,,0.0,0.0,,0.0,,,0.0
Africa (EI),1972,,,,,0.0,,0.0,,,,0.0,,0.313,1.199,,384.211,,,,,,,,38.39,,,,,5.787,55.042,,,5.075,44.335,,,,917.977,,91.724,34.041,6.265,24.671,,,,75.931,28.112,,65.135,,2.465,,13.915,10.055,82.314,,29.633,,,8.225,13.832,10.058,82.83,,29.798,,,8.276,,,,0.0,0.0,,0.0,,,0.0,7.808,36.871,509.096,,,,0.413,13.144,,3194.173,,50.869,0.516,0.165,,0.61,0.003,,,,,,0.052,,1006.129,13.832,10.058,82.83,,29.798,,,8.276,,0.0,0.0,,0.0,,,0.0,,0.0,0.0,,0.0,,,0.0
Africa (EI),1973,,,,,0.0,,0.0,,,,0.0,,6.429,24.7,,408.91,,,,,,,,37.663,,,,,8.469,85.207,,,8.729,80.128,,,,998.105,,91.931,60.319,14.881,39.552,,,,50.952,33.187,,98.322,,3.643,,5.779,4.757,87.071,,31.346,,,8.02,5.764,4.773,87.603,,31.516,,,8.069,,,,0.0,0.0,,0.0,,,0.0,7.964,40.547,549.643,,,,4.782,152.748,,3346.921,,50.625,0.531,0.17,,3.03,0.016,,,,,,0.049,,1091.336,5.764,4.773,87.603,,31.516,,,8.069,,0.0,0.0,,0.0,,,0.0,,0.0,0.0,,0.0,,,0.0
Africa (EI),1974,,,,,0.0,,0.0,,,,0.0,,4.093,16.736,,425.646,,,,,,,,37.327,,,,,5.076,55.392,,,4.268,42.598,,,,1040.703,,91.264,12.557,4.967,44.518,,,,4.356,4.283,,102.605,,3.904,,13.786,12.004,99.075,,35.667,,,8.688,13.728,12.019,99.622,,35.842,,,8.736,,,,0.0,0.0,,0.0,,,0.0,3.802,20.895,570.538,,,,-7.809,-261.354,,3085.567,,50.033,0.547,0.175,,2.941,0.016,,,,,,0.048,,1146.729,13.728,12.019,99.622,,35.842,,,8.736,,0.0,0.0,,0.0,,,0.0,,0.0,0.0,,0.0,,,0.0
Africa (EI),1975,,,,,0.0,,0.0,,,,0.0,,5.975,25.434,,451.081,,,,,,,,37.321,,,,,5.989,68.679,,,6.017,62.624,,,,1103.326,,91.287,20.486,9.12,53.638,,,,12.403,12.726,,115.331,,4.438,,5.75,5.697,104.772,,37.718,,,8.669,5.714,5.688,105.31,,37.89,,,8.713,,,,0.0,0.0,,0.0,,,0.0,4.92,28.069,598.607,,,,-8.247,-254.475,,2831.093,,49.528,0.538,0.172,,-1.714,-0.009,,,,,,0.044,,1215.407,5.714,5.688,105.31,,37.89,,,8.713,,0.0,0.0,,0.0,,,0.0,,0.0,0.0,,0.0,,,0.0
Africa (EI),1976,,,,,0.0,,0.0,,,,0.0,,6.649,29.994,,481.074,,,,,,,,36.72,,,,,8.409,102.199,,,8.166,90.094,,,,1193.421,,91.094,13.69,7.343,60.981,,,,19.033,21.951,,137.282,,4.655,,10.816,11.332,116.105,,41.798,,,8.862,10.801,11.373,116.683,,41.983,,,8.906,,,,0.0,0.0,,0.0,,,0.0,8.813,52.758,651.365,,,,19.286,546.018,,3377.11,,49.719,0.578,0.185,,7.558,0.041,,,,,,0.044,,1317.606,10.801,11.373,116.683,,41.983,,,8.906,,0.0,0.0,,0.0,,,0.0,,0.0,0.0,,0.0,,,0.0
Africa (EI),1977,,,,,0.0,,0.0,,,,0.0,,2.208,10.624,,491.698,,,,,,,,35.604,,,,,5.438,71.652,,,4.979,59.424,,,,1252.844,,90.719,11.893,7.253,68.234,,,,1.963,2.695,,139.977,,4.941,,9.884,11.475,127.58,,45.929,,,9.238,9.85,11.488,128.171,,46.118,,,9.281,,,,0.0,0.0,,0.0,,,0.0,6.378,41.547,692.912,,,,4.854,163.925,,3541.035,,50.174,0.591,0.189,,2.162,0.012,,,,,,0.043,,1389.259,9.85,11.488,128.171,,46.118,,,9.281,,0.0,0.0,,0.0,,,0.0,,0.0,0.0,,0.0,,,0.0
Africa (EI),1978,,,,,0.0,,0.0,,,,0.0,,-2.823,-13.883,,477.816,,,,,,,,33.294,,,,,3.902,54.206,,,4.236,53.069,,,,1305.913,,90.995,42.7,29.136,97.37,,,,33.372,46.713,,186.69,,6.785,,0.823,1.05,128.63,,46.307,,,8.963,0.833,1.069,129.24,,46.502,,,9.005,,,,0.0,0.0,,0.0,,,0.0,5.458,37.816,730.728,,,,-2.386,-84.49,,3456.545,,50.916,0.609,0.195,,3.175,0.019,,,,,,0.042,,1443.465,0.833,1.069,129.24,,46.502,,,9.005,,0.0,0.0,,0.0,,,0.0,,0.0,0.0,,0.0,,,0.0
Africa (EI),1979,,,,,0.0,,0.0,,,,0.0,,6.16,29.431,,507.247,,,,,,,,32.42,,,,,9.01,130.055,,,9.22,120.401,,,,1426.314,,91.16,52.863,51.473,148.843,,,,51.765,96.64,,283.33,,9.513,,7.036,9.051,137.681,,49.565,,,8.8,7.02,9.07,138.309,,49.766,,,8.84,,,,0.0,0.0,,0.0,,,0.0,5.405,39.497,770.225,,,,9.943,343.679,,3800.224,,49.227,0.628,0.201,,3.077,0.019,,,,,,0.04,,1573.52,7.02,9.07,138.309,,49.766,,,8.84,,0.0,0.0,,0.0,,,0.0,,0.0,0.0,,0.0,,,0.0
Africa (EI),1980,,,,,0.0,,0.0,,,,0.0,,7.158,36.31,,543.557,,,,,,,,32.272,,,,,7.59,119.428,,,8.632,123.115,,,,1549.429,,91.994,25.578,38.071,186.914,,,,-12.362,-35.027,,248.303,,11.098,,-2.529,-3.482,134.199,,48.312,,,7.968,-2.507,-3.463,134.846,,48.519,,,8.006,,,,0.0,0.0,,0.0,,,0.0,6.327,48.734,818.958,,,,-8.098,-307.737,,3492.487,,48.624,0.647,0.207,,2.985,0.019,,,,,,0.038,,1692.948,-2.507,-3.463,134.846,,48.519,,,8.006,,0.0,0.0,,0.0,,,0.0,,0.0,0.0,,0.0,,,0.0
Africa (EI),1981,,,,,0.0,,0.0,,,,0.0,,16.97,92.242,,635.799,,,,,,909.903,,33.602,,,,,12.297,208.186,,,13.075,202.588,,,,1752.018,,92.595,22.244,41.577,228.491,,,,6.623,16.445,,264.748,,12.076,,3.894,5.225,139.425,,50.193,,,7.369,3.9,5.26,140.106,,50.411,,,7.405,,,,0.0,0.0,,0.0,,,0.0,8.397,68.769,887.728,,,,-20.597,-719.347,,2773.14,,46.917,0.681,0.218,,5.314,0.034,,,,,,0.036,,1901.133,3.9,5.26,140.106,,50.411,,,7.405,,0.0,0.0,,0.0,,,0.0,,0.0,0.0,,0.0,,,0.0
Africa (EI),1982,,,,,0.0,,0.0,,,,0.0,,10.283,65.377,,701.176,,,9.76,88.809,,998.712,,34.733,,,,,6.663,126.666,,,7.224,126.569,,,,1878.587,,93.055,7.984,18.242,246.734,,,,22.801,60.365,,325.113,,12.222,,0.027,0.037,139.462,,50.206,,,6.908,0.062,0.093,140.199,,50.442,,,6.945,,,,0.0,0.0,,0.0,,,0.0,4.838,42.95,930.677,,,,-3.861,-107.079,,2666.062,,46.101,0.738,0.236,,8.257,0.056,,,,,,0.037,,2027.8,0.062,0.093,140.199,,50.442,,,6.945,,0.0,0.0,,0.0,,,0.0,,0.0,0.0,,0.0,,,0.0
Africa (EI),1983,,,,,0.0,,0.0,,,,0.0,,1.721,12.07,,713.246,,,1.318,13.161,,1011.873,,34.371,,,,,2.735,55.469,,,3.734,70.153,,,,1948.739,,93.909,9.947,24.542,271.275,,,,34.402,111.844,,436.957,,13.073,,-9.877,-13.775,125.687,,45.247,,,6.057,-9.843,-13.794,126.405,,45.477,,,6.091,,,,0.0,0.0,,0.0,,,0.0,3.604,33.54,964.218,,,,1.361,36.29,,2702.351,,46.465,0.719,0.23,,-2.542,-0.019,,,,,,0.035,,2083.269,-9.843,-13.794,126.405,,45.477,,,6.091,,0.0,0.0,,0.0,,,0.0,,0.0,0.0,,0.0,,,0.0
Africa (EI),1984,,,,,0.0,,0.0,,,,0.0,,6.961,49.652,,762.898,,,11.521,116.58,,1128.453,,35.706,,,,,2.956,61.585,,,2.703,52.674,,,,2001.413,,93.671,-4.192,-11.373,259.903,,,,4.965,21.694,,458.651,,12.164,,-1.673,-2.103,123.583,,44.49,,,5.784,6.975,8.812,135.217,,48.649,,,6.329,,,,10.903,10.903,,3.925,,,0.51,1.493,14.395,978.612,,,,6.788,183.428,,2885.779,,45.802,0.731,0.234,,1.739,0.012,,,,,,0.034,,2144.854,-1.656,-2.091,124.315,,44.724,,,5.818,,0.0,0.0,,0.0,,,0.0,,0.0,0.0,,0.0,,,0.0
Africa (EI),1985,,,,,0.0,,0.0,,,,0.0,,3.181,24.268,,787.166,,139.514,6.244,70.458,,1198.911,53.869,35.415,,,258.986,12.189,4.056,87.005,,,3.412,68.284,,201.736,,2069.697,77.895,93.118,7.287,18.94,278.843,,27.927,,10.253,47.027,,505.678,10.783,12.545,,11.148,13.777,137.36,,49.45,,19.094,6.18,13.124,17.747,152.965,,55.034,,21.25,6.882,,,35.414,3.861,14.764,,5.315,,2.052,0.664,2.562,25.076,1003.688,,34.296,,3.97,114.552,,3000.331,13.242,45.157,0.841,0.269,,14.957,0.109,,,,0.104,,0.038,,2231.859,11.168,13.886,138.201,,49.719,,19.197,6.218,,0.0,0.0,,0.0,,0.0,0.0,,0.0,0.0,,0.0,,0.0,0.0
Africa (EI),1986,,,,,0.0,,0.0,,,,0.0,,2.311,18.19,,805.356,,142.078,2.551,30.58,,1229.491,52.6,35.522,,,270.11,12.51,2.014,44.939,,,1.397,28.913,,207.611,,2098.61,76.862,92.564,12.347,34.428,313.271,,28.349,,4.838,24.465,,530.143,10.495,13.818,,3.429,4.71,142.07,,51.145,,18.935,6.266,10.128,15.618,168.583,,60.607,,22.438,7.436,,,65.626,9.689,24.453,,8.803,,3.259,1.079,-2.362,-23.705,979.983,,37.184,,-0.287,-8.62,,2991.711,13.766,43.225,2.059,0.659,,144.981,1.219,,,,0.244,,0.091,,2276.799,4.195,5.929,144.13,,51.804,,19.179,6.357,,0.0,0.0,,0.0,,0.0,0.0,,0.0,0.0,,0.0,,0.0,0.0
Africa (EI),1987,,,,,0.0,,0.0,,,,0.0,,2.851,22.964,,828.32,,152.227,0.104,1.284,,1230.775,54.317,35.323,,,280.26,12.482,3.392,77.233,,,4.331,90.89,,222.495,,2189.5,79.389,93.371,3.228,10.113,323.384,,31.584,,9.212,48.835,,578.978,11.27,13.791,,-4.084,-5.803,136.268,,49.056,,17.504,5.811,-7.798,-13.128,155.455,,55.881,,19.939,6.629,,,-29.944,-7.322,17.131,,6.167,,2.2,0.731,5.899,57.813,1037.796,,38.684,,0.198,5.926,,2997.637,13.803,44.257,2.056,0.658,,-0.152,-0.003,,,,0.235,,0.088,,2354.032,-4.034,-5.806,138.324,,49.714,,17.739,5.899,,0.0,0.0,,0.0,,0.0,0.0,,0.0,0.0,,0.0,,0.0,0.0
Africa (EI),1988,,,,,0.0,,0.0,,,,0.0,,7.466,61.841,,890.161,,152.449,2.775,34.157,,1264.932,51.626,35.465,,,295.296,12.331,7.056,166.096,,,6.417,140.495,,229.071,,2329.995,77.573,92.83,10.842,35.06,358.445,,34.009,,6.659,38.554,,617.532,11.517,14.281,,9.249,12.603,148.871,,53.593,,18.149,5.931,15.803,24.519,179.974,,64.712,,21.914,7.17,,,70.148,12.017,29.147,,10.493,,3.553,1.161,4.201,43.594,1081.39,,42.613,,4.248,127.326,,3124.964,14.431,43.084,1.956,0.626,,-4.863,-0.1,,,,0.212,,0.078,,2520.128,9.062,12.503,150.827,,54.219,,18.361,6.009,,0.0,0.0,,0.0,,0.0,0.0,,0.0,0.0,,0.0,,0.0,0.0
Africa (EI),1989,,,,,0.0,,0.0,,,,0.0,,-6.127,-54.54,,835.621,,157.211,-2.884,-36.481,,1228.45,51.267,33.245,,,306.648,12.817,0.163,4.103,,,-0.237,-5.521,,237.488,,2324.474,77.446,92.478,3.634,13.026,371.471,,36.939,,9.696,59.876,,677.408,12.046,14.779,,5.006,7.452,156.323,,56.276,,18.352,6.219,5.068,9.107,189.081,,67.992,,22.173,7.522,,,5.775,1.683,30.831,,11.099,,3.619,1.227,3.328,35.993,1117.382,,43.338,,10.37,324.068,,3449.032,14.133,44.454,1.928,0.617,,-1.438,-0.028,,,,0.201,,0.077,,2524.231,4.931,7.424,158.251,,56.893,,18.553,6.296,,0.0,0.0,,0.0,,0.0,0.0,,0.0,0.0,,0.0,,0.0,0.0
Africa (EI),1990,,,,,0.0,,0.0,,,,0.0,,5.033,42.057,,877.678,,164.674,-0.588,-7.224,,1221.226,51.658,33.762,,,318.776,12.848,3.411,86.11,,,3.878,90.135,,250.27,,2414.609,78.51,92.883,7.315,27.174,398.645,,42.646,,6.522,44.183,,721.591,13.378,15.335,,1.739,2.718,159.041,,57.255,,17.961,6.118,-2.181,-4.053,185.028,,66.509,,20.864,7.117,,,-23.876,-7.361,23.469,,8.449,,2.65,0.903,1.871,20.903,1138.285,,42.951,,7.171,247.34,,3696.372,13.474,43.786,2.518,0.806,,30.592,0.59,,,,0.253,,0.097,,2610.341,2.052,3.308,161.559,,58.06,,18.214,6.215,,0.0,0.0,,0.0,,0.0,0.0,,0.0,0.0,,0.0,,0.0,0.0
Africa (EI),1991,,,,,0.0,,0.0,,,,0.0,,-2.725,-23.916,,853.762,,164.786,1.98,24.185,,1245.411,50.727,32.908,,,324.848,13.159,-0.176,-4.594,,,-0.69,-16.672,,252.426,,2397.937,77.706,92.428,0.75,2.99,401.636,,45.611,,7.187,51.861,,773.452,14.041,15.481,,5.933,9.436,168.476,,60.651,,18.671,6.494,6.176,11.416,196.444,,70.617,,21.739,7.572,,,8.226,1.931,25.4,,9.144,,2.815,0.979,0.374,4.254,1142.539,,42.028,,3.739,138.225,,3834.597,12.938,44.039,2.568,0.822,,1.985,0.05,,,,0.253,,0.099,,2605.747,5.878,9.486,171.044,,61.473,,18.924,6.593,,0.0,0.0,,0.0,,0.0,0.0,,0.0,0.0,,0.0,,0.0,0.0
Africa (EI),1992,,,,,0.0,,0.0,,,,0.0,,0.594,5.069,,858.831,,165.42,2.274,28.324,,1273.735,50.453,32.632,,,327.871,13.059,1.419,36.976,,,1.865,44.71,,258.541,,2442.647,78.854,92.811,4.889,19.635,421.27,,50.544,,4.503,34.831,,808.283,15.416,16.007,,-4.602,-7.753,160.723,,57.86,,17.647,6.107,-3.703,-7.253,189.192,,68.002,,20.741,7.189,,,1.575,0.4,25.8,,9.288,,2.833,0.98,1.751,20.006,1162.546,,42.576,,1.896,72.7,,3907.297,12.986,44.172,2.669,0.854,,3.918,0.101,,,,0.26,,0.101,,2642.723,-4.488,-7.653,163.392,,58.714,,17.908,6.208,,0.0,0.0,,0.0,,0.0,0.0,,0.0,0.0,,0.0,,0.0,0.0
Africa (EI),1993,,,,,0.0,,0.0,,,,0.0,,1.5,12.883,,871.714,,175.957,1.834,23.36,,1297.095,51.893,33.015,,,339.074,13.43,0.309,8.179,,,0.701,17.12,,272.847,,2459.767,80.468,93.161,-2.048,-8.626,412.644,,55.133,,3.108,25.124,,833.407,16.26,15.628,,-2.036,-3.272,157.451,,56.683,,16.717,5.963,-4.578,-8.615,180.577,,64.889,,19.137,6.839,,,-21.888,-5.647,20.153,,7.255,,2.14,0.763,1.106,12.863,1175.409,,41.757,,-1.304,-50.938,,3856.359,12.315,44.517,2.967,0.949,,11.175,0.298,,,,0.28,,0.112,,2650.903,-1.84,-2.968,160.424,,57.634,,16.997,6.076,,0.0,0.0,,0.0,,0.0,0.0,,0.006,0.006,,0.002,,0.001,0.0
Africa (EI),1994,,,,,0.0,,0.0,,,,0.0,,2.608,22.734,,894.448,,179.794,3.933,51.014,,1348.109,51.175,32.768,,,351.334,13.47,3.381,89.63,,,3.265,80.313,,281.679,,2540.08,80.174,93.055,4.649,19.184,431.828,,62.102,,-5.251,-43.76,,789.646,17.676,15.82,,1.612,2.538,159.989,,57.596,,16.394,5.861,5.018,9.01,189.586,,68.145,,19.396,6.945,,,33.66,6.783,26.936,,9.697,,2.76,0.987,3.267,38.395,1213.804,,39.784,,-0.201,-7.767,,3848.592,11.324,44.467,2.646,0.847,,-10.815,-0.321,,,,0.241,,0.097,,2740.532,1.413,2.226,162.65,,58.448,,16.636,5.959,,0.0,0.0,,0.0,,0.0,0.0,170.0,0.009,0.015,,0.005,,0.002,0.001
Africa (EI),1995,,,,,0.0,,0.0,,,,0.0,,3.133,28.023,,922.471,,186.886,5.088,68.586,,1416.695,51.527,32.501,,,362.692,13.385,3.98,109.076,,,3.843,97.617,,289.338,,2637.697,79.775,92.933,6.812,29.416,461.243,,66.314,,10.519,83.059,,872.705,18.284,16.251,,3.74,5.984,165.973,,59.75,,16.474,5.848,5.783,11.01,200.596,,72.086,,19.875,7.067,,,16.541,4.456,31.392,,11.301,,3.116,1.106,3.31,40.178,1253.982,,36.138,,1.62,62.361,,3910.953,9.964,44.181,3.214,1.028,,21.468,0.568,,,,0.284,,0.113,,2849.608,3.998,6.554,169.204,,60.785,,16.759,5.961,,0.0,0.0,,0.0,,0.0,0.0,16.667,0.003,0.018,,0.006,,0.002,0.001
Africa (EI),1996,,,,,0.0,,0.0,,,,0.0,,1.383,12.757,,935.228,,197.291,-0.307,-4.344,,1412.351,51.628,32.119,,,382.14,13.759,2.594,73.927,,,2.437,64.284,,304.578,,2701.981,79.703,92.797,4.975,22.948,484.192,,69.992,,6.946,60.62,,933.325,18.316,16.629,,4.264,7.077,173.05,,62.298,,16.302,5.943,4.525,9.144,209.74,,75.348,,19.717,7.203,,,4.194,1.317,32.708,,11.775,,3.081,1.123,2.279,28.578,1282.561,,37.295,,3.238,126.621,,4037.574,9.76,44.048,3.962,1.268,,23.275,0.748,,,,0.332,,0.136,,2923.535,4.586,7.827,177.031,,63.573,,16.636,6.08,,0.0,0.0,,0.0,,0.0,0.0,12.698,0.002,0.02,,0.007,,0.002,0.001
Africa (EI),1997,,,,,0.0,,0.0,,,,0.0,,2.544,23.791,,959.019,,206.045,6.367,89.922,,1502.273,51.398,32.258,,,400.878,14.145,2.107,61.594,,,2.005,54.163,,320.393,,2756.144,79.923,92.707,-2.007,-9.716,474.476,,75.844,,11.602,108.286,,1041.611,18.92,15.96,,2.462,4.261,177.311,,63.832,,15.923,5.964,3.364,7.085,216.825,,77.882,,19.428,7.293,,,7.406,2.422,35.131,,12.647,,3.155,1.182,3.126,40.088,1322.649,,38.504,,2.325,93.88,,4131.454,9.605,44.489,4.364,1.396,,10.14,0.402,,,,0.348,,0.147,,2985.129,2.615,4.663,181.695,,65.235,,16.273,6.112,,0.0,0.0,,0.0,,0.0,0.0,1.408,0.0,0.02,,0.007,,0.002,0.001
Africa (EI),1998,,,,,0.0,,0.0,,,,0.0,,-2.292,-21.98,,937.039,,201.698,1.343,20.174,,1522.447,49.623,31.069,,,406.459,14.164,1.46,43.582,,,1.143,31.498,,322.06,,2787.642,79.236,92.429,5.24,24.861,499.337,,77.33,,6.5,67.705,,1109.316,19.025,16.556,,4.423,7.842,185.152,,66.655,,16.399,6.139,5.271,11.517,228.342,,81.988,,20.171,7.571,,,7.543,2.65,37.781,,13.601,,3.346,1.253,2.164,28.617,1351.266,,43.032,,0.336,13.892,,4145.346,10.587,44.803,5.388,1.724,,23.478,1.025,,,,0.424,,0.179,,3028.711,4.831,8.867,190.562,,68.387,,16.825,6.318,,0.0,0.0,,0.0,,0.0,0.0,5.556,0.001,0.021,,0.008,,0.002,0.001
Africa (EI),1999,,,,,0.0,,0.0,,,,0.0,,3.092,28.972,,966.011,,199.796,-0.172,-2.62,,1519.828,47.73,31.078,,,418.592,14.16,3.072,93.046,,,2.988,83.304,,330.761,,2870.946,79.017,92.362,0.938,4.683,504.02,,86.09,,9.682,107.409,,1216.726,20.567,16.215,,6.045,11.193,196.345,,70.684,,16.886,6.317,3.98,9.059,237.402,,85.251,,20.366,7.638,,,-5.617,-2.122,35.658,,12.837,,3.067,1.147,3.674,49.65,1400.916,,44.875,,-2.827,-117.197,,4028.149,10.72,45.069,5.343,1.71,,-0.838,-0.045,,,,0.408,,0.172,,3121.758,5.889,11.181,201.743,,72.414,,17.299,6.49,,0.0,0.0,,0.0,,0.0,0.0,160.526,0.034,0.055,,0.02,,0.005,0.002
Africa (EI),2000,,,,,0.0,,0.0,,,,0.0,,-0.236,-2.28,,963.731,,208.259,-0.097,-1.474,,1518.354,47.304,30.284,,,440.257,14.578,2.397,74.822,,,2.034,58.388,,346.658,,2929.334,78.74,92.052,10.476,52.803,556.822,,91.843,,11.037,134.286,,1351.012,20.861,17.498,,6.533,12.827,209.172,,75.302,,17.104,6.573,6.479,15.54,252.941,,90.775,,20.619,7.948,,,1.348,0.481,36.139,,13.01,,2.955,1.136,0.561,7.865,1408.781,,46.555,,7.228,291.173,,4319.322,10.574,44.27,7.109,2.275,,33.053,1.766,,,,0.517,,0.223,,3196.58,7.389,15.059,216.803,,77.765,,17.663,6.813,,0.034,0.034,,0.012,,0.003,0.001,786.364,0.432,0.487,,0.176,,0.04,0.015
Africa (EI),2001,,,,,0.0,,0.0,,,,0.0,,1.265,12.196,,975.926,,214.48,-0.251,-3.817,,1514.537,46.709,29.542,,,459.188,14.641,3.81,121.78,,,3.841,112.529,,362.855,,3041.863,79.021,92.08,13.975,77.814,634.636,,100.978,,2.768,37.401,,1388.413,21.991,19.211,,7.448,14.338,223.51,,80.911,,17.62,6.766,4.003,8.707,261.648,,94.408,,20.56,7.92,,,-17.61,-6.528,29.61,,10.719,,2.334,0.896,1.598,22.519,1431.3,,47.396,,-1.004,-43.346,,4275.976,10.322,43.327,7.338,2.348,,3.222,0.229,,,,0.511,,0.222,,3318.36,7.619,15.235,232.038,,83.689,,18.226,7.024,24.498,0.008,0.042,,0.015,,0.003,0.001,136.798,0.661,1.148,,0.416,,0.091,0.035
Africa (EI),2002,,,,,0.491,,0.491,,,,0.015,,-4.253,-41.505,,934.422,,222.945,-1.674,-25.354,,1489.183,45.726,27.934,,,487.571,15.378,1.291,42.824,,,0.933,28.373,,385.744,,3070.235,79.116,91.782,5.673,36.0,670.636,,115.956,,4.387,60.906,,1449.319,23.782,20.048,,5.138,9.553,233.063,,85.068,,17.447,6.967,6.264,13.244,274.892,,99.831,,20.475,8.218,,,11.867,3.242,32.852,,11.991,,2.459,0.982,2.367,33.877,1465.178,,46.843,,0.673,28.767,,4304.742,9.607,43.8,7.225,2.312,,-1.537,-0.113,,,,0.474,,0.216,,3361.184,5.547,10.003,242.04,,87.84,,18.016,7.236,9.332,0.004,0.045,,0.016,,0.003,0.001,6.739,0.067,1.215,,0.444,,0.091,0.036
Africa (EI),2003,,,,10.361,0.051,,0.542,,,,0.015,,8.843,82.627,,1017.048,,235.064,7.456,111.037,,1600.22,46.179,29.078,,,509.034,15.301,4.511,151.611,,,5.128,157.446,,407.498,,3227.681,80.053,92.282,6.099,40.9,711.536,,123.986,,7.373,106.862,,1556.181,24.357,20.343,,-2.881,-7.949,225.115,,82.617,,16.23,6.436,-1.296,-4.952,269.94,,98.48,,19.347,7.718,,,5.604,1.652,34.504,,12.663,,2.488,0.987,2.315,33.919,1499.097,,48.448,,8.763,377.239,,4681.981,9.518,42.86,8.267,2.646,,14.421,1.042,,,,0.52,,0.236,,3512.796,-2.232,-6.605,235.436,,85.817,,16.859,6.731,17.163,0.007,0.053,,0.019,,0.004,0.002,20.744,0.244,1.459,,0.536,,0.105,0.042
Africa (EI),2004,,,,17.576,0.095,,0.637,,,,0.017,,10.04,102.114,,1119.162,,245.237,2.212,35.395,,1635.615,45.352,29.422,,,540.743,14.921,8.728,306.604,,,9.025,291.288,,432.805,,3518.97,80.039,92.513,16.712,118.913,830.449,,141.145,,5.112,79.552,,1635.733,26.102,21.832,,5.58,11.272,236.387,,87.227,,16.131,6.215,6.071,14.865,284.805,,104.396,,19.306,7.487,,,5.545,1.716,36.22,,13.365,,2.472,0.952,4.687,70.262,1569.359,,46.424,,11.293,528.725,,5210.706,8.585,41.258,9.416,3.013,,13.89,1.148,,,,0.557,,0.248,,3819.399,6.148,13.149,248.585,,91.031,,16.834,6.535,20.602,0.01,0.063,,0.023,,0.004,0.002,43.443,0.623,2.082,,0.768,,0.142,0.055
Africa (EI),2005,,,,-100.0,-0.637,,0.0,,,,0.0,,-7.156,-80.089,,1039.073,,248.88,0.649,10.619,,1646.235,44.41,27.55,,,560.415,15.59,-0.83,-31.683,,,-0.805,-28.342,,453.064,,3490.628,80.844,92.551,-2.7,-22.421,808.028,,151.726,,3.965,64.858,,1700.592,27.074,21.424,,1.853,2.439,238.826,,88.843,,15.853,6.332,-0.972,-3.86,280.945,,104.013,,18.56,7.449,,,-15.507,-5.863,30.357,,11.293,,2.015,0.805,4.726,74.168,1643.527,,52.458,,3.67,191.212,,5401.917,9.361,43.577,9.592,3.069,,1.871,0.176,,,,0.548,,0.254,,3787.717,1.147,2.003,250.588,,92.72,,16.545,6.644,16.558,0.01,0.073,,0.027,,0.005,0.002,1.576,0.016,2.098,,0.78,,0.139,0.056
Africa (EI),2006,,,,,0.072,,0.072,,,,0.002,,1.446,15.024,,1054.097,,255.975,-0.681,-11.208,,1635.026,43.672,27.342,,,586.134,15.951,2.211,83.744,,,2.21,77.157,,475.753,,3567.785,81.168,92.546,4.421,35.72,843.748,,164.538,,8.282,140.85,,1841.442,28.072,21.886,,3.615,7.31,246.136,,92.055,,15.705,6.385,2.755,6.438,287.383,,106.807,,18.222,7.454,,,-11.217,-3.549,26.807,,10.026,,1.711,0.695,1.607,26.413,1669.94,,55.24,,1.601,86.468,,5488.385,9.424,43.317,11.994,3.838,,25.046,2.402,,,,0.655,,0.311,,3871.46,4.457,9.987,260.576,,96.781,,16.512,6.759,29.462,0.021,0.094,,0.035,,0.006,0.002,9.254,0.182,2.28,,0.853,,0.145,0.059
Africa (EI),2007,,,,986.878,0.712,,0.785,,,,0.02,,1.664,17.536,,1071.633,,262.565,-0.039,-0.638,,1634.388,42.996,26.816,,,610.672,16.024,3.651,141.332,,,3.688,131.574,,496.161,,3699.359,81.248,92.57,6.716,56.667,900.415,,174.979,,6.263,115.325,,1956.767,28.653,22.531,,3.422,7.069,253.205,,95.205,,15.59,6.336,4.386,9.524,296.907,,110.782,,18.141,7.43,,,12.877,3.291,30.098,,11.317,,1.853,0.753,3.436,57.371,1727.311,,58.618,,2.134,117.12,,5605.505,9.599,43.223,9.998,3.2,,-16.64,-1.996,,,,0.524,,0.25,,4012.792,3.507,6.233,266.808,,99.465,,16.288,6.676,25.757,0.024,0.117,,0.044,,0.007,0.003,19.202,0.423,2.703,,1.016,,0.166,0.068
Africa (EI),2008,,,,-25.943,-0.204,,0.581,,,,0.014,,10.18,109.092,,1180.725,,257.588,1.607,26.262,,1660.65,41.313,27.837,,,623.504,15.387,6.133,246.092,,,6.419,237.456,,505.637,,3936.815,81.096,92.815,6.281,56.558,956.972,,184.687,,3.667,71.756,,2028.522,29.621,22.562,,1.846,2.632,255.837,,96.962,,15.551,6.032,3.296,7.831,304.738,,114.663,,18.39,7.185,,,14.907,4.213,34.311,,13.004,,2.086,0.809,4.157,71.807,1799.118,,63.362,,1.045,58.565,,5664.07,10.162,42.416,10.382,3.322,,3.837,0.384,,,,0.533,,0.245,,4258.883,1.985,3.618,270.426,,101.659,,16.304,6.376,41.643,0.048,0.165,,0.063,,0.01,0.004,29.084,0.759,3.462,,1.312,,0.21,0.082
Africa (EI),2009,,,,-46.478,-0.27,,0.311,,,,0.007,,-0.4,-4.723,,1176.002,,247.799,-0.842,-13.987,,1646.663,39.326,27.359,,,630.124,15.349,1.333,56.781,,,1.283,50.505,,508.885,,3987.32,80.76,92.763,-1.644,-15.734,941.238,,192.549,,-5.696,-115.547,,1912.975,30.557,21.898,,2.686,5.494,261.33,,99.567,,15.801,6.08,2.398,6.314,311.052,,117.696,,18.678,7.237,,,-1.523,-0.7,33.612,,12.806,,2.032,0.782,3.944,70.961,1870.079,,68.536,,-3.848,-217.944,,5446.126,10.877,43.507,11.408,3.65,,9.88,1.026,,,,0.579,,0.265,,4315.665,2.897,7.014,277.44,,104.89,,16.646,6.455,33.656,0.054,0.219,,0.084,,0.013,0.005,21.163,0.711,4.172,,1.59,,0.252,0.097
Africa (EI),2010,,,,-39.414,-0.123,,0.188,,,,0.004,,-0.751,-8.836,,1167.166,,257.438,3.719,61.244,,1707.907,38.266,26.281,,,672.758,15.888,3.349,144.526,,,2.993,119.326,,541.46,,4106.646,80.484,92.471,4.269,40.181,981.42,,218.91,,5.316,101.687,,2014.662,32.539,22.099,,8.156,19.105,280.435,,107.687,,16.007,6.315,8.251,23.321,334.373,,127.556,,18.96,7.529,,,5.63,1.615,35.227,,13.527,,2.011,0.793,4.705,87.98,1958.06,,65.112,,3.349,182.388,,5628.514,9.678,44.09,12.049,3.856,,5.625,0.642,,,,0.573,,0.271,,4460.19,8.57,21.706,299.146,,114.029,,16.949,6.736,140.728,0.304,0.524,,0.201,,0.03,0.012,43.734,1.778,5.95,,2.285,,0.34,0.134
Africa (EI),2011,,,,168.162,0.317,,0.505,,,,0.011,,-1.554,-18.141,,1149.025,,260.186,-0.549,-9.384,,1698.522,37.806,25.477,,,688.22,16.005,1.549,69.089,,,1.518,62.359,,554.096,,4169.005,80.511,92.44,8.169,80.174,1061.593,,236.516,,-0.453,-9.133,,2005.53,34.366,23.539,,2.829,6.439,286.874,,110.733,,16.09,6.361,2.628,6.596,340.969,,130.597,,18.976,7.56,,,-4.62,-1.802,33.425,,12.902,,1.875,0.741,0.017,0.327,1958.386,,57.395,,-16.213,-912.537,,4715.978,8.34,43.423,12.458,3.987,,3.391,0.409,,,,0.579,,0.276,,4529.279,3.487,8.397,307.544,,117.695,,17.101,6.819,191.772,0.996,1.52,,0.587,,0.085,0.034,4.512,0.236,6.186,,2.388,,0.347,0.137
Africa (EI),2012,,,,74.032,0.374,,0.879,,,,0.019,,-2.51,-28.839,,1120.186,,256.057,4.027,68.391,,1766.914,35.436,23.757,,,722.586,16.039,4.522,204.796,,,4.885,203.646,,587.379,,4372.651,81.288,92.737,8.086,85.836,1147.43,,261.49,,3.038,60.922,,2066.452,36.188,24.335,,0.133,-1.098,285.776,,110.881,,15.345,6.061,1.068,1.502,342.47,,131.622,,18.215,7.263,,,0.507,-0.004,33.421,,12.967,,1.795,0.709,7.488,146.649,2105.035,,69.832,,8.374,394.939,,5110.917,9.664,44.644,13.459,4.307,,8.032,1.001,,,,0.596,,0.285,,4734.076,1.129,1.505,309.049,,118.655,,16.421,6.554,61.754,0.926,2.446,,0.949,,0.131,0.052,5.439,0.303,6.489,,2.518,,0.348,0.138
Africa (EI),2013,,,,-22.486,-0.198,,0.682,,,,0.014,,1.068,11.966,,1132.152,,251.971,0.289,5.107,,1772.021,33.799,23.259,,,745.498,16.045,3.255,154.086,,,3.034,132.651,,601.539,,4505.302,80.69,92.556,1.972,22.626,1170.056,,268.453,,-3.705,-76.554,,1989.898,36.01,24.037,,5.808,14.278,300.054,,117.321,,15.737,6.164,6.462,19.869,362.339,,140.383,,18.831,7.444,,,8.78,2.656,36.077,,14.106,,1.892,0.741,4.658,98.059,2203.094,,81.115,,-7.107,-363.224,,4747.693,10.881,45.26,14.444,4.622,,7.323,0.986,,,,0.62,,0.297,,4888.162,6.211,17.214,326.263,,126.277,,16.939,6.703,-22.28,-0.56,1.887,,0.738,,0.099,0.039,42.82,2.707,9.196,,3.596,,0.482,0.189
Africa (EI),2014,,,,0.983,0.007,,0.688,,,,0.014,,4.731,53.557,,1185.709,,252.602,3.371,59.74,,1831.761,32.775,23.58,,,770.714,16.081,3.3,161.321,,,3.024,136.247,,616.327,,4641.549,79.968,92.305,2.76,32.295,1202.35,,277.114,,0.258,5.141,,1995.039,35.955,23.911,,5.839,15.903,315.957,,124.171,,16.111,6.283,7.188,24.611,386.95,,150.516,,19.529,7.695,,,-2.212,-0.977,35.099,,13.794,,1.79,0.698,2.287,50.395,2253.49,,86.61,,-4.549,-215.968,,4531.725,11.238,44.814,17.603,5.633,,21.866,3.158,,,,0.731,,0.35,,5049.482,8.233,25.588,351.851,,136.722,,17.74,6.997,151.54,2.835,4.722,,1.856,,0.241,0.094,40.788,3.685,12.881,,5.062,,0.657,0.256
Africa (EI),2015,,,,21.518,0.148,,0.836,,,,0.016,,-5.266,-62.438,,1123.271,,251.597,-3.971,-72.747,,1759.014,31.819,21.84,,,790.712,16.121,2.251,113.682,,,2.36,109.537,,634.255,,4751.086,80.213,92.375,8.767,105.411,1307.761,,288.234,,3.353,66.894,,2061.933,36.452,25.427,,-2.581,-9.713,306.244,,120.966,,15.298,5.954,1.665,5.224,392.174,,152.885,,19.335,7.625,,,-11.288,-4.119,30.98,,12.237,,1.548,0.602,2.954,66.564,2320.053,,94.424,,-1.104,-50.027,,4481.698,11.942,45.109,22.572,7.223,,28.23,4.969,,,,0.913,,0.439,,5163.164,2.965,9.343,361.194,,140.648,,17.788,7.023,91.097,4.256,8.977,,3.546,,0.448,0.175,76.062,9.683,22.564,,8.913,,1.127,0.439
Africa (EI),2016,,,,-21.313,-0.178,,0.658,,,,0.013,,6.086,68.361,,1191.632,,253.272,-0.134,-2.355,,1756.659,31.662,22.655,,,799.935,15.947,2.279,117.679,,,2.241,106.477,,637.897,,4857.562,79.744,92.35,3.266,42.706,1350.467,,303.157,,1.74,35.875,,2097.809,37.898,25.674,,-1.351,-6.414,299.83,,119.332,,14.918,5.7,3.284,10.233,402.407,,158.113,,19.766,7.65,,,22.792,6.774,37.754,,15.026,,1.878,0.718,-0.198,-4.59,2315.464,,81.469,,-5.608,-251.316,,4230.382,10.184,44.02,22.865,7.317,,1.298,0.293,,,,0.915,,0.435,,5280.843,1.597,3.459,364.653,,143.087,,17.887,6.933,48.3,4.236,13.213,,5.259,,0.657,0.251,25.42,5.523,28.087,,11.179,,1.397,0.534
Africa (EI),2017,,,,-1.911,-0.013,,0.646,,,,0.012,,0.096,1.14,,1192.772,,253.154,2.547,44.747,,1801.406,30.609,21.995,,,827.068,16.008,3.103,163.858,,,2.893,140.531,,654.193,,4998.094,79.098,92.166,7.796,105.278,1455.745,,327.435,,9.7,203.493,,2301.302,39.59,26.844,,5.194,13.996,313.826,,125.531,,15.178,5.787,6.084,22.41,424.817,,167.785,,20.287,7.834,,,-5.544,-2.271,35.482,,14.193,,1.716,0.654,1.473,34.113,2349.577,,73.604,,5.526,233.787,,4464.168,8.899,43.327,23.55,7.536,,2.996,0.685,,,,0.911,,0.434,,5444.701,7.299,24.682,389.335,,153.592,,18.571,7.179,31.426,4.065,17.278,,6.911,,0.836,0.319,21.784,5.948,34.035,,13.614,,1.646,0.628
Africa (EI),2018,,,,56.879,0.367,,1.013,,,,0.018,,-1.898,-22.636,,1170.136,,260.211,2.243,40.411,,1841.816,30.613,21.244,,,849.991,16.224,1.577,85.872,,,1.252,62.582,,667.498,,5060.675,78.53,91.878,6.681,97.265,1553.01,,343.153,,5.425,124.848,,2426.149,40.371,28.195,,7.077,20.537,334.364,,134.414,,15.814,6.07,5.876,22.519,447.336,,177.315,,20.861,8.122,,,-18.41,-6.677,28.806,,11.58,,1.362,0.523,-0.513,-12.048,2337.529,,64.134,,1.884,84.09,,4548.258,7.545,42.439,25.695,8.223,,9.11,2.145,,,,0.967,,0.467,,5530.573,8.111,29.196,418.531,,165.735,,19.498,7.599,20.588,3.453,20.732,,8.334,,0.98,0.376,8.45,2.692,36.727,,14.764,,1.737,0.667
Africa (EI),2019,,,,34.246,0.347,,1.359,,,,0.024,,5.915,69.214,,1239.35,,258.523,-2.22,-40.89,,1800.926,29.685,21.908,,,870.895,16.213,2.735,151.26,,,2.371,119.983,,675.446,,5180.658,77.558,91.58,1.513,23.5,1576.509,,358.867,,1.22,29.592,,2455.741,41.207,27.868,,2.547,6.819,341.183,,137.838,,15.827,6.031,7.146,29.004,476.34,,189.712,,21.784,8.42,,,14.439,3.996,32.802,,13.252,,1.522,0.58,1.167,27.27,2364.799,,58.056,,1.162,52.871,,4601.129,6.666,41.803,25.956,8.306,,1.015,0.261,,,,0.954,,0.459,,5681.833,6.64,25.008,443.538,,176.46,,20.262,7.841,32.381,6.577,27.309,,11.033,,1.267,0.483,30.606,11.003,47.731,,19.283,,2.214,0.844
Africa (EI),2020,,,,5.871,0.08,,1.439,,,,0.027,,-3.201,-39.673,,1199.677,,245.817,-2.858,-51.464,,1749.462,28.79,22.272,,,853.838,16.782,-4.738,-269.228,,,-5.671,-293.776,,648.83,,4886.883,75.99,90.726,-2.199,-34.666,1541.844,,353.279,,-5.565,-136.651,,2319.091,41.375,28.625,,6.944,22.79,363.973,,147.409,,17.264,6.757,5.217,23.185,499.525,,199.601,,23.377,9.274,,,-25.272,-8.35,24.452,,9.903,,1.16,0.454,-9.279,-219.437,2145.362,,49.734,,-15.565,-716.159,,3884.969,5.825,39.829,24.988,7.996,,-3.732,-0.969,,,,0.936,,0.464,,5412.605,7.49,31.535,475.073,,189.698,,22.217,8.82,37.604,10.176,37.485,,15.182,,1.778,0.696,-0.891,-0.542,47.188,,19.111,,2.238,0.876
Africa (EI),2021,,,,-1.255,-0.018,,1.421,,,,0.024,,0.393,4.717,,1204.394,,243.797,-3.517,-61.536,,1687.926,27.087,20.614,,,900.059,16.303,8.457,457.769,,,8.514,416.067,,678.354,,5302.949,75.368,90.764,14.505,223.648,1765.491,,382.35,,14.99,347.623,,2666.713,42.48,30.218,,5.494,19.05,383.023,,155.507,,17.277,6.556,8.319,40.099,539.624,,216.343,,24.037,9.236,,,24.76,5.979,30.431,,12.355,,1.373,0.521,8.749,187.701,2333.063,,52.207,,3.913,152.014,,4036.983,5.8,39.932,25.196,8.063,,0.835,0.209,,,,0.896,,0.431,,5870.374,7.467,34.12,509.193,,203.988,,22.664,8.715,14.994,5.514,43.0,,17.458,,1.94,0.736,20.141,9.364,56.553,,22.96,,2.551,0.968
Africa (EI),2022,,,,-8.161,-0.116,,1.305,,,,0.022,,-4.439,-53.465,,1150.929,,237.693,1.376,23.22,,1711.146,26.07,19.419,,,911.739,16.29,1.436,84.281,,,1.327,70.366,,684.245,,5373.315,75.048,90.661,-0.656,-11.573,1753.918,,388.806,,-3.839,-102.374,,2564.339,42.644,29.593,,4.128,14.83,397.853,,161.926,,17.76,6.713,2.75,13.894,553.518,,222.448,,24.398,9.339,,,-18.252,-5.615,24.816,,10.1,,1.108,0.419,5.804,135.405,2468.469,,57.745,,-4.251,-171.614,,3865.37,6.334,41.649,26.471,8.471,,5.059,1.275,,,,0.929,,0.447,,5954.654,4.013,19.509,528.702,,212.348,,23.29,8.92,-1.324,-0.674,42.326,,17.227,,1.889,0.714,7.681,4.194,60.747,,24.724,,2.712,1.025
Africa (EI),2023,,,,-12.08,-0.158,,1.148,,,,0.019,,2.475,28.488,,1179.417,,228.3,2.173,37.19,,1748.336,24.699,19.594,,,924.325,16.278,1.606,95.638,,,1.333,71.62,,687.17,,5444.936,74.343,90.457,2.104,36.9,1790.818,,395.409,,-1.087,-27.867,,2536.472,42.778,29.751,,3.206,9.751,407.604,,167.117,,18.08,6.772,4.342,20.942,574.46,,232.321,,25.134,9.543,,,-19.802,-5.06,19.756,,8.1,,0.876,0.328,0.252,6.232,2474.701,,63.462,,3.122,120.681,,3986.051,6.866,41.112,30.41,9.731,,14.88,3.939,,,,1.053,,0.505,,6050.292,5.484,26.002,554.704,,224.221,,24.258,9.215,10.077,3.924,46.25,,18.963,,2.052,0.768,14.908,8.545,69.292,,28.41,,3.074,1.151
Africa (EI),2024,,,,1.061,0.012,,1.16,,,,0.019,,1.321,15.58,,1194.997,,244.57,1.567,27.399,,1775.735,25.372,19.559,,,963.931,16.738,1.477,89.336,,,1.362,74.184,,720.191,,5519.12,74.714,90.335,-0.585,-10.469,1780.349,,412.227,,-5.553,-140.84,,2395.632,42.765,29.14,,1.77,7.215,414.819,,170.076,,17.644,6.79,2.697,16.067,590.527,,238.605,,24.753,9.665,,,-3.704,-0.732,19.024,,7.8,,0.809,0.311,2.791,69.073,2543.773,,63.395,,0.794,31.664,,4017.715,6.577,41.635,33.729,10.793,,10.916,3.32,,,,1.12,,0.552,,6139.628,2.927,16.799,571.503,,230.805,,23.944,9.354,10.028,4.638,50.888,,20.864,,2.164,0.833,2.329,1.614,70.906,,29.071,,3.016,1.161
Africa (EIA),1980,,,,,,,,,,,,,,,,,,,,,,,,,,,,,,,,,,,,,,,,,,,,,,,,,,,,,,,,,,,,,,,,,,,,,,,,,,,,,,,,,,,,,,,,,,,,,,,,,,,,,,,,1823.399,,,,,,,,,,,,,,,,,,,,,,,,
Africa (EIA),1981,,,,,,,,,,,,,,,,,,,,,,,,,,,,,3.673,66.976,,,,,,,,,,,,,,,,,,,,,,,,,,,,,,,,,,,,,,,,,,,,,,,,,,,,,,,,,,,,,,,,,,,,,,,,,,1890.375,,,,,,,,,,,,,,,,,,,,,,,,
Africa (EIA),1982,,,,,,,,,,,,,,,,,,,,,,,,,,,,,8.996,170.049,,,,,,,,,,,,,,,,,,,,,,,,,,,,,,,,,,,,,,,,,,,,,,,,,,,,,,,,,,,,,,,,,,,,,,,,,,2060.424,,,,,,,,,,,,,,,,,,,,,,,,
Africa (EIA),1983,,,,,,,,,,,,,,,,,,,,,,,,,,,,,5.982,123.249,,,,,,,,,,,,,,,,,,,,,,,,,,,,,,,,,,,,,,,,,,,,,,,,,,,,,,,,,,,,,,,,,,,,,,,,,,2183.673,,,,,,,,,,,,,,,,,,,,,,,,
Africa (EIA),1984,,,,,,,,,,,,,,,,,,,,,,,,,,,,,5.778,126.174,,,,,,,,,,,,,,,,,,,,,,,,,,,,,,,,,,,,,,,,,,,,,,,,,,,,,,,,,,,,,,,,,,,,,,,,,,2309.847,,,,,,,,,,,,,,,,,,,,,,,,
Africa (EIA),1985,,,,,,,,,,,,,,,,,,,,,,,,,,,,,2.598,60.014,,,,,,,,,,,,,,,,,,,,,,,,,,,,,,,,,,,,,,,,,,,,,,,,,,,,,,,,,,,,,,,,,,,,,,,,,,2369.861,,,,,,,,,,,,,,,,,,,,,,,,
Africa (EIA),1986,,,,,,,,,,,,,,,,,,,,,,,,,,,,,1.679,39.78,,,,,,,,,,,,,,,,,,,,,,,,,,,,,,,,,,,,,,,,,,,,,,,,,,,,,,,,,,,,,,,,,,,,,,,,,,2409.641,,,,,,,,,,,,,,,,,,,,,,,,
Africa (EIA),1987,,,,,,,,,,,,,,,,,,,,,,,,,,,,,3.852,92.81,,,,,,,,,,,,,,,,,,,,,,,,,,,,,,,,,,,,,,,,,,,,,,,,,,,,,,,,,,,,,,,,,,,,,,,,,,2502.451,,,,,,,,,,,,,,,,,,,,,,,,
Africa (EIA),1988,,,,,,,,,,,,,,,,,,,,,,,,,,,,,3.632,90.885,,,,,,,,,,,,,,,,,,,,,,,,,,,,,,,,,,,,,,,,,,,,,,,,,,,,,,,,,,,,,,,,,,,,,,,,,,2593.336,,,,,,,,,,,,,,,,,,,,,,,,
Africa (EIA),1989,,,,,,,,,,,,,,,,,,,,,,,,,,,,,2.151,55.785,,,,,,,,,,,,,,,,,,,,,,,,,,,,,,,,,,,,,,,,,,,,,,,,,,,,,,,,,,,,,,,,,,,,,,,,,,2649.122,,,,,,,,,,,,,,,,,,,,,,,,
Africa (EIA),1990,,,,,,,,,,,,,,,,,,,,,,,,,,,,,3.092,81.901,,,,,,,,,,,,,,,,,,,,,,,,,,,,,,,,,,,,,,,,,,,,,,,,,,,,,,,,,,,,,,,,,,,,,,,,,,2731.023,,,,,,,,,,,,,,,,,,,,,,,,
Africa (EIA),1991,,,,,,,,,,,,,,,,,,,,,,,,,,,,,1.831,49.994,,,,,,,,,,,,,,,,,,,,,,,,,,,,,,,,,,,,,,,,,,,,,,,,,,,,,,,,,,,,,,,,,,,,,,,,,,2781.017,,,,,,,,,,,,,,,,,,,,,,,,
Africa (EIA),1992,,,,,,,,,,,,,,,,,,,,,,,,,,,,,0.903,25.103,,,,,,,,,,,,,,,,,,,,,,,,,,,,,,,,,,,,,,,,,,,,,,,,,,,,,,,,,,,,,,,,,,,,,,,,,,2806.12,,,,,,,,,,,,,,,,,,,,,,,,
Africa (EIA),1993,,,,,,,,,,,,,,,,,,,,,,,,,,,,,0.995,27.913,,,,,,,,,,,,,,,,,,,,,,,,,,,,,,,,,,,,,,,,,,,,,,,,,,,,,,,,,,,,,,,,,,,,,,,,,,2834.033,,,,,,,,,,,,,,,,,,,,,,,,
Africa (EIA),1994,,,,,,,,,,,,,,,,,,,,,,,,,,,,,2.254,63.868,,,,,,,,,,,,,,,,,,,,,,,,,,,,,,,,,,,,,,,,,,,,,,,,,,,,,,,,,,,,,,,,,,,,,,,,,,2897.901,,,,,,,,,,,,,,,,,,,,,,,,
Africa (EIA),1995,,,,,,,,,,,,,,,,,,,,,,,,,,,,,4.416,127.958,,,,,,,,,,,,,,,,,,,,,,,,,,,,,,,,,,,,,,,,,,,,,,,,,,,,,,,,,,,,,,,,,,,,,,,,,,3025.859,,,,,,,,,,,,,,,,,,,,,,,,
Africa (EIA),1996,,,,,,,,,,,,,,,,,,,,,,,,,,,,,3.237,97.945,,,,,,,,,,,,,,,,,,,,,,,,,,,,,,,,,,,,,,,,,,,,,,,,,,,,,,,,,,,,,,,,,,,,,,,,,,3123.804,,,,,,,,,,,,,,,,,,,,,,,,
Africa (EIA),1997,,,,,,,,,,,,,,,,,,,,,,,,,,,,,2.409,75.258,,,,,,,,,,,,,,,,,,,,,,,,,,,,,,,,,,,,,,,,,,,,,,,,,,,,,,,,,,,,,,,,,,,,,,,,,,3199.062,,,,,,,,,,,,,,,,,,,,,,,,
Africa (EIA),1998,,,,,,,,,,,,,,,,,,,,,,,,,,,,,1.953,62.467,,,,,,,,,,,,,,,,,,,,,,,,,,,,,,,,,,,,,,,,,,,,,,,,,,,,,,,,,,,,,,,,,,,,,,,,,,3261.529,,,,,,,,,,,,,,,,,,,,,,,,
Africa (EIA),1999,,,,,,,,,,,,,,,,,,,,,,,,,,,,,-0.238,-7.767,,,,,,,,,,,,,,,,,,,,,,,,,,,,,,,,,,,,,,,,,,,,,,,,,,,,,,,,,,,,,,,,,,,,,,,,,,3253.761,,,,,,,,,,,,,,,,,,,,,,,,
Africa (EIA),2000,,,,,,,,,,,,,,,,,,,,,,,,,,,,,4.58,149.031,,,,,,,,,,,,,,,,,,,,,,,,,,,,,,,,,,,,,,,,,,,,,,,,,,,,,,,,,,,,,,,,,,,,,,,,,,3402.793,,,,,,,,,,,,,,,,,,,,,,,,
Africa (EIA),2001,,,,,,,,,,,,,,,,,,,,,,,,,,,,,3.1,105.493,,,,,,,,,,,,,,,,,,,,,,,,,,,,,,,,,,,,,,,,,,,,,,,,,,,,,,,,,,,,,,,,,,,,,,,,,,3508.286,,,,,,,,,,,,,,,,,,,,,,,,
Africa (EIA),2002,,,,,,,,,,,,,,,,,,,,,,,,,,,,,3.248,113.934,,,,,,,,,,,,,,,,,,,,,,,,,,,,,,,,,,,,,,,,,,,,,,,,,,,,,,,,,,,,,,,,,,,,,,,,,,3622.22,,,,,,,,,,,,,,,,,,,,,,,,
Africa (EIA),2003,,,,,,,,,,,,,,,,,,,,,,,,,,,,,4.312,156.182,,,,,,,,,,,,,,,,,,,,,,,,,,,,,,,,,,,,,,,,,,,,,,,,,,,,,,,,,,,,,,,,,,,,,,,,,,3778.402,,,,,,,,,,,,,,,,,,,,,,,,
Africa (EIA),2004,,,,,,,,,,,,,,,,,,,,,,,,,,,,,3.187,120.43,,,,,,,,,,,,,,,,,,,,,,,,,,,,,,,,,,,,,,,,,,,,,,,,,,,,,,,,,,,,,,,,,,,,,,,,,,3898.832,,,,,,,,,,,,,,,,,,,,,,,,
Africa (EIA),2005,,,,,,,,,,,,,,,,,,,,,,,,,,,,,5.719,222.988,,,,,,,,,,,,,,,,,,,,,,,,,,,,,,,,,,,,,,,,,,,,,,,,,,,,,,,,,,,,,,,,,,,,,,,,,,4121.82,,,,,,,,,,,,,,,,,,,,,,,,
Africa (EIA),2006,,,,,,,,,,,,,,,,,,,,,,,,,,,,,1.92,79.126,,,,,,,,,,,,,,,,,,,,,,,,,,,,,,,,,,,,,,,,,,,,,,,,,,,,,,,,,,,,,,,,,,,,,,,,,,4200.947,,,,,,,,,,,,,,,,,,,,,,,,
Africa (EIA),2007,,,,,,,,,,,,,,,,,,,,,,,,,,,,,3.591,150.871,,,,,,,,,,,,,,,,,,,,,,,,,,,,,,,,,,,,,,,,,,,,,,,,,,,,,,,,,,,,,,,,,,,,,,,,,,4351.817,,,,,,,,,,,,,,,,,,,,,,,,
Africa (EIA),2008,,,,,,,,,,,,,,,,,,,,,,,,,,,,,4.667,203.089,,,,,,,,,,,,,,,,,,,,,,,,,,,,,,,,,,,,,,,,,,,,,,,,,,,,,,,,,,,,,,,,,,,,,,,,,,4554.907,,,,,,,,,,,,,,,,,,,,,,,,
Africa (EIA),2009,,,,,,,,,,,,,,,,,,,,,,,,,,,,,-0.124,-5.641,,,,,,,,,,,,,,,,,,,,,,,,,,,,,,,,,,,,,,,,,,,,,,,,,,,,,,,,,,,,,,,,,,,,,,,,,,4549.266,,,,,,,,,,,,,,,,,,,,,,,,
Africa (EIA),2010,,,,,,,,,,,,,,,,,,,,,,,,,,,,,4.521,205.667,,,,,,,,,,,,,,,,,,,,,,,,,,,,,,,,,,,,,,,,,,,,,,,,,,,,,,,,,,,,,,,,,,,,,,,,,,4754.933,,,,,,,,,,,,,,,,,,,,,,,,
Africa (EIA),2011,,,,,,,,,,,,,,,,,,,,,,,,,,,,,2.702,128.478,,,,,,,,,,,,,,,,,,,,,,,,,,,,,,,,,,,,,,,,,,,,,,,,,,,,,,,,,,,,,,,,,,,,,,,,,,4883.411,,,,,,,,,,,,,,,,,,,,,,,,
Africa (EIA),2012,,,,,,,,,,,,,,,,,,,,,,,,,,,,,4.526,221.028,,,,,,,,,,,,,,,,,,,,,,,,,,,,,,,,,,,,,,,,,,,,,,,,,,,,,,,,,,,,,,,,,,,,,,,,,,5104.439,,,,,,,,,,,,,,,,,,,,,,,,
Africa (EIA),2013,,,,,,,,,,,,,,,,,,,,,,,,,,,,,3.151,160.842,,,,,,,,,,,,,,,,,,,,,,,,,,,,,,,,,,,,,,,,,,,,,,,,,,,,,,,,,,,,,,,,,,,,,,,,,,5265.281,,,,,,,,,,,,,,,,,,,,,,,,
Africa (EIA),2014,,,,,,,,,,,,,,,,,,,,,,,,,,,,,3.154,166.081,,,,,,,,,,,,,,,,,,,,,,,,,,,,,,,,,,,,,,,,,,,,,,,,,,,,,,,,,,,,,,,,,,,,,,,,,,5431.361,,,,,,,,,,,,,,,,,,,,,,,,
Africa (EIA),2015,,,,,,,,,,,,,,,,,,,,,,,,,,,,,-0.1,-5.426,,,,,,,,,,,,,,,,,,,,,,,,,,,,,,,,,,,,,,,,,,,,,,,,,,,,,,,,,,,,,,,,,,,,,,,,,,5425.935,,,,,,,,,,,,,,,,,,,,,,,,
Africa (EIA),2016,,,,,,,,,,,,,,,,,,,,,,,,,,,,,0.715,38.791,,,,,,,,,,,,,,,,,,,,,,,,,,,,,,,,,,,,,,,,,,,,,,,,,,,,,,,,,,,,,,,,,,,,,,,,,,5464.726,,,,,,,,,,,,,,,,,,,,,,,,
Africa (EIA),2017,,,,,,,,,,,,,,,,,,,,,,,,,,,,,4.27,233.367,,,,,,,,,,,,,,,,,,,,,,,,,,,,,,,,,,,,,,,,,,,,,,,,,,,,,,,,,,,,,,,,,,,,,,,,,,5698.093,,,,,,,,,,,,,,,,,,,,,,,,
Africa (EIA),2018,,,,,,,,,,,,,,,,,,,,,,,,,,,,,0.346,19.72,,,,,,,,,,,,,,,,,,,,,,,,,,,,,,,,,,,,,,,,,,,,,,,,,,,,,,,,,,,,,,,,,,,,,,,,,,5717.813,,,,,,,,,,,,,,,,,,,,,,,,
Africa (EIA),2019,,,,,,,,,,,,,,,,,,,,,,,,,,,,,3.483,199.151,,,,,,,,,,,,,,,,,,,,,,,,,,,,,,,,,,,,,,,,,,,,,,,,,,,,,,,,,,,,,,,,,,,,,,,,,,5916.964,,,,,,,,,,,,,,,,,,,,,,,,
Africa (EIA),2020,,,,,,,,,,,,,,,,,,,,,,,,,,,,,-6.18,-365.694,,,,,,,,,,,,,,,,,,,,,,,,,,,,,,,,,,,,,,,,,,,,,,,,,,,,,,,,,,,,,,,,,,,,,,,,,,5551.27,,,,,,,,,,,,,,,,,,,,,,,,
Africa (EIA),2021,,,,,,,,,,,,,,,,,,,,,,,,,,,,,3.987,221.343,,,,,,,,,,,,,,,,,,,,,,,,,,,,,,,,,,,,,,,,,,,,,,,,,,,,,,,,,,,,,,,,,,,,,,,,,,5772.613,,,,,,,,,,,,,,,,,,,,,,,,
Africa (EIA),2022,,,,,,,,,,,,,,,,,,,,,,,,,,,,,3.348,193.243,,,,,,,,,,,,,,,,,,,,,,,,,,,,,,,,,,,,,,,,,,,,,,,,,,,,,,,,,,,,,,,,,,,,,,,,,,5965.856,,,,,,,,,,,,,,,,,,,,,,,,
Africa (EIA),2023,,,,,,,,,,,,,,,,,,,,,,,,,,,,,1.432,85.435,,,,,,,,,,,,,,,,,,,,,,,,,,,,,,,,,,,,,,,,,,,,,,,,,,,,,,,,,,,,,,,,,,,,,,,,,,6051.291,,,,,,,,,,,,,,,,,,,,,,,,
Africa (Ember),2000,,,,,,,,,2.04,0.463,,621.08,,,,,,211.52,,,,,47.956,,441.07,,441.07,,,,,,,,,350.57,,,79.482,,,,,,91.85,,,,,,20.824,,273.94,,,,,74.85,,16.97,,,,,,90.5,,20.518,,,,,,,,13.01,,2.95,,,,,,47.2,,,,,,10.701,,,2.47,0.43,,,,,,0.56,0.097,,,,,,,,77.49,,17.569,,,,,,0.0,,0.0,,,,,,0.17,,0.039,
Africa (Ember),2001,,,,,,,,,2.1,0.457,,619.76,,,,,,216.72,,,,,47.169,,459.45,,459.45,,,,,,,,,365.43,,,79.536,,,,,,100.98,,,,,,21.978,,284.75,,,,,80.3,,17.477,,,,,,94.02,,20.464,,,,,,,,10.72,,2.333,,,,,,47.73,,,,,,10.389,,,2.58,0.48,,,,,,0.562,0.104,,,,,,,,83.3,,18.13,,,,,,0.0,,0.0,,,,,,0.42,,0.091,
Africa (Ember),2002,,,,,,,,,2.58,0.529,,617.14,,,,,,224.76,,,,,46.086,,487.7,,487.7,,,,,,,,,387.68,,,79.491,,,,,,115.96,,,,,,23.777,,300.98,,,,,84.6,,17.347,,,,,,100.02,,20.509,,,,,,,,11.99,,2.458,,,,,,46.96,,,,,,9.629,,,2.97,0.39,,,,,,0.609,0.08,,,,,,,,88.03,,18.05,,,,,,0.02,,0.004,,,,,,0.44,,0.09,
Africa (Ember),2003,,,,,,,,,2.53,0.497,,625.67,,,,,,237.76,,,,,46.697,,509.15,,509.15,,,,,,,,,410.61,,,80.646,,,,,,124.0,,,,,,24.354,,318.56,,,,,82.01,,16.107,,,,,,98.54,,19.354,,,,,,,,12.66,,2.486,,,,,,48.85,,,,,,9.594,,,3.32,0.79,,,,,,0.652,0.155,,,,,,,,85.88,,16.867,,,,,,0.02,,0.004,,,,,,0.53,,0.104,
Africa (Ember),2004,,,,,,,,,2.66,0.492,,624.0,,,,,,248.66,,,,,46.036,,540.14,,540.14,,,,,,,,,435.76,,,80.675,,,,,,141.06,,,,,,26.115,,337.05,,,,,86.54,,16.022,,,,,,104.38,,19.325,,,,,,,,13.37,,2.475,,,,,,46.04,,,,,,8.524,,,3.69,1.03,,,,,,0.683,0.191,,,,,,,,91.01,,16.849,,,,,,0.02,,0.004,,,,,,0.76,,0.141,
Africa (Ember),2005,,,,,,,,,2.66,0.474,,625.2,,,,,,251.4,,,,,44.833,,560.75,,560.75,,,,,,,,,455.51,,,81.232,,,,,,151.33,,,,,,26.987,,350.58,,,,,89.49,,15.959,,,,,,105.24,,18.768,,,,,,,,11.29,,2.013,,,,,,52.78,,,,,,9.412,,,3.66,1.0,,,,,,0.653,0.178,,,,,,,,93.95,,16.754,,,,,,0.02,,0.004,,,,,,0.78,,0.139,
Africa (Ember),2006,,,,,,,,,3.47,0.591,,627.51,,,,,,258.49,,,,,44.051,,586.8,,586.8,,,,,,,,,478.79,,,81.593,,,,,,164.28,,,,,,27.996,,368.22,,,,,92.62,,15.784,,,,,,108.01,,18.407,,,,,,,,10.03,,1.709,,,,,,56.02,,,,,,9.547,,,4.48,1.01,,,,,,0.763,0.172,,,,,,,,97.98,,16.697,,,,,,0.03,,0.005,,,,,,0.85,,0.145,
Africa (Ember),2007,,,,,,,,,2.89,0.474,,627.19,,,,,,265.04,,,,,43.433,,610.23,,610.23,,,,,,,,,498.41,,,81.676,,,,,,174.67,,,,,,28.624,,382.73,,,,,95.55,,15.658,,,,,,111.82,,18.324,,,,,,,,11.32,,1.855,,,,,,58.7,,,,,,9.619,,,3.91,1.02,,,,,,0.641,0.167,,,,,,,,100.5,,16.469,,,,,,0.03,,0.005,,,,,,1.01,,0.166,
Africa (Ember),2008,,,,,,,,,3.02,0.486,,621.97,,,,,,259.87,,,,,41.801,,621.69,,621.69,,,,,,,,,506.19,,,81.422,,,,,,184.14,,,,,,29.619,,386.67,,,,,96.94,,15.593,,,,,,115.5,,18.578,,,,,,,,13.0,,2.091,,,,,,62.18,,,,,,10.002,,,4.21,1.19,,,,,,0.677,0.191,,,,,,,,102.5,,16.487,,,,,,0.04,,0.006,,,,,,1.31,,0.211,
Africa (Ember),2009,,,,,,,,,2.92,0.468,,614.85,,,,,,250.16,,,,,40.053,,624.58,,624.58,,,,,,,,,505.17,,,80.882,,,,,,188.21,,,,,,30.134,,384.02,,,,,100.65,,16.115,,,,,,119.41,,19.118,,,,,,,,12.81,,2.051,,,,,,66.8,,,,,,10.695,,,4.28,1.36,,,,,,0.685,0.218,,,,,,,,106.6,,17.067,,,,,,0.07,,0.011,,,,,,1.6,,0.256,
Africa (Ember),2010,,,,,,,,,3.03,0.451,,611.52,,,,,,259.66,,,,,38.611,,672.5,,672.5,,,,,,,,,542.71,,,80.7,,,,,,218.9,,,,,,32.55,,411.25,,,,,109.27,,16.248,,,,,,129.79,,19.3,,,,,,,,13.53,,2.012,,,,,,64.15,,,,,,9.539,,,4.5,1.47,,,,,,0.669,0.219,,,,,,,,116.26,,17.288,,,,,,0.21,,0.031,,,,,,2.28,,0.339,
Africa (Ember),2011,,,,,,,,,2.75,0.399,,610.89,,,,,,262.77,,,,,38.151,,688.77,,688.77,,,,,,,,,556.59,,,80.809,,,,,,236.84,,,,,,34.386,,420.76,,,,,112.1,,16.275,,,,,,132.18,,19.191,,,,,,,,12.9,,1.873,,,,,,56.98,,,,,,8.273,,,4.26,1.51,,,,,,0.618,0.219,,,,,,,,119.28,,17.318,,,,,,0.51,,0.074,,,,,,2.41,,0.35,
Africa (Ember),2012,,,,,,,,,2.77,0.382,,609.64,,,,,,257.77,,,,,35.528,,725.54,,725.54,,,,,,,,,590.16,,,81.341,,,,,,263.81,,,,,,36.361,,442.32,,,,,114.57,,15.791,,,,,,135.38,,18.659,,,,,,,,12.97,,1.788,,,,,,68.58,,,,,,9.452,,,4.36,1.59,,,,,,0.601,0.219,,,,,,,,122.41,,16.872,,,,,,0.89,,0.123,,,,,,2.59,,0.357,
Africa (Ember),2013,,,,,,,,,2.92,0.394,,604.51,,,,,,253.6,,,,,34.224,,741.0,,741.0,,,,,,,,,599.45,,,80.897,,,,,,267.72,,,,,,36.13,,447.94,,,,,118.22,,15.954,,,,,,141.55,,19.103,,,,,,,,14.11,,1.904,,,,,,78.13,,,,,,10.544,,,4.83,1.91,,,,,,0.652,0.258,,,,,,,,127.44,,17.198,,,,,,0.56,,0.076,,,,,,3.83,,0.517,
Africa (Ember),2014,,,,,,,,,2.82,0.367,,598.46,,,,,,255.18,,,,,33.22,,768.15,,768.15,,,,,,,,,617.0,,,80.323,,,,,,277.42,,,,,,36.115,,459.71,,,,,124.3,,16.182,,,,,,151.15,,19.677,,,,,,,,13.79,,1.795,,,,,,84.4,,,,,,10.987,,,6.03,3.21,,,,,,0.785,0.418,,,,,,,,137.36,,17.882,,,,,,1.86,,0.242,,,,,,5.17,,0.673,
Africa (Ember),2015,,,,,,,,,3.0,0.38,,597.63,,,,,,254.69,,,,,32.234,,790.12,,790.12,,,,,,,,,635.78,,,80.466,,,,,,289.11,,,,,,36.591,,472.2,,,,,122.39,,15.49,,,,,,154.34,,19.534,,,,,,,,12.24,,1.549,,,,,,91.98,,,,,,11.641,,,7.48,4.48,,,,,,0.947,0.567,,,,,,,,142.1,,17.985,,,,,,3.25,,0.411,,,,,,8.98,,1.137,
Africa (Ember),2016,,,,,,,,,3.3,0.409,,594.86,,,,,,256.68,,,,,31.851,,805.89,,805.89,,,,,,,,,646.12,,,80.175,,,,,,309.09,,,,,,38.354,,479.39,,,,,120.82,,14.992,,,,,,159.77,,19.825,,,,,,,,15.03,,1.865,,,,,,80.35,,,,,,9.97,,,7.99,4.69,,,,,,0.991,0.582,,,,,,,,144.74,,17.96,,,,,,4.72,,0.586,,,,,,11.21,,1.391,
Africa (Ember),2017,,,,,,,,,3.41,0.413,,588.62,,,,,,257.12,,,,,31.139,,825.71,,825.71,,,,,,,,,656.73,,,79.535,,,,,,324.7,,,,,,39.324,,486.03,,,,,126.4,,15.308,,,,,,168.98,,20.465,,,,,,,,14.19,,1.719,,,,,,74.91,,,,,,9.072,,,8.17,4.76,,,,,,0.989,0.576,,,,,,,,154.79,,18.746,,,,,,6.78,,0.821,,,,,,13.44,,1.628,
Africa (Ember),2018,,,,,,,,,2.92,0.341,,584.02,,,,,,265.06,,,,,30.971,,855.84,,855.84,,,,,,,,,676.22,,,79.012,,,,,,345.95,,,,,,40.422,,499.83,,,,,136.66,,15.968,,,,,,179.62,,20.988,,,,,,,,11.58,,1.353,,,,,,65.21,,,,,,7.619,,,8.05,5.13,,,,,,0.941,0.599,,,,,,,,168.04,,19.635,,,,,,8.45,,0.987,,,,,,14.88,,1.739,
Africa (Ember),2019,,,,,,,,,3.0,0.342,,575.0,,,,,,264.18,,,,,30.156,,876.05,,876.05,,,,,,,,,682.57,,,77.915,,,,,,361.87,,,,,,41.307,,503.73,,,,,140.92,,16.086,,,,,,193.48,,22.085,,,,,,,,13.25,,1.512,,,,,,56.52,,,,,,6.452,,,8.24,5.24,,,,,,0.941,0.598,,,,,,,,180.23,,20.573,,,,,,11.55,,1.318,,,,,,19.52,,2.228,
Africa (Ember),2020,,,,,,,,,2.96,0.344,,564.78,,,,,,251.77,,,,,29.235,,861.18,,861.18,,,,,,,,,659.22,,,76.548,,,,,,358.24,,,,,,41.599,,486.38,,,,,148.36,,17.228,,,,,,201.96,,23.452,,,,,,,,9.9,,1.15,,,,,,49.21,,,,,,5.714,,,8.02,5.06,,,,,,0.931,0.588,,,,,,,,192.06,,22.302,,,,,,16.55,,1.922,,,,,,19.13,,2.221,
Africa (Ember),2021,,,,,,,,,3.04,0.336,,557.1,,,,,,248.74,,,,,27.459,,905.85,,905.85,,,,,,,,,686.8,,,75.818,,,,,,387.33,,,,,,42.759,,504.65,,,,,155.55,,17.172,,,,,,219.05,,24.182,,,,,,,,12.35,,1.363,,,,,,50.73,,,,,,5.6,,,8.08,5.04,,,,,,0.892,0.556,,,,,,,,206.7,,22.818,,,,,,19.87,,2.194,,,,,,23.2,,2.561,
Africa (Ember),2022,,,,,,,,,3.06,0.331,,549.13,,,,,,241.11,,,,,26.115,,923.26,,923.26,,,,,,,,,692.11,,,74.964,,,,,,393.98,,,,,,42.673,,506.99,,,,,163.33,,17.691,,,,,,231.15,,25.036,,,,,,,,10.1,,1.094,,,,,,57.02,,,,,,6.176,,,8.61,5.55,,,,,,0.933,0.601,,,,,,,,221.05,,23.942,,,,,,24.41,,2.644,,,,,,24.7,,2.675,
Africa (Ember),2023,,,,,,,,,3.95,0.424,,543.91,,,,,,231.63,,,,,24.88,,930.98,,930.98,,,,,,,,,694.72,,,74.622,,,,,,398.2,,,,,,42.772,,506.37,,,,,160.49,,17.239,,,,,,236.26,,25.378,,,,,,,,8.1,,0.87,,,,,,64.89,,,,,,6.97,,,10.01,6.06,,,,,,1.075,0.651,,,,,,,,228.16,,24.508,,,,,,29.89,,3.211,,,,,,27.77,,2.983,
Africa (Ember),2024,,,,,,,,,3.92,0.406,,543.62,,,,,,245.61,,,,,25.443,,965.35,,965.35,,,,,,,,,717.7,,,74.346,,,,,,408.56,,,,,,42.322,,524.78,,,,,165.61,,17.155,,,,,,247.65,,25.654,,,,,,,,7.8,,0.808,,,,,,63.53,,,,,,6.581,,,9.95,6.03,,,,,,1.031,0.625,,,,,,,,239.85,,24.846,,,,,,35.96,,3.725,,,,,,28.33,,2.935,
Africa (Ember),2025,,,,,,,,,3.92,0.393,,529.88,,,,,,237.57,,,,,23.802,,998.12,,998.12,,,,,,,,,726.3,,,72.767,,,,,,419.44,,,,,,42.023,,528.88,,,,,179.08,,17.942,,,,,,271.82,,27.233,,,,,,,,10.21,,1.023,,,,,,69.29,,,,,,6.942,,,10.4,6.48,,,,,,1.042,0.649,,,,,,,,261.61,,26.21,,,,,,39.83,,3.991,,,,,,32.3,,3.236,
Africa (Shift),1900,,,,,,,,,,,,,,,,,,,,,,6.68,,,,,,,,,,,,,,,,,,,,,,,,,,,,0.0,,,,,,,,,,,,,,,,,,,,,,,,,,,,,,,,,,,,,,,0.0,,,,,,,,,,,,,,,,,,,,,,,,,,,,,,,,,,,,,,,
Africa (Shift),1901,,,,,,,,,,,,,,,,,,,67.81,4.53,,11.21,,,,,,,,,,,,,,,,,,,,,,,,,,0.0,,0.0,,,,,,,,,,,,,,,,,,,,,,,,,,,,,,,,,,,,,0.0,,0.0,,,,,,,,,,,,,,,,,,,,,,,,,,,,,,,,,,,,,,,
Africa (Shift),1902,,,,,,,,,,,,,,,,,,,49.068,5.5,,16.71,,,,,,,,,,,,,,,,,,,,,,,,,,0.0,,0.0,,,,,,,,,,,,,,,,,,,,,,,,,,,,,,,,,,,,,0.0,,0.0,,,,,,,,,,,,,,,,,,,,,,,,,,,,,,,,,,,,,,,
Africa (Shift),1903,,,,,,,,,,,,,,,,,,,35.697,5.965,,22.675,,,,,,,,,,,,,,,,,,,,,,,,,,0.0,,0.0,,,,,,,,,,,,,,,,,,,,,,,,,,,,,,,,,,,,,0.0,,0.0,,,,,,,,,,,,,,,,,,,,,,,,,,,,,,,,,,,,,,,
Africa (Shift),1904,,,,,,,,,,,,,,,,,,,12.88,2.921,,25.596,,,,,,,,,,,,,,,,,,,,,,,,,,0.0,,0.0,,,,,,,,,,,,,,,,,,,,,,,,,,,,,,,,,,,,,0.0,,0.0,,,,,,,,,,,,,,,,,,,,,,,,,,,,,,,,,,,,,,,
Africa (Shift),1905,,,,,,,,,,,,,,,,,,,15.171,3.883,,29.479,,,,,,,,,,,,,,,,,,,,,,,,,,0.0,,0.0,,,,,,,,,,,,,,,,,,,,,,,,,,,,,,,,,,,,,0.0,,0.0,,,,,,,,,,,,,,,,,,,,,,,,,,,,,,,,,,,,,,,
Africa (Shift),1906,,,,,,,,,,,,,,,,,,,14.187,4.182,,33.662,,,,,,,,,,,,,,,,,,,,,,,,,,0.0,,0.0,,,,,,,,,,,,,,,,,,,,,,,,,,,,,,,,,,,,,0.0,,0.0,,,,,,,,,,,,,,,,,,,,,,,,,,,,,,,,,,,,,,,
Africa (Shift),1907,,,,,,,,,,,,,,,,,,,10.355,3.485,,37.147,,,,,,,,,,,,,,,,,,,,,,,,,,0.0,,0.0,,,,,,,,,,,,,,,,,,,,,,,,,,,,,,,,,,,,,0.0,,0.0,,,,,,,,,,,,,,,,,,,,,,,,,,,,,,,,,,,,,,,
Africa (Shift),1908,,,,,,,,,,,,,,,,,,,3.723,1.383,,38.53,,,,,,,,,,,,,,,,,,,,,,,,,,0.0,,0.0,,,,,,,,,,,,,,,,,,,,,,,,,,,,,,,,,,,,,0.0,,0.0,,,,,,,,,,,,,,,,,,,,,,,,,,,,,,,,,,,,,,,
Africa (Shift),1909,,,,,,,,,,,,,,,,,,,14.77,5.691,,44.221,,,,,,,,,,,,,,,,,,,,,,,,,,0.0,,0.0,,,,,,,,,,,,,,,,,,,,,,,,,,,,,,,,,,,,,0.0,,0.0,,,,,,,,,,,,,,,,,,,,,,,,,,,,,,,,,,,,,,,
Africa (Shift),1910,,,,,,,,,,,,,,,,,,,13.15,5.815,,50.036,,,,,,,,,,,,,,,,,,,,,,,,,,0.0,,0.0,,,,,,,,,,,,,,,,,,,,,,,,,,,,,,,,,,,,,0.0,,0.0,,,,,,,,,,,,,,,,,,,,,,,,,,,,,,,,,,,,,,,
Africa (Shift),1911,,,,,,,,,,,,,,,,,,,-3.163,-1.583,,48.453,,,,,,,,,,,,,,,,,,,,,,,,,,0.0,,0.0,,,,,,,,,,,,,,,,,,,,,,,,,,,,,,,,,,,,,0.035,,0.035,,,,,,,,,,,,,,,,,,,,,,,,,,,,,,,,,,,,,,,
Africa (Shift),1912,,,,,,,,,,,,,,,,,,,6.005,2.909,,51.363,,,,,,,,,,,,,,,,,,,,,,,,,,0.0,,0.0,,,,,,,,,,,,,,,,,,,,,,,,,,,,,,,,,,,,833.333,0.291,,0.326,,,,,,,,,,,,,,,,,,,,,,,,,,,,,,,,,,,,,,,
Africa (Shift),1913,,,,,,,,,,,,,,,,,,,9.501,4.88,,56.243,,,,,,,,,,,,,,,,,,,,,,,,,,0.0,,0.0,,,,,,,,,,,,,,,,,,,,,,,,,,,,,,,,,,,,-53.571,-0.174,,0.151,,,,,,,,,,,,,,,,,,,,,,,,,,,,,,,,,,,,,,,
Africa (Shift),1914,,,,,,,,,,,,,,,,,,,-1.556,-0.875,,55.367,,,,,,,,,,,,,,,,,,,,,,,,,,0.0,,0.0,,,,,,,,,,,,,,,,,,,,,,,,,,,,,,,,,,,,669.231,1.012,,1.163,,,,,,,,,,,,,,,,,,,,,,,,,,,,,,,,,,,,,,,
Africa (Shift),1915,,,,,,,,,,,,,,,,,,,1.472,0.815,,56.182,,,,,,,,,,,,,,,,,,,,,,,,,,0.0,,0.0,,,,,,,,,,,,,,,,,,,,,,,,,,,,,,,,,,,,-70.0,-0.814,,0.349,,,,,,,,,,,,,,,,,,,,,,,,,,,,,,,,,,,,,,,
Africa (Shift),1916,,,,,,,,,,,,,,,,,,,18.252,10.254,,66.437,,,,,,,,,,,,,,,,,,,,,,,,,,0.0,,0.0,,,,,,,,,,,,,,,,,,,,,,,,,,,,,,,,,,,,96.667,0.337,,0.686,,,,,,,,,,,,,,,,,,,,,,,,,,,,,,,,,,,,,,,
Africa (Shift),1917,,,,,,,,,,,,,,,,,,,8.094,5.377,,71.814,,,,,,,,,,,,,,,,,,,,,,,,,,0.0,,0.0,,,,,,,,,,,,,,,,,,,,,,,,,,,,,,,,,,,,133.898,0.919,,1.605,,,,,,,,,,,,,,,,,,,,,,,,,,,,,,,,,,,,,,,
Africa (Shift),1918,,,,,,,,,,,,,,,,,,,-4.225,-3.034,,68.779,,,,,,,,,,,,,,,,,,,,,,,,,,0.0,,0.0,,,,,,,,,,,,,,,,,,,,,,,,,,,,,,,,,,,,105.072,1.686,,3.291,,,,,,,,,,,,,,,,,,,,,,,,,,,,,,,,,,,,,,,
Africa (Shift),1919,,,,,,,,,,,,,,,,,,,3.719,2.558,,71.337,,,,,,,,,,,,,,,,,,,,,,,,,,0.0,,0.0,,,,,,,,,,,,,,,,,,,,,,,,,,,,,,,,,,,,-20.495,-0.675,,2.617,,,,,,,,,,,,,,,,,,,,,,,,,,,,,,,,,,,,,,,
Africa (Shift),1920,,,,,,,,,,,,,,,,,,,11.518,8.216,,79.553,,,,,,,,,,,,,,,,,,,,,,,,,,0.0,,0.0,,,,,,,,,,,,,,,,,,,,,,,,,,,,,,,,,,,,-33.778,-0.884,,1.733,,,,,,,,,,,,,,,,,,,,,,,,,,,,,,,,,,,,,,,
Africa (Shift),1921,,,,,,,,,,,,,,,,,,,-0.596,-0.474,,79.079,,,,,,,,,,,,,,,,,,,,,,,,,,0.0,,0.0,,,,,,,,,,,,,,,,,,,,,,,,,,,,,,,,,,,,22.819,0.395,,2.128,,,,,,,,,,,,,,,,,,,,,,,,,,,,,,,,,,,,,,,
Africa (Shift),1922,,,,,,,,,,,,,,,,,,,-14.562,-11.515,,67.564,,,,,,,,,,,,,,,,,,,,,,,,,,0.0,,0.0,,,,,,,,,,,,,,,,,,,,,,,,,,,,,,,,,,,,-4.918,-0.105,,2.024,,,,,,,,,,,,,,,,,,,,,,,,,,,,,,,,,,,,,,,
Africa (Shift),1923,,,,,,,,,,,,,,,,,,,21.95,14.83,,82.394,,,,,,,,,,,,,,,,,,,,,,,,,,0.0,,0.0,,,,,,,,,,,,,,,,,,,,,,,,,,,,,,,,,,,,-11.494,-0.233,,1.791,,,,,,,,,,,,,,,,,,,,,,,,,,,,,,,,,,,,,,,
Africa (Shift),1924,,,,,,,,,,,,,,,,,,,5.455,4.495,,86.889,,,,,,,,,,,,,,,,,,,,,,,,,,0.0,,0.0,,,,,,,,,,,,,,,,,,,,,,,,,,,,,,,,,,,,7.143,0.128,,1.919,,,,,,,,,,,,,,,,,,,,,,,,,,,,,,,,,,,,,,,
Africa (Shift),1925,,,,,,,,,,,,,,,,,,,5.02,4.362,,91.251,,,,,,,,,,,,,,,,,,,,,,,,,,0.0,,0.0,,,,,,,,,,,,,,,,,,,,,,,,,,,,,,,,,,,,10.303,0.198,,2.117,,,,,,,,,,,,,,,,,,,,,,,,,,,,,,,,,,,,,,,
Africa (Shift),1926,,,,,,,,,,,,,,,,,,,7.341,6.699,,97.949,,,,,,,,,,,,,,,,,,,,,,,,,,0.0,,0.0,,,,,,,,,,,,,,,,,,,,,,,,,,,,,,,,,,,,-4.396,-0.093,,2.024,,,,,,,,,,,,,,,,,,,,,,,,,,,,,,,,,,,,,,,
Africa (Shift),1927,,,,,,,,,,,,,,,,,,,-1.815,-1.778,,96.172,,,,,,,,,,,,,,,,,,,,,,,,,,0.0,,0.0,,,,,,,,,,,,,,,,,,,,,,,,,,,,,,,,,,,,6.897,0.14,,2.163,,,,,,,,,,,,,,,,,,,,,,,,,,,,,,,,,,,,,,,
Africa (Shift),1928,,,,,,,,,,,,,,,,,,,1.74,1.673,,97.845,,,,,,,,,,,,,,,,,,,,,,,,,,0.0,,0.0,,,,,,,,,,,,,,,,,,,,,,,,,,,,,,,,,,,,44.624,0.965,,3.128,,,,,,,,,,,,,,,,,,,,,,,,,,,,,,,,,,,,,,,
Africa (Shift),1929,,,,,,,,,,,,,,,,,,,2.231,2.183,,100.028,,,,,,,,,,,,,,,,,,,,,,,,,,0.0,,0.0,,,,,,,,,,,,,,,,,,,,,,,,,,,,,,,,,,,,2.23,0.07,,3.198,,,,,,,,,,,,,,,,,,,,,,,,,,,,,,,,,,,,,,,
Africa (Shift),1930,,,,,,,,,,,,,,,,,,,-5.87,-5.872,,94.156,,,,,,,,,,,,,,,,,,,,,,,,,,0.0,,0.0,,,,,,,,,,,,,,,,,,,,,,,,,,,,,,,,,,,,4.364,0.14,,3.338,,,,,,,,,,,,,,,,,,,,,,,,,,,,,,,,,,,,,,,
Africa (Shift),1931,,,,,,,,,,,,,,,,,,,-13.17,-12.4,,81.756,,,,,,,,,,,,,,,,,,,,,,,,,,0.0,,0.0,,,,,,,,,,,,,,,,,,,,,,,,,,,,,,,,,,,,1.045,0.035,,3.373,,,,,,,,,,,,,,,,,,,,,,,,,,,,,,,,,,,,,,,
Africa (Shift),1932,,,,,,,,,,,,,,,,,,,-10.534,-8.612,,73.144,,,,,,,,,,,,,,,,,,,,,,,,,,0.0,,0.0,,,,,,,,,,,,,,,,,,,,,,,,,,,,,,,,,,,,-6.207,-0.209,,3.163,,,,,,,,,,,,,,,,,,,,,,,,,,,,,,,,,,,,,,,
Africa (Shift),1933,,,,,,,,,,,,,,,,,,,7.618,5.572,,78.715,,,,,,,,,,,,,,,,,,,,,,,,,,0.0,,0.0,,,,,,,,,,,,,,,,,,,,,,,,,,,,,,,,,,,,-11.765,-0.372,,2.791,,,,,,,,,,,,,,,,,,,,,,,,,,,,,,,,,,,,,,,
Africa (Shift),1934,,,,,,,,,,,,,,,,,,,14.806,11.655,,90.37,,,,,,,,,,,,,,,,,,,,,,,,,,0.0,,0.0,,,,,,,,,,,,,,,,,,,,,,,,,,,,,,,,,,,,-7.5,-0.209,,2.582,,,,,,,,,,,,,,,,,,,,,,,,,,,,,,,,,,,,,,,
Africa (Shift),1935,,,,,,,,,,,,,,,,,,,10.924,9.872,,100.242,,,,,,,,,,,,,,,,,,,,,,,,,,0.0,,0.0,,,,,,,,,,,,,,,,,,,,,,,,,,,,,,,,,,,,-18.018,-0.465,,2.117,,,,,,,,,,,,,,,,,,,,,,,,,,,,,,,,,,,,,,,
Africa (Shift),1936,,,,,,,,,,,,,,,,,,,8.657,8.678,,108.92,,,,,,,,,,,,,,,,,,,,,,,,,,0.0,,0.0,,,,,,,,,,,,,,,,,,,,,,,,,,,,,,,,,,,,0.549,0.012,,2.128,,,,,,,,,,,,,,,,,,,,,,,,,,,,,,,,,,,,,,,
Africa (Shift),1937,,,,,,,,,,,,,,,,,,,7.642,8.323,,117.243,,,,,,,,,,,,,,,,,,,,,,,,,,0.0,,0.0,,,,,,,,,,,,,,,,,,,,,,,,,,,,,,,,,,,,-4.918,-0.105,,2.024,,,,,,,,,,,,,,,,,,,,,,,,,,,,,,,,,,,,,,,
Africa (Shift),1938,,,,,,,,,,,,,,,,,,,4.858,5.695,,122.938,,,,,,,,,,,,,,,,,,,,,,,,,,0.0,,0.0,,,,,,,,,,,,,,,,,,,,,,,,,,,,,,,,,,,,31.609,0.64,,2.663,,,,,,,,,,,,,,,,,,,,,,,,,,,,,,,,,,,,,,,
Africa (Shift),1939,,,,,,,,,,,,,,,,,,,3.255,4.002,,126.94,,,,,,,,,,,,,,,,,,,,,,,,,,0.0,,0.0,,,,,,,,,,,,,,,,,,,,,,,,,,,,,,,,,,,,193.013,5.14,,7.804,,,,,,,,,,,,,,,,,,,,,,,,,,,,,,,,,,,,,,,
Africa (Shift),1940,,,,,,,,,,,,,,,,,,,4.812,6.108,,133.048,,,,,,,,,,,,,,,,,,,,,,,,,,0.0,,0.0,,,,,,,,,,,,,,,,,,,,,,,,,,,,,,,,,,,,39.195,3.059,,10.862,,,,,,,,,,,,,,,,,,,,,,,,,,,,,,,,,,,,,,,
Africa (Shift),1941,,,,,,,,,,,,,,,,,,,7.466,9.933,,142.981,,,,,,,,,,,,,,,,,,,,,,,,,,0.0,,0.0,,,,,,,,,,,,,,,,,,,,,,,,,,,,,,,,,,,,31.37,3.408,,14.27,,,,,,,,,,,,,,,,,,,,,,,,,,,,,,,,,,,,,,,
Africa (Shift),1942,,,,,,,,,,,,,,,,,,,9.864,14.103,,157.085,,,,,,,,,,,,,,,,,,,,,,,,,,0.0,,0.0,,,,,,,,,,,,,,,,,,,,,,,,,,,,,,,,,,,,-3.26,-0.465,,13.805,,,,,,,,,,,,,,,,,,,,,,,,,,,,,,,,,,,,,,,
Africa (Shift),1943,,,,,,,,,,,,,,,,,,,1.772,2.784,,159.869,,,,,,,,,,,,,,,,,,,,,,,,,,0.0,,0.0,,,,,,,,,,,,,,,,,,,,,,,,,,,,,,,,,,,,8.677,1.198,,15.003,,,,,,,,,,,,,,,,,,,,,,,,,,,,,,,,,,,,,,,
Africa (Shift),1944,,,,,,,,,,,,,,,,,,,11.063,17.687,,177.555,,,,,,,,,,,,,,,,,,,,,,,,,,0.0,,0.0,,,,,,,,,,,,,,,,,,,,,,,,,,,,,,,,,,,,5.271,0.791,,15.794,,,,,,,,,,,,,,,,,,,,,,,,,,,,,,,,,,,,,,,
Africa (Shift),1945,,,,,,,,,,,,,,,,,,,1.443,2.561,,180.117,,,,,,,,,,,,,,,,,,,,,,,,,,0.0,,0.0,,,,,,,,,,,,,,,,,,,,,,,,,,,,,,,,,,,,-0.368,-0.058,,15.735,,,,,,,,,,,,,,,,,,,,,,,,,,,,,,,,,,,,,,,
Africa (Shift),1946,,,,,,,,,,,,,,,,,,,1.082,1.949,,182.066,,,,,,,,,,,,,,,,,,,,,,,,,,0.843,,0.843,,,,,,,,,,,,,,,,,,,,,,,,,,,,,,,,,,,,-5.026,-0.791,,14.945,,,,,,,,,,,,,,,,,,,,,,,,,,,,,,,,,,,,,,,
Africa (Shift),1947,,,,,,,,,,,,,,,,,,,-0.843,-1.534,,180.532,,,,,,,,,,,,,,,,,,,,,,,,,0.0,0.0,,0.843,,,,,,,,,,,,,,,,,,,,,,,,,,,,,,,,,,,,4.047,0.605,,15.549,,,,,,,,,,,,,,,,,,,,,,,,,,,,,,,,,,,,,,,
Africa (Shift),1948,,,,,,,,,,,,,,,,,,,3.155,5.695,,186.227,,,,,,,,,,,,,,,,,,,,,,,,,2.899,0.024,,0.867,,,,,,,,,,,,,,,,,,,,,,,,,,,,,,,,,,,,41.66,6.478,,22.027,,,,,,,,,,,,,,,,,,,,,,,,,,,,,,,,,,,,,,,
Africa (Shift),1949,,,,,,,,,,,,,,,,,,,6.564,12.224,,198.451,,,,,,,,,,,,,,,,,,,,,,,,,1.408,0.012,,0.879,,,,,,,,,,,,,,,,,,,,,,,,,,,,,,,,,,,,21.753,4.792,,26.819,,,,,,,,,,,,,,,,,,,,,,,,,,,,,,,,,,,,,,,
Africa (Shift),1950,,,,,,,,,,,,,,,,,,,4.609,9.148,,207.599,,,,,,,,,,,,,,,,,,,,,,,,,5.536,0.049,,0.928,,,,,,,,,,,,,,,,,,,,,,,,,,,,,,,,,,,,14.874,3.989,,30.808,,,,,,,,,,,,,,,,,,,,,,,,,,,,,,,,,,,,,,,
Africa (Shift),1951,,,,,,,,,,,,,,,,,,,1.392,2.89,,210.489,,,,,,,,,,,,,,,,,,,,,,,,,7.878,0.073,,1.001,,,,,,,,,,,,,,,,,,,,,,,,,,,,,,,,,,,,-8.834,-2.721,,28.086,,,,,,,,,,,,,,,,,,,,,,,,,,,,,,,,,,,,,,,
Africa (Shift),1952,,,,,,,,,,,,,,,,,,,5.927,12.476,,222.964,,,,,,,,,,,,,,,,,,,,,,,,,2.423,0.024,,1.025,,,,,,,,,,,,,,,,,,,,,,,,,,,,,,,,,,,,3.478,0.977,,29.063,,,,,,,,,,,,,,,,,,,,,,,,,,,,,,,,,,,,,,,
Africa (Shift),1953,,,,,,,,,,,,,,,,,,,3.101,6.914,,229.878,,,,,,,,,,,,,,,,,,,,,,,,,8.272,0.085,,1.11,,,,,,,,,,,,,,,,,,,,,,,,,,,,,,,,,,,,1.601,0.465,,29.529,,,,,,,,,,,,,,,,,,,,,,,,,,,,,,,,,,,,,,,
Africa (Shift),1954,,,,,,,,,,,,,,,,,,,2.624,6.032,,235.91,,,,,,,,,,,,,,,,,,,,,,,,,10.925,0.121,,1.231,,,,,,,,,,,,,,,,,,,,,,,,,,,,,,,,,,,,-14.888,-4.396,,25.132,,,,,,,,,,,,,,,,,,,,,,,,,,,,,,,,,,,,,,,
Africa (Shift),1955,,,,,,,,,,,,,,,,,,,10.722,25.293,,261.203,,,,,,,,,,,,,,,,,,,,,,,,,-0.978,-0.012,,1.219,,,,,,,,,,,,,,,,,,,,,,,,,,,,,,,,,,,,-8.468,-2.128,,23.004,,,,,,,,,,,,,,,,,,,,,,,,,,,,,,,,,,,,,,,
Africa (Shift),1956,,,,,,,,,,,,,,,,,,,4.708,12.297,,273.501,,,,,,,,,,,,,,,,,,,,,,,,,10.989,0.134,,1.353,,,,,,,,,,,,,,,,,,,,,,,,,,,,,,,,,,,,-5.561,-1.279,,21.725,,,,,,,,,,,,,,,,,,,,,,,,,,,,,,,,,,,,,,,
Africa (Shift),1957,,,,,,,,,,,,,,,,,,,3.978,10.879,,284.379,,,,,,,,,,,,,,,,,,,,,,,,,-0.853,-0.012,,1.342,,,,,,,,,,,,,,,,,,,,,,,,,,,,,,,,,,,,43.308,9.409,,31.134,,,,,,,,,,,,,,,,,,,,,,,,,,,,,,,,,,,,,,,
Africa (Shift),1958,,,,,,,,,,,,,,,,,,,4.161,11.834,,296.213,,,,,,,,,,,,,,,,,,,,,,,,,6.396,0.086,,1.428,,,,,,,,,,,,,,,,,,,,,,,,,,,,,,,,,,,,68.061,21.19,,52.323,,,,,,,,,,,,,,,,,,,,,,,,,,,,,,,,,,,,,,,
Africa (Shift),1959,,,,,,,,,,,,,,,,,,,-1.581,-4.683,,291.53,,,,,,,,,,,,,,,,,,,,,,,,,15.303,0.218,,1.646,,,,,,,,,,,,,,,,,,,,,,,,,,,,,,,,,,,,29.34,15.352,,67.675,,,,,,,,,,,,,,,,,,,,,,,,,,,,,,,,,,,,,,,
Africa (Shift),1960,,,,,,,,,,,,,,,,,,,-6.406,-18.674,,272.856,,,,,,,,,,,,,,,,,,,,,,,,,7.419,0.122,,1.768,,,,,,,,,,,,,,,,,,,,,,,,,,,,,,,,,,,,137.137,92.807,,160.482,,,,,,,,,,,,,,,,,,,,,,,,,,,,,,,,,,,,,,,
Africa (Shift),1961,,,,,,,,,,,,,,,,,,,11.328,30.908,,303.764,,,,,,,,,,,,,,,,,,,,,,,,,60.776,1.075,,2.843,,,,,,,,,,,,,,,,,,,,,,,,,,,,,,,,,,,,71.367,114.532,,275.015,,,,,,,,,,,,,,,,,,,,,,,,,,,,,,,,,,,,,,,
Africa (Shift),1962,,,,,,,,,,,,,,,,,,,3.009,9.141,,312.905,,,,,,,,,,,,,,,,,,,,,,,,,59.692,1.697,,4.54,,,,,,,,,,,,,,,,,,,,,,,,,,,,,,,,,,,,64.27,176.753,,451.767,,,,,,,,,,,,,,,,,,,,,,,,,,,,,,,,,,,,,,,
Africa (Shift),1963,,,,,,,,,,,,,,,,,,,2.272,7.109,,320.014,,,,,,,,,,,,,,,,,,,,,,,,,34.124,1.549,,6.089,,,,,,,,,,,,,,,,,,,,,,,,,,,,,,,,,,,,47.293,213.655,,665.422,,,,,,,,,,,,,,,,,,,,,,,,,,,,,,,,,,,,,,,
Africa (Shift),1964,,,,,,,,,,,,,,,,,,,6.096,19.509,,339.523,,,,,,,,,,,,,,,,,,,,,,,,,85.973,5.235,,11.323,,,,,,,,,,,,,,,,,,,,,,,,,,,,,,,,,,,,43.932,292.332,,957.754,,,,,,,,,,,,,,,,,,,,,,,,,,,,,,,,,,,,,,,
Africa (Shift),1965,,,,,,,,,,,,,,,,,,,8.434,28.637,,368.159,,,,,,,,,,,,,,,,,,,,,,,,,176.044,19.934,,31.258,,,,,,,,,,,,,,,,,,,,,,,,,,,,,,,,,,,,29.894,286.307,,1244.061,,,,,,,,,,,,,,,,,,,,,,,,,,,,,,,,,,,,,,,
Africa (Shift),1966,,,,,,,,,,,,,,,,,,,-1.023,-3.765,,364.395,,,,,,,,,,,,,,,,,,,,,,,,,22.341,6.983,,38.241,,,,,,,,,,,,,,,,,,,,,,,,,,,,,,,,,,,,27.49,341.992,,1586.053,,,,,,,,,,,,,,,,,,,,,,,,,,,,,,,,,,,,,,,
Africa (Shift),1967,,,,,,,,,,,,,,,,,,,1.464,5.335,,369.73,,,,,,,,,,,,,,,,,,,,,,,,,-16.316,-6.24,,32.001,,,,,,,,,,,,,,,,,,,,,,,,,,,,,,,,,,,,11.581,183.684,,1769.737,,,,,,,,,,,,,,,,,,,,,,,,,,,,,,,,,,,,,,,
Africa (Shift),1968,,,,,,,,,,,,,,,,,,,4.709,17.411,,387.14,,,,,,,,,,,,,,,,,,,,,,,,,39.987,12.796,,44.798,,,,,,,,,,,,,,,,,,,,,,,,,,,,,,,,,,,,28.001,495.543,,2265.28,,,,,,,,,,,,,,,,,,,,,,,,,,,,,,,,,,,,,,,
Africa (Shift),1969,,,,,,,,,,,,,,,,,,,1.415,5.478,,392.619,,,,,,,,,,,,,,,,,,,,,,,,,-16.113,-7.218,,37.58,,,,,,,,,,,,,,,,,,,,,,,,,,,,,,,,,,,,26.97,610.947,,2876.227,,,,,,,,,,,,,,,,,,,,,,,,,,,,,,,,,,,,,,,
Africa (Shift),1970,,,,,,,,,,,,,,,,,,,4.397,17.264,,409.882,,,,,,,,,,,,,,,,,,,,,,,,,6.514,2.448,,40.028,,,,,,,,,,,,,,,,,,,,,,,,,,,,,,,,,,,,20.427,587.513,,3463.74,,,,,,,,,,,,,,,,,,,,,,,,,,,,,,,,,,,,,,,
Africa (Shift),1971,,,,,,,,,,,,,,,,,,,7.04,28.855,,438.738,,,,,,,,,,,,,,,,,,,,,,,,,20.908,8.369,,48.397,,,,,,,,,,,,,,,,,,,,,,,,,,,,,,,,,,,,-4.899,-169.693,,3294.046,,,,,,,,,,,,,,,,,,,,,,,,,,,,,,,,,,,,,,,
Africa (Shift),1972,,,,,,,,,,,,,,,,,,,-0.545,-2.391,,436.346,,,,,,,,,,,,,,,,,,,,,,,,,72.847,35.256,,83.652,,,,,,,,,,,,,,,,,,,,,,,,,,,,,,,,,,,,0.212,6.99,,3301.036,,,,,,,,,,,,,,,,,,,,,,,,,,,,,,,,,,,,,,,
Africa (Shift),1973,,,,,,,,,,,,,,,,,,,6.38,27.841,,464.187,,,,,,,,,,,,,,,,,,,,,,,,,43.108,36.061,,119.713,,,,,,,,,,,,,,,,,,,,,,,,,,,,,,,,,,,,3.341,110.299,,3411.335,,,,,,,,,,,,,,,,,,,,,,,,,,,,,,,,,,,,,,,
Africa (Shift),1974,,,,,,,,,,,,,,,,,,,5.34,24.785,,488.972,,,,,,,,,,,,,,,,,,,,,,,,,6.421,7.686,,127.4,,,,,,,,,,,,,,,,,,,,,,,,,,,,,,,,,,,,-8.104,-276.469,,3134.866,,,,,,,,,,,,,,,,,,,,,,,,,,,,,,,,,,,,,,,
Africa (Shift),1975,,,,,,,,,,,,,,,,,,,5.379,26.304,,515.276,,,,,,,,,,,,,,,,,,,,,,,,,42.545,54.202,,181.602,,,,,,,,,,,,,,,,,,,,,,,,,,,,,,,,,,,,-7.402,-232.042,,2902.825,,,,,,,,,,,,,,,,,,,,,,,,,,,,,,,,,,,,,,,
Africa (Shift),1976,,,,,,,,,,,,,,,,,,,9.667,49.81,,565.086,,,,,,,,,,,,,,,,,,,,,,,,,7.564,13.737,,195.339,,,,,,,,,,,,,,,,,,,,,,,,,,,,,,,,,,,,16.083,466.863,,3369.688,,,,,,,,,,,,,,,,,,,,,,,,,,,,,,,,,,,,,,,
Africa (Shift),1977,,,,,,,,,,,,,,,,,,,10.112,57.143,,622.229,,,,,,,,,,,,,,,,,,,,,,,,,-5.587,-10.913,,184.426,,,,,,,,,,,,,,,,,,,,,,,,,,,,,,,,,,,,5.634,189.837,,3559.524,,,,,,,,,,,,,,,,,,,,,,,,,,,,,,,,,,,,,,,
Africa (Shift),1978,,,,,,,,,,,,,,,,,,,5.569,34.653,,656.882,,,,,,,,,,,,,,,,,,,,,,,,,39.64,73.107,,257.533,,,,,,,,,,,,,,,,,,,,,,,,,,,,,,,,,,,,-2.471,-87.969,,3471.555,,,,,,,,,,,,,,,,,,,,,,,,,,,,,,,,,,,,,,,
Africa (Shift),1979,,,,,,,,,,,,,,,,,,,13.524,88.837,,745.719,,,,,,,,,,,,,,,,,,,,,,,,,66.884,172.248,,429.78,,,,,,,,,,,,,,,,,,,,,,,,,,,,,,,,,,,,10.335,358.786,,3830.341,,,,,,,,,,,,,,,,,,,,,,,,,,,,,,,,,,,,,,,
Africa (Shift),1980,,,,,,,,,,,,,,,,,,,12.0,89.483,,835.202,,,,,,,,,,,,,,,,,,,,,,,,,-47.03,-202.127,,227.653,,,,,,,,,,,,,,,,,,,,,,,,,,,,,,,,,,,,0.629,24.106,,3854.447,,,,,,,,,,,,,,,,,,,,,,,,,,,,,,,,,,,,,,,
Africa (Shift),1981,,,,,,,,,,,,,,,,,,,10.265,85.735,,920.936,,,,,,,,,,,,,,,,,,,,,,,,,53.428,121.63,,349.283,,,,,,,,,,,,,,,,,,,,,,,,,,,,,,,,,,,,-21.967,-846.713,,3007.734,,,,,,,,,,,,,,,,,,,,,,,,,,,,,,,,,,,,,,,
Africa (Shift),1982,,,,,,,,,,,,,,,,,,,8.239,75.88,,996.816,,,,,,,,,,,,,,,,,,,,,,,,,19.803,69.168,,418.451,,,,,,,,,,,,,,,,,,,,,,,,,,,,,,,,,,,,-0.496,-14.904,,2992.83,,,,,,,,,,,,,,,,,,,,,,,,,,,,,,,,,,,,,,,
Africa (Shift),1983,,,,,,,,,,,,,,,,,,,4.865,48.494,,1045.31,,,,,,,,,,,,,,,,,,,,,,,,,36.146,151.254,,569.705,,,,,,,,,,,,,,,,,,,,,,,,,,,,,,,,,,,,0.18,5.386,,2998.216,,,,,,,,,,,,,,,,,,,,,,,,,,,,,,,,,,,,,,,
Africa (Shift),1984,,,,,,,,,,,,,,,,,,,11.728,122.594,,1167.904,,,,,,,,,,,,,,,,,,,,,,,,,6.65,37.888,,607.592,,,,,,,,,,,,,,,,,,,,,,,,,,,,,,,,,,,,9.071,271.96,,3270.176,,,,,,,,,,,,,,,,,,,,,,,,,,,,,,,,,,,,,,,
Africa (Shift),1985,,,,,,,,,,,,,,,,,,,6.603,77.114,,1245.018,,,,,,,,,,,,,,,,,,,,,,,,,2.725,16.559,,624.151,,,,,,,,,,,,,,,,,,,,,,,,,,,,,,,,,,,,4.487,146.733,,3416.909,,,,,,,,,,,,,,,,,,,,,,,,,,,,,,,,,,,,,,,
Africa (Shift),1986,,,,,,,,,,,,,,,,,,,2.105,26.213,,1271.23,,,,,,,,,,,,,,,,,,,,,,,,,0.825,5.15,,629.301,,,,,,,,,,,,,,,,,,,,,,,,,,,,,,,,,,,,-1.056,-36.087,,3380.822,,,,,,,,,,,,,,,,,,,,,,,,,,,,,,,,,,,,,,,
Africa (Shift),1987,,,,,,,,,,,,,,,,,,,0.529,6.726,,1277.957,,,,,,,,,,,,,,,,,,,,,,,,,12.26,77.151,,706.452,,,,,,,,,,,,,,,,,,,,,,,,,,,,,,,,,,,,-0.627,-21.184,,3359.638,,,,,,,,,,,,,,,,,,,,,,,,,,,,,,,,,,,,,,,
Africa (Shift),1988,,,,,,,,,,,,,,,,,,,2.582,32.998,,1310.954,,,,,,,,,,,,,,,,,,,,,,,,,6.573,46.434,,752.886,,,,,,,,,,,,,,,,,,,,,,,,,,,,,,,,,,,,6.607,221.964,,3581.602,,,,,,,,,,,,,,,,,,,,,,,,,,,,,,,,,,,,,,,
Africa (Shift),1989,,,,,,,,,,,,,,,,,,,-2.743,-35.961,,1274.993,,,,,,,,,,,,,,,,,,,,,,,,,6.579,49.532,,802.418,,,,,,,,,,,,,,,,,,,,,,,,,,,,,,,,,,,,6.684,239.411,,3821.012,,,,,,,,,,,,,,,,,,,,,,,,,,,,,,,,,,,,,,,
Africa (Shift),1990,,,,,,,,,,,,,,,,,,,-0.309,-3.946,,1271.047,,,,,,,,,,,,,,,,,,,,,,,,,2.886,23.162,,825.58,,,,,,,,,,,,,,,,,,,,,,,,,,,,,,,,,,,,7.517,287.242,,4108.255,,,,,,,,,,,,,,,,,,,,,,,,,,,,,,,,,,,,,,,
Africa (Shift),1991,,,,,,,,,,,,,,,,,,,1.916,24.354,,1295.401,,,,,,,,,,,,,,,,,,,,,,,,,9.124,75.327,,900.907,,,,,,,,,,,,,,,,,,,,,,,,,,,,,,,,,,,,3.577,146.959,,4255.214,,,,,,,,,,,,,,,,,,,,,,,,,,,,,,,,,,,,,,,
Africa (Shift),1992,,,,,,,,,,,,,,,,,,,-2.038,-26.402,,1268.999,,,,,,,,,,,,,,,,,,,,,,,,,4.584,41.295,,942.202,,,,,,,,,,,,,,,,,,,,,,,,,,,,,,,,,,,,1.099,46.767,,4301.98,,,,,,,,,,,,,,,,,,,,,,,,,,,,,,,,,,,,,,,
Africa (Shift),1993,,,,,,,,,,,,,,,,,,,7.442,94.443,,1363.441,,,,,,,,,,,,,,,,,,,,,,,,,-0.637,-5.999,,936.204,,,,,,,,,,,,,,,,,,,,,,,,,,,,,,,,,,,,-1.446,-62.209,,4239.771,,,,,,,,,,,,,,,,,,,,,,,,,,,,,,,,,,,,,,,
Africa (Shift),1994,,,,,,,,,,,,,,,,,,,4.042,55.106,,1418.547,,,,,,,,,,,,,,,,,,,,,,,,,-3.121,-29.217,,906.987,,,,,,,,,,,,,,,,,,,,,,,,,,,,,,,,,,,,0.022,0.923,,4240.694,,,,,,,,,,,,,,,,,,,,,,,,,,,,,,,,,,,,,,,
Africa (Shift),1995,,,,,,,,,,,,,,,,,,,4.533,64.307,,1482.853,,,,,,,,,,,,,,,,,,,,,,,,,10.652,96.615,,1003.601,,,,,,,,,,,,,,,,,,,,,,,,,,,,,,,,,,,,3.939,167.031,,4407.725,,,,,,,,,,,,,,,,,,,,,,,,,,,,,,,,,,,,,,,
Africa (Shift),1996,,,,,,,,,,,,,,,,,,,-0.227,-3.373,,1479.48,,,,,,,,,,,,,,,,,,,,,,,,,3.72,37.336,,1040.937,,,,,,,,,,,,,,,,,,,,,,,,,,,,,,,,,,,,2.99,131.788,,4539.513,,,,,,,,,,,,,,,,,,,,,,,,,,,,,,,,,,,,,,,
Africa (Shift),1997,,,,,,,,,,,,,,,,,,,6.2,91.721,,1571.201,,,,,,,,,,,,,,,,,,,,,,,,,9.455,98.423,,1139.36,,,,,,,,,,,,,,,,,,,,,,,,,,,,,,,,,,,,3.525,160.016,,4699.529,,,,,,,,,,,,,,,,,,,,,,,,,,,,,,,,,,,,,,,
Africa (Shift),1998,,,,,,,,,,,,,,,,,,,1.433,22.519,,1593.719,,,,,,,,,,,,,,,,,,,,,,,,,5.292,60.3,,1199.66,,,,,,,,,,,,,,,,,,,,,,,,,,,,,,,,,,,,-0.219,-10.27,,4689.259,,,,,,,,,,,,,,,,,,,,,,,,,,,,,,,,,,,,,,,
Africa (Shift),1999,,,,,,,,,,,,,,,,,,,0.368,5.865,,1599.585,,,,,,,,,,,,,,,,,,,,,,,,,8.631,103.543,,1303.203,,,,,,,,,,,,,,,,,,,,,,,,,,,,,,,,,,,,-0.601,-28.195,,4661.064,,,,,,,,,,,,,,,,,,,,,,,,,,,,,,,,,,,,,,,
Africa (Shift),2000,,,,,,,,,,,,,,,,,,,0.193,3.094,,1602.679,,,,,,,,,,,,,,,,,,,,,,,,,10.107,131.717,,1434.92,,,,,,,,,,,,,,,,,,,,,,,,,,,,,,,,,,,,3.341,155.743,,4816.807,,,,,,,,,,,,,,,,,,,,,,,,,,,,,,,,,,,,,,,
Africa (Shift),2001,,,,,,,,,,,,,,,,,,,-0.453,-7.261,,1595.417,,,,,,,,,,,,,,,,,,,,,,,,,3.813,54.715,,1489.635,,,,,,,,,,,,,,,,,,,,,,,,,,,,,,,,,,,,-0.036,-1.754,,4815.053,,,,,,,,,,,,,,,,,,,,,,,,,,,,,,,,,,,,,,,
Africa (Shift),2002,,,,,,,,,,,,,,,,,,,-1.463,-23.336,,1572.082,,,,,,,,,,,,,,,,,,,,,,,,,1.088,16.206,,1505.841,,,,,,,,,,,,,,,,,,,,,,,,,,,,,,,,,,,,1.061,51.107,,4866.16,,,,,,,,,,,,,,,,,,,,,,,,,,,,,,,,,,,,,,,
Africa (Shift),2003,,,,,,,,,,,,,,,,,,,7.948,124.945,,1697.026,,,,,,,,,,,,,,,,,,,,,,,,,8.742,131.645,,1637.486,,,,,,,,,,,,,,,,,,,,,,,,,,,,,,,,,,,,6.165,299.977,,5166.137,,,,,,,,,,,,,,,,,,,,,,,,,,,,,,,,,,,,,,,
Africa (Shift),2004,,,,,,,,,,,,,,,,,,,3.142,53.32,,1750.346,,,,,,,,,,,,,,,,,,,,,,,,,3.969,64.988,,1702.474,,,,,,,,,,,,,,,,,,,,,,,,,,,,,,,,,,,,8.697,449.274,,5615.411,,,,,,,,,,,,,,,,,,,,,,,,,,,,,,,,,,,,,,,
Africa (Shift),2005,,,,,,,,,,,,,,,,,,,-0.532,-9.311,,1741.036,,,,,,,,,,,,,,,,,,,,,,,,,16.618,282.923,,1985.397,,,,,,,,,,,,,,,,,,,,,,,,,,,,,,,,,,,,8.237,462.556,,6077.967,,,,,,,,,,,,,,,,,,,,,,,,,,,,,,,,,,,,,,,
Africa (Shift),2006,,,,,,,,,,,,,,,,,,,-0.232,-4.041,,1736.994,,,,,,,,,,,,,,,,,,,,,,,,,10.719,212.815,,2198.212,,,,,,,,,,,,,,,,,,,,,,,,,,,,,,,,,,,,1.042,63.353,,6141.32,,,,,,,,,,,,,,,,,,,,,,,,,,,,,,,,,,,,,,,
Africa (Shift),2007,,,,,,,,,,,,,,,,,,,0.994,17.272,,1754.266,,,,,,,,,,,,,,,,,,,,,,,,,-0.495,-10.875,,2187.337,,,,,,,,,,,,,,,,,,,,,,,,,,,,,,,,,,,,3.137,192.632,,6333.952,,,,,,,,,,,,,,,,,,,,,,,,,,,,,,,,,,,,,,,
Africa (Shift),2008,,,,,,,,,,,,,,,,,,,1.628,28.561,,1782.827,,,,,,,,,,,,,,,,,,,,,,,,,5.254,114.928,,2302.265,,,,,,,,,,,,,,,,,,,,,,,,,,,,,,,,,,,,1.017,64.441,,6398.394,,,,,,,,,,,,,,,,,,,,,,,,,,,,,,,,,,,,,,,
Africa (Shift),2009,,,,,,,,,,,,,,,,,,,-1.207,-21.511,,1761.317,,,,,,,,,,,,,,,,,,,,,,,,,-3.615,-83.216,,2219.049,,,,,,,,,,,,,,,,,,,,,,,,,,,,,,,,,,,,-2.047,-130.989,,6267.404,,,,,,,,,,,,,,,,,,,,,,,,,,,,,,,,,,,,,,,
Africa (Shift),2010,,,,,,,,,,,,,,,,,,,1.956,34.443,,1795.76,,,,,,,,,,,,,,,,,,,,,,,,,2.863,63.542,,2282.591,,,,,,,,,,,,,,,,,,,,,,,,,,,,,,,,,,,,2.71,169.837,,6437.241,,,,,,,,,,,,,,,,,,,,,,,,,,,,,,,,,,,,,,,
Africa (Shift),2011,,,,,,,,,,,,,,,,,,,-1.021,-18.334,,1777.426,,,,,,,,,,,,,,,,,,,,,,,,,1.126,25.699,,2308.29,,,,,,,,,,,,,,,,,,,,,,,,,,,,,,,,,,,,-13.977,-899.706,,5537.535,,,,,,,,,,,,,,,,,,,,,,,,,,,,,,,,,,,,,,,
Africa (Shift),2012,,,,,,,,,,,,,,,,,,,4.585,81.5,,1858.926,,,,,,,,,,,,,,,,,,,,,,,,,4.64,107.115,,2415.405,,,,,,,,,,,,,,,,,,,,,,,,,,,,,,,,,,,,8.255,457.147,,5994.682,,,,,,,,,,,,,,,,,,,,,,,,,,,,,,,,,,,,,,,
Africa (Shift),2013,,,,,,,,,,,,,,,,,,,0.568,10.556,,1869.482,,,,,,,,,,,,,,,,,,,,,,,,,-5.821,-140.6,,2274.805,,,,,,,,,,,,,,,,,,,,,,,,,,,,,,,,,,,,-6.997,-419.429,,5575.253,,,,,,,,,,,,,,,,,,,,,,,,,,,,,,,,,,,,,,,
Africa (Shift),2014,,,,,,,,,,,,,,,,,,,3.494,65.325,,1934.807,,,,,,,,,,,,,,,,,,,,,,,,,0.193,4.385,,2279.19,,,,,,,,,,,,,,,,,,,,,,,,,,,,,,,,,,,,-5.537,-308.689,,5266.564,,,,,,,,,,,,,,,,,,,,,,,,,,,,,,,,,,,,,,,
Africa (Shift),2015,,,,,,,,,,,,,,,,,,,-4.0,-77.398,,1857.409,,,,,,,,,,,,,,,,,,,,,,,,,-1.26,-28.716,,2250.473,,,,,,,,,,,,,,,,,,,,,,,,,,,,,,,,,,,,-1.301,-68.505,,5198.059,,,,,,,,,,,,,,,,,,,,,,,,,,,,,,,,,,,,,,,
Africa (Shift),2016,,,,,,,,,,,,,,,,,,,-0.849,-15.766,,1841.643,,,,,,,,,,,,,,,,,,,,,,,,,2.248,50.601,,2301.075,,,,,,,,,,,,,,,,,,,,,,,,,,,,,,,,,,,,-6.285,-326.722,,4871.337,,,,,,,,,,,,,,,,,,,,,,,,,,,,,,,,,,,,,,,
Albania,1900,ALB,805974.0,873600000.0,,,,,,,,,,,,,,,,,,0.0,0.0,,,,,,,,,,,,,,,,,,,,,,,,,,,0.0,0.0,,,,,,,,,,,,,,,,,,,,,,,,,,,,,,,,,,,,,,0.0,0.0,,,,,,,,,,,,,,,,,,,,,,,,,,,,,,,,,,,,,,,
Albania,1901,ALB,813539.0,,,,,,,,,,,,,,,,,,0.0,0.0,0.0,,,,,,,,,,,,,,,,,,,,,,,,,,0.0,0.0,0.0,,,,,,,,,,,,,,,,,,,,,,,,,,,,,,,,,,,,,0.0,0.0,0.0,,,,,,,,,,,,,,,,,,,,,,,,,,,,,,,,,,,,,,,
Albania,1902,ALB,821036.0,,,,,,,,,,,,,,,,,,0.0,0.0,0.0,,,,,,,,,,,,,,,,,,,,,,,,,,0.0,0.0,0.0,,,,,,,,,,,,,,,,,,,,,,,,,,,,,,,,,,,,,0.0,0.0,0.0,,,,,,,,,,,,,,,,,,,,,,,,,,,,,,,,,,,,,,,
Albania,1903,ALB,828461.0,,,,,,,,,,,,,,,,,,0.0,0.0,0.0,,,,,,,,,,,,,,,,,,,,,,,,,,0.0,0.0,0.0,,,,,,,,,,,,,,,,,,,,,,,,,,,,,,,,,,,,,0.0,0.0,0.0,,,,,,,,,,,,,,,,,,,,,,,,,,,,,,,,,,,,,,,
Albania,1904,ALB,835954.0,,,,,,,,,,,,,,,,,,0.0,0.0,0.0,,,,,,,,,,,,,,,,,,,,,,,,,,0.0,0.0,0.0,,,,,,,,,,,,,,,,,,,,,,,,,,,,,,,,,,,,,0.0,0.0,0.0,,,,,,,,,,,,,,,,,,,,,,,,,,,,,,,,,,,,,,,
Albania,1905,ALB,843514.0,,,,,,,,,,,,,,,,,,0.0,0.0,0.0,,,,,,,,,,,,,,,,,,,,,,,,,,0.0,0.0,0.0,,,,,,,,,,,,,,,,,,,,,,,,,,,,,,,,,,,,,0.0,0.0,0.0,,,,,,,,,,,,,,,,,,,,,,,,,,,,,,,,,,,,,,,
Albania,1906,ALB,851143.0,,,,,,,,,,,,,,,,,,0.0,0.0,0.0,,,,,,,,,,,,,,,,,,,,,,,,,,0.0,0.0,0.0,,,,,,,,,,,,,,,,,,,,,,,,,,,,,,,,,,,,,0.0,0.0,0.0,,,,,,,,,,,,,,,,,,,,,,,,,,,,,,,,,,,,,,,
Albania,1907,ALB,858841.0,,,,,,,,,,,,,,,,,,0.0,0.0,0.0,,,,,,,,,,,,,,,,,,,,,,,,,,0.0,0.0,0.0,,,,,,,,,,,,,,,,,,,,,,,,,,,,,,,,,,,,,0.0,0.0,0.0,,,,,,,,,,,,,,,,,,,,,,,,,,,,,,,,,,,,,,,
Albania,1908,ALB,866609.0,,,,,,,,,,,,,,,,,,0.0,0.0,0.0,,,,,,,,,,,,,,,,,,,,,,,,,,0.0,0.0,0.0,,,,,,,,,,,,,,,,,,,,,,,,,,,,,,,,,,,,,0.0,0.0,0.0,,,,,,,,,,,,,,,,,,,,,,,,,,,,,,,,,,,,,,,
Albania,1909,ALB,874016.0,,,,,,,,,,,,,,,,,,0.0,0.0,0.0,,,,,,,,,,,,,,,,,,,,,,,,,,0.0,0.0,0.0,,,,,,,,,,,,,,,,,,,,,,,,,,,,,,,,,,,,,0.0,0.0,0.0,,,,,,,,,,,,,,,,,,,,,,,,,,,,,,,,,,,,,,,
Albania,1910,ALB,881057.0,1086382000.0,,,,,,,,,,,,,,,,,0.0,0.0,0.0,,,,,,,,,,,,,,,,,,,,,,,,,,0.0,0.0,0.0,,,,,,,,,,,,,,,,,,,,,,,,,,,,,,,,,,,,,0.0,0.0,0.0,,,,,,,,,,,,,,,,,,,,,,,,,,,,,,,,,,,,,,,
Albania,1911,ALB,887724.0,,,,,,,,,,,,,,,,,,0.0,0.0,0.0,,,,,,,,,,,,,,,,,,,,,,,,,,0.0,0.0,0.0,,,,,,,,,,,,,,,,,,,,,,,,,,,,,,,,,,,,,0.0,0.0,0.0,,,,,,,,,,,,,,,,,,,,,,,,,,,,,,,,,,,,,,,
Albania,1912,ALB,894013.0,,,,,,,,,,,,,,,,,,0.0,0.0,0.0,,,,,,,,,,,,,,,,,,,,,,,,,,0.0,0.0,0.0,,,,,,,,,,,,,,,,,,,,,,,,,,,,,,,,,,,,,0.0,0.0,0.0,,,,,,,,,,,,,,,,,,,,,,,,,,,,,,,,,,,,,,,
Albania,1913,ALB,899917.0,1161114000.0,,,,,,,,,,,,,,,,,0.0,0.0,0.0,,,,,,,,,,,,,,,,,,,,,,,,,,0.0,0.0,0.0,,,,,,,,,,,,,,,,,,,,,,,,,,,,,,,,,,,,,0.0,0.0,0.0,,,,,,,,,,,,,,,,,,,,,,,,,,,,,,,,,,,,,,,
Albania,1914,ALB,905859.0,,,,,,,,,,,,,,,,,,0.0,0.0,0.0,,,,,,,,,,,,,,,,,,,,,,,,,,0.0,0.0,0.0,,,,,,,,,,,,,,,,,,,,,,,,,,,,,,,,,,,,,0.0,0.0,0.0,,,,,,,,,,,,,,,,,,,,,,,,,,,,,,,,,,,,,,,
Albania,1915,ALB,911841.0,,,,,,,,,,,,,,,,,,0.0,0.0,0.0,,,,,,,,,,,,,,,,,,,,,,,,,,0.0,0.0,0.0,,,,,,,,,,,,,,,,,,,,,,,,,,,,,,,,,,,,,0.0,0.0,0.0,,,,,,,,,,,,,,,,,,,,,,,,,,,,,,,,,,,,,,,
Albania,1916,ALB,917862.0,,,,,,,,,,,,,,,,,,0.0,0.0,0.0,,,,,,,,,,,,,,,,,,,,,,,,,,0.0,0.0,0.0,,,,,,,,,,,,,,,,,,,,,,,,,,,,,,,,,,,,,0.0,0.0,0.0,,,,,,,,,,,,,,,,,,,,,,,,,,,,,,,,,,,,,,,
Albania,1917,ALB,923923.0,,,,,,,,,,,,,,,,,,0.0,0.0,0.0,,,,,,,,,,,,,,,,,,,,,,,,,,0.0,0.0,0.0,,,,,,,,,,,,,,,,,,,,,,,,,,,,,,,,,,,,,0.0,0.0,0.0,,,,,,,,,,,,,,,,,,,,,,,,,,,,,,,,,,,,,,,
Albania,1918,ALB,929879.0,,,,,,,,,,,,,,,,,,0.0,0.0,0.0,,,,,,,,,,,,,,,,,,,,,,,,,,0.0,0.0,0.0,,,,,,,,,,,,,,,,,,,,,,,,,,,,,,,,,,,,,0.0,0.0,0.0,,,,,,,,,,,,,,,,,,,,,,,,,,,,,,,,,,,,,,,
Albania,1919,ALB,935646.0,,,,,,,,,,,,,,,,,,0.0,0.0,0.0,,,,,,,,,,,,,,,,,,,,,,,,,,0.0,0.0,0.0,,,,,,,,,,,,,,,,,,,,,,,,,,,,,,,,,,,,,0.0,0.0,0.0,,,,,,,,,,,,,,,,,,,,,,,,,,,,,,,,,,,,,,,
Albania,1920,ALB,941221.0,,,,,,,,,,,,,,,,,,0.0,0.0,0.0,,,,,,,,,,,,,,,,,,,,,,,,,,0.0,0.0,0.0,,,,,,,,,,,,,,,,,,,,,,,,,,,,,,,,,,,,,0.0,0.0,0.0,,,,,,,,,,,,,,,,,,,,,,,,,,,,,,,,,,,,,,,
Albania,1921,ALB,946603.0,,,,,,,,,,,,,,,,,,0.0,0.0,0.0,,,,,,,,,,,,,,,,,,,,,,,,,,0.0,0.0,0.0,,,,,,,,,,,,,,,,,,,,,,,,,,,,,,,,,,,,,0.0,0.0,0.0,,,,,,,,,,,,,,,,,,,,,,,,,,,,,,,,,,,,,,,
Albania,1922,ALB,951788.0,,,,,,,,,,,,,,,,,,0.0,0.0,0.0,,,,,,,,,,,,,,,,,,,,,,,,,,0.0,0.0,0.0,,,,,,,,,,,,,,,,,,,,,,,,,,,,,,,,,,,,,0.0,0.0,0.0,,,,,,,,,,,,,,,,,,,,,,,,,,,,,,,,,,,,,,,
Albania,1923,ALB,956775.0,,,,,,,,,,,,,,,,,,0.0,0.0,0.0,,,,,,,,,,,,,,,,,,,,,,,,,,0.0,0.0,0.0,,,,,,,,,,,,,,,,,,,,,,,,,,,,,,,,,,,,,0.0,0.0,0.0,,,,,,,,,,,,,,,,,,,,,,,,,,,,,,,,,,,,,,,
Albania,1924,ALB,961788.0,,,,,,,,,,,,,,,,,,0.0,0.0,0.0,,,,,,,,,,,,,,,,,,,,,,,,,,0.0,0.0,0.0,,,,,,,,,,,,,,,,,,,,,,,,,,,,,,,,,,,,,0.0,0.0,0.0,,,,,,,,,,,,,,,,,,,,,,,,,,,,,,,,,,,,,,,
Albania,1925,ALB,966828.0,,,,,,,,,,,,,,,,,,0.0,0.0,0.0,,,,,,,,,,,,,,,,,,,,,,,,,,0.0,0.0,0.0,,,,,,,,,,,,,,,,,,,,,,,,,,,,,,,,,,,,,0.0,0.0,0.0,,,,,,,,,,,,,,,,,,,,,,,,,,,,,,,,,,,,,,,
Albania,1926,ALB,971893.0,,,,,,,,,,,,,,,,,,0.0,0.0,0.0,,,,,,,,,,,,,,,,,,,,,,,,,,0.0,0.0,0.0,,,,,,,,,,,,,,,,,,,,,,,,,,,,,,,,,,,,,0.0,0.0,0.0,,,,,,,,,,,,,,,,,,,,,,,,,,,,,,,,,,,,,,,
Albania,1927,ALB,976986.0,,,,,,,,,,,,,,,,,,0.0,0.0,0.0,,,,,,,,,,,,,,,,,,,,,,,,,,0.0,0.0,0.0,,,,,,,,,,,,,,,,,,,,,,,,,,,,,,,,,,,,,0.0,0.0,0.0,,,,,,,,,,,,,,,,,,,,,,,,,,,,,,,,,,,,,,,
Albania,1928,ALB,982104.0,,,,,,,,,,,,,,,,,,0.0,0.0,0.0,,,,,,,,,,,,,,,,,,,,,,,,,,0.0,0.0,0.0,,,,,,,,,,,,,,,,,,,,,,,,,,,,,,,,,,,,,0.0,0.0,0.0,,,,,,,,,,,,,,,,,,,,,,,,,,,,,,,,,,,,,,,
Albania,1929,ALB,988255.0,1442052000.0,,,,,,,,,,,,,,,,,0.0,0.0,0.0,,,,,,,,,,,,,,,,,,,,,,,,,,0.0,0.0,0.0,,,,,,,,,,,,,,,,,,,,,,,,,,,,,,,,,,,,,0.0,0.0,0.0,,,,,,,,,,,,,,,,,,,,,,,,,,,,,,,,,,,,,,,
Albania,1930,ALB,995454.0,,,,,,,,,,,,,,,,,,0.0,0.0,0.0,,,,,,,,,,,,,,,,,,,,,,,,,,0.0,0.0,0.0,,,,,,,,,,,,,,,,,,,,,,,,,,,,,,,,,,,,,0.0,0.0,0.0,,,,,,,,,,,,,,,,,,,,,,,,,,,,,,,,,,,,,,,
Albania,1931,ALB,1003716.0,,,,,,,,,,,,,,,,,,0.0,0.0,0.0,,,,,,,,,,,,,,,,,,,,,,,,,,0.0,0.0,0.0,,,,,,,,,,,,,,,,,,,,,,,,,,,,,,,,,,,,,0.0,0.0,0.0,,,,,,,,,,,,,,,,,,,,,,,,,,,,,,,,,,,,,,,
Albania,1932,ALB,1013057.0,,,,,,,,,,,,,,,,,,0.0,0.0,0.0,,,,,,,,,,,,,,,,,,,,,,,,,,0.0,0.0,0.0,,,,,,,,,,,,,,,,,,,,,,,,,,,,,,,,,,,,,0.0,0.0,0.0,,,,,,,,,,,,,,,,,,,,,,,,,,,,,,,,,,,,,,,
Albania,1933,ALB,1023495.0,,,,,,,,,,,,,,,,,,0.0,0.0,0.0,,,,,,,,,,,,,,,,,,,,,,,,,,0.0,0.0,0.0,,,,,,,,,,,,,,,,,,,,,,,,,,,,,,,,,,,,,0.023,22.726,0.023,,,,,,,,,,,,,,,,,,,,,,,,,,,,,,,,,,,,,,,
Albania,1934,ALB,1034040.0,,,,,,,,,,,,,,,,,,0.0,0.0,0.0,,,,,,,,,,,,,,,,,,,,,,,,,,0.0,0.0,0.0,,,,,,,,,,,,,,,,,,,,,,,,,,,,,,,,,,,,0.0,0.0,22.494,0.023,,,,,,,,,,,,,,,,,,,,,,,,,,,,,,,,,,,,,,,
Albania,1935,ALB,1044694.0,,,,,,,,,,,,,,,,,,0.0,0.0,0.0,,,,,,,,,,,,,,,,,,,,,,,,,,0.0,0.0,0.0,,,,,,,,,,,,,,,,,,,,,,,,,,,,,,,,,,,,200.0,0.047,66.795,0.07,,,,,,,,,,,,,,,,,,,,,,,,,,,,,,,,,,,,,,,
Albania,1936,ALB,1055458.0,,,,,,,,,,,,,,,,,,0.0,0.0,0.0,,,,,,,,,,,,,,,,,,,,,,,,,,0.0,0.0,0.0,,,,,,,,,,,,,,,,,,,,,,,,,,,,,,,,,,,,583.333,0.407,451.775,0.477,,,,,,,,,,,,,,,,,,,,,,,,,,,,,,,,,,,,,,,
Albania,1937,ALB,1066333.0,,,,,,,,,,,,,,,,,,0.0,0.0,0.0,,,,,,,,,,,,,,,,,,,,,,,,,,0.0,0.0,0.0,,,,,,,,,,,,,,,,,,,,,,,,,,,,,,,,,,,,129.268,0.616,1025.214,1.093,,,,,,,,,,,,,,,,,,,,,,,,,,,,,,,,,,,,,,,
Albania,1938,ALB,1077319.0,,,,,,,,,,,,,,,,,,0.0,0.0,0.0,,,,,,,,,,,,,,,,,,,,,,,,,,0.0,0.0,0.0,,,,,,,,,,,,,,,,,,,,,,,,,,,,,,,,,,,,21.277,0.233,1230.666,1.326,,,,,,,,,,,,,,,,,,,,,,,,,,,,,,,,,,,,,,,
Albania,1939,ALB,1088816.0,,,,,,,,,,,,,,,,,,0.0,0.0,0.0,,,,,,,,,,,,,,,,,,,,,,,,,,0.0,0.0,0.0,,,,,,,,,,,,,,,,,,,,,,,,,,,,,,,,,,,,23.684,0.314,1506.067,1.64,,,,,,,,,,,,,,,,,,,,,,,,,,,,,,,,,,,,,,,
Albania,1940,ALB,1100833.0,,,,,,,,,,,,,,,,,,0.0,0.0,0.0,,,,,,,,,,,,,,,,,,,,,,,,,,0.0,0.0,0.0,,,,,,,,,,,,,,,,,,,,,,,,,,,,,,,,,,,,60.284,0.989,2387.628,2.628,,,,,,,,,,,,,,,,,,,,,,,,,,,,,,,,,,,,,,,
Albania,1941,ALB,1113381.0,,,,,,,,,,,,,,,,,,0.0,0.0,0.0,,,,,,,,,,,,,,,,,,,,,,,,,,0.0,0.0,0.0,,,,,,,,,,,,,,,,,,,,,,,,,,,,,,,,,,,,-10.619,-0.279,2110.023,2.349,,,,,,,,,,,,,,,,,,,,,,,,,,,,,,,,,,,,,,,
Albania,1942,ALB,1126469.0,,,,,,,,,,,,,,,,,,0.0,0.0,0.0,,,,,,,,,,,,,,,,,,,,,,,,,,0.0,0.0,0.0,,,,,,,,,,,,,,,,,,,,,,,,,,,,,,,,,,,,19.802,0.465,2498.48,2.814,,,,,,,,,,,,,,,,,,,,,,,,,,,,,,,,,,,,,,,
Albania,1943,ALB,1140109.0,,,,,,,,,,,,,,,,,,0.0,0.0,0.0,,,,,,,,,,,,,,,,,,,,,,,,,,0.0,0.0,0.0,,,,,,,,,,,,,,,,,,,,,,,,,,,,,,,,,,,,-37.603,-1.058,1540.318,1.756,,,,,,,,,,,,,,,,,,,,,,,,,,,,,,,,,,,,,,,
Albania,1944,ALB,1153914.0,,,,,,,,,,,,,,,,,,0.0,0.0,0.0,,,,,,,,,,,,,,,,,,,,,,,,,,0.0,0.0,0.0,,,,,,,,,,,,,,,,,,,,,,,,,,,,,,,,,,,,-66.887,-1.175,503.937,0.581,,,,,,,,,,,,,,,,,,,,,,,,,,,,,,,,,,,,,,,
Albania,1945,ALB,1167887.0,,,,,,,,,,,,,,,,,,0.0,0.0,0.0,,,,,,,,,,,,,,,,,,,,,,,,,,0.0,0.0,0.0,,,,,,,,,,,,,,,,,,,,,,,,,,,,,,,,,,,,-20.0,-0.116,398.326,0.465,,,,,,,,,,,,,,,,,,,,,,,,,,,,,,,,,,,,,,,
Albania,1946,ALB,1182028.0,,,,,,,,,,,,,,,,,,0.065,55.099,0.065,,,,,,,,,,,,,,,,,,,,,,,,,,0.0,0.0,0.0,,,,,,,,,,,,,,,,,,,,,,,,,,,,,,,,,,,,277.5,1.291,1485.692,1.756,,,,,,,,,,,,,,,,,,,,,,,,,,,,,,,,,,,,,,,
Albania,1947,ALB,1196341.0,,,,,,,,,,,,,,,,,-100.0,-0.065,0.0,0.0,,,,,,,,,,,,,,,,,,,,,,,,,,0.0,0.0,0.0,,,,,,,,,,,,,,,,,,,,,,,,,,,,,,,,,,,,100.0,1.756,2935.835,3.512,,,,,,,,,,,,,,,,,,,,,,,,,,,,,,,,,,,,,,,
Albania,1948,ALB,1210827.0,,,,,,,,,,,,,,,,,,0.016,13.447,0.016,,,,,,,,,,,,,,,,,,,,,,,,,,0.0,0.0,0.0,,,,,,,,,,,,,,,,,,,,,,,,,,,,,,,,,,,,-24.834,-0.872,2180.336,2.64,,,,,,,,,,,,,,,,,,,,,,,,,,,,,,,,,,,,,,,
Albania,1949,ALB,1229519.0,,,,,,,,,,,,,,,,,-100.0,-0.016,0.0,0.0,,,,,,,,,,,,,,,,,,,,,,,,,,0.0,0.0,0.0,,,,,,,,,,,,,,,,,,,,,,,,,,,,,,,,,,,,45.815,1.21,3130.924,3.85,,,,,,,,,,,,,,,,,,,,,,,,,,,,,,,,,,,,,,,
Albania,1950,ALB,1247854.0,1958540985.0,,,,,,,,,,,,,,,,,0.167,133.742,0.167,,,,,,,,,,,,,,,,,,,,,,,,,,0.0,0.0,0.0,,,,,,,,,,,,,,,,,,,,,,,,,,,,,,,,,,,,-60.121,-2.314,1230.24,1.535,,,,,,,,,,,,,,,,,,,,,,,,,,,,,,,,,,,,,,,
Albania,1951,ALB,1276365.0,2089362284.0,,,,,,,,,,,,,,,,26.829,0.045,165.835,0.212,,,,,,,,,,,,,,,,,,,,,,,,,,0.06,47.178,0.06,,,,,,,,,,,,,,,,,,,,,,,,,,,,,,,,,,,,-7.576,-0.116,1111.641,1.419,,,,,,,,,,,,,,,,,,,,,,,,,,,,,,,,,,,,,,,
Albania,1952,ALB,1308368.0,2138255934.0,,,,,,,,,,,,,,,,51.923,0.11,245.779,0.322,,,,,,,,,,,,,,,,,,,,,,,,,0.0,0.0,46.024,0.06,,,,,,,,,,,,,,,,,,,,,,,,,,,,,,,,,,,,22.131,0.314,1324.452,1.733,,,,,,,,,,,,,,,,,,,,,,,,,,,,,,,,,,,,,,,
Albania,1953,ALB,1343581.0,2282159543.0,,,,,,,,,,,,,,,,32.911,0.106,318.107,0.427,,,,,,,,,,,,,,,,,,,,,,,,,100.0,0.06,89.635,0.12,,,,,,,,,,,,,,,,,,,,,,,,,,,,,,,,,,,,0.671,0.012,1298.396,1.745,,,,,,,,,,,,,,,,,,,,,,,,,,,,,,,,,,,,,,,
Albania,1954,ALB,1381088.0,2415072969.0,,,,,,,,,,,,,,,,41.905,0.179,439.15,0.607,,,,,,,,,,,,,,,,,,,,,,,,,0.0,0.0,87.201,0.12,,,,,,,,,,,,,,,,,,,,,,,,,,,,,,,,,,,,16.667,0.291,1473.657,2.035,,,,,,,,,,,,,,,,,,,,,,,,,,,,,,,,,,,,,,,
Albania,1955,ALB,1418855.0,2620052535.0,,,,,,,,,,,,,,,,30.872,0.187,559.428,0.794,,,,,,,,,,,,,,,,,,,,,,,,,50.0,0.06,127.32,0.181,,,,,,,,,,,,,,,,,,,,,,,,,,,,,,,,,,,,18.857,0.384,1704.924,2.419,,,,,,,,,,,,,,,,,,,,,,,,,,,,,,,,,,,,,,,
Albania,1956,ALB,1456823.0,2728373260.0,,,,,,,,,,,,,,,,14.872,0.118,625.877,0.912,,,,,,,,,,,,,,,,,,,,,,,,,66.667,0.12,206.67,0.301,,,,,,,,,,,,,,,,,,,,,,,,,,,,,,,,,,,,27.885,0.675,2123.511,3.094,,,,,,,,,,,,,,,,,,,,,,,,,,,,,,,,,,,,,,,
Albania,1957,ALB,1497954.0,2986969624.0,,,,,,,,,,,,,,,,5.357,0.049,641.3,0.961,,,,,,,,,,,,,,,,,,,,,,,,,20.0,0.06,241.194,0.361,,,,,,,,,,,,,,,,,,,,,,,,,,,,,,,,,,,,84.211,2.605,3804.323,5.699,,,,,,,,,,,,,,,,,,,,,,,,,,,,,,,,,,,,,,,
Albania,1958,ALB,1543982.0,3216275521.0,,,,,,,,,,,,,,,,8.475,0.081,674.909,1.042,,,,,,,,,,,,,,,,,,,,,,,,,16.667,0.06,273.004,0.422,,,,,,,,,,,,,,,,,,,,,,,,,,,,,,,,,,,,-17.755,-1.012,3035.586,4.687,,,,,,,,,,,,,,,,,,,,,,,,,,,,,,,,,,,,,,,
Albania,1959,ALB,1595021.0,3458495083.0,,,,,,,,,,,,,,,,1.563,0.016,663.521,1.058,,,,,,,,,,,,,,,,,,,,,,,,,14.286,0.06,302.021,0.482,,,,,,,,,,,,,,,,,,,,,,,,,,,,,,,,,,,,18.859,0.884,3492.6,5.571,,,,,,,,,,,,,,,,,,,,,,,,,,,,,,,,,,,,,,,
Albania,1960,ALB,1649393.0,3754262713.0,,,,,,,,,,,,,,,,11.923,0.126,718.152,1.185,,,,,,,,,,,,,,,,,,,,,,,,,7.5,0.036,313.97,0.518,,,,,,,,,,,,,,,,,,,,,,,,,,,,,,,,,,,,51.983,2.896,5133.186,8.467,,,,,,,,,,,,,,,,,,,,,,,,,,,,,,,,,,,,,,,
Albania,1961,ALB,1698801.0,3909912842.0,,,,,,,,,,,,,,,,-0.687,-0.008,692.473,1.176,,,,,,,,,,,,,,,,,,,,,,,,,0.0,0.0,304.838,0.518,,,,,,,,,,,,,,,,,,,,,,,,,,,,,,,,,,,,5.907,0.5,5278.27,8.967,,,,,,,,,,,,,,,,,,,,,,,,,,,,,,,,,,,,,,,
Albania,1962,ALB,1743739.0,4163081943.0,,,,,,,,,,,,,,,,4.152,0.049,702.64,1.225,,,,,,,,,,,,,,,,,,,,,,,,,0.0,0.0,296.982,0.518,,,,,,,,,,,,,,,,,,,,,,,,,,,,,,,,,,,,1.816,0.163,5235.617,9.13,,,,,,,,,,,,,,,,,,,,,,,,,,,,,,,,,,,,,,,
Albania,1963,ALB,1791289.0,4433269979.0,,,,,,,,,,,,,,,,-16.279,-0.199,572.641,1.026,,,,,,,,,,,,,,,,,,,,,,,,,0.0,0.0,289.099,0.518,,,,,,,,,,,,,,,,,,,,,,,,,,,,,,,,,,,,-4.331,-0.395,4875.891,8.734,,,,,,,,,,,,,,,,,,,,,,,,,,,,,,,,,,,,,,,
Albania,1964,ALB,1841445.0,4719963732.0,,,,,,,,,,,,,,,,15.873,0.163,645.464,1.189,,,,,,,,,,,,,,,,,,,,,,,,,0.0,0.0,281.225,0.518,,,,,,,,,,,,,,,,,,,,,,,,,,,,,,,,,,,,1.731,0.151,4825.189,8.885,,,,,,,,,,,,,,,,,,,,,,,,,,,,,,,,,,,,,,,
Albania,1965,ALB,1894317.0,5029350780.0,,,,,,,,,,,,,,,,13.356,0.159,711.251,1.347,,,,,,,,,,,,,,,,,,,,,,,,,0.0,0.0,273.376,0.518,,,,,,,,,,,,,,,,,,,,,,,,,,,,,,,,,,,,7.592,0.675,5046.6,9.56,,,,,,,,,,,,,,,,,,,,,,,,,,,,,,,,,,,,,,,
Albania,1966,ALB,1950049.0,5354307545.0,,,,,,,,,,,,,,,,19.033,0.256,822.429,1.604,,,,,,,,,,,,,,,,,,,,,,,,,25.581,0.132,333.497,0.65,,,,,,,,,,,,,,,,,,,,,,,,,,,,,,,,,,,,7.786,0.744,5284.062,10.304,,,,,,,,,,,,,,,,,,,,,,,,,,,,,,,,,,,,,,,
Albania,1967,ALB,2008524.0,5706156728.0,,,,,,,,,,,,,,,,1.523,0.024,810.645,1.628,,,,,,,,,,,,,,,,,,,,,,,,,22.222,0.145,395.741,0.795,,,,,,,,,,,,,,,,,,,,,,,,,,,,,,,,,,,,11.061,1.14,5697.677,11.444,,,,,,,,,,,,,,,,,,,,,,,,,,,,,,,,,,,,,,,
Albania,1968,ALB,2068848.0,6073281336.0,,,,,,,,,,,,,,,,8.5,0.138,853.904,1.767,,,,,,,,,,,,,,,,,,,,,,,,,15.152,0.12,442.414,0.915,,,,,,,,,,,,,,,,,,,,,,,,,,,,,,,,,,,,15.244,1.745,6374.765,13.188,,,,,,,,,,,,,,,,,,,,,,,,,,,,,,,,,,,,,,,
Albania,1969,ALB,2126885.0,6468809853.0,,,,,,,,,,,,,,,,36.406,0.643,1132.988,2.41,,,,,,,,,,,,,,,,,,,,,,,,,15.789,0.145,498.29,1.06,,,,,,,,,,,,,,,,,,,,,,,,,,,,,,,,,,,,15.256,2.012,7146.794,15.2,,,,,,,,,,,,,,,,,,,,,,,,,,,,,,,,,,,,,,,
Albania,1970,ALB,2181226.0,6888218921.0,,,,,,,,,,,,,,,,2.365,0.057,1130.888,2.467,,,,,,,,,,,,,,,,,,,,,,,,,11.364,0.12,541.09,1.18,,,,,,,,,,,,,,,,,,,,,,,,,,,,,,,,,,,,13.772,2.093,7928.481,17.294,,,,,,,,,,,,,,,,,,,,,,,,,,,,,,,,,,,,,,,
Albania,1971,ALB,2234995.0,7337364498.0,,,,,,,,,,,,,,,,11.386,0.281,1229.348,2.748,,,,,,,,,,,,,,,,,,,,,,,,,28.571,0.337,678.95,1.517,,,,,,,,,,,,,,,,,,,,,,,,,,,,,,,,,,,,11.432,1.977,8622.351,19.271,,,,,,,,,,,,,,,,,,,,,,,,,,,,,,,,,,,,,,,
Albania,1972,ALB,2289265.0,7811524698.0,,,,,,,,,,,,,,,,9.63,0.265,1315.78,3.012,,,,,,,,,,,,,,,,,,,,,,,,,15.079,0.229,762.809,1.746,,,,,,,,,,,,,,,,,,,,,,,,,,,,,,,,,,,,29.753,5.734,10922.501,25.004,,,,,,,,,,,,,,,,,,,,,,,,,,,,,,,,,,,,,,,
Albania,1973,ALB,2344108.0,8317288195.0,,,,,,,,,,,,,,,,9.595,0.289,1408.286,3.301,,,,,,,,,,,,,,,,,,,,,,,,,31.034,0.542,976.157,2.288,,,,,,,,,,,,,,,,,,,,,,,,,,,,,,,,,,,,-2.0,-0.5,10453.618,24.504,,,,,,,,,,,,,,,,,,,,,,,,,,,,,,,,,,,,,,,
Albania,1974,ALB,2399397.0,8539399850.0,,,,,,,,,,,,,,,,4.809,0.159,1441.998,3.46,,,,,,,,,,,,,,,,,,,,,,,,,6.842,0.157,1018.914,2.445,,,,,,,,,,,,,,,,,,,,,,,,,,,,,,,,,,,,-15.994,-3.919,8579.28,20.585,,,,,,,,,,,,,,,,,,,,,,,,,,,,,,,,,,,,,,,
Albania,1975,ALB,2454861.0,8761642764.0,,,,,,,,,,,,,,,,0.0,0.0,1409.418,3.46,,,,,,,,,,,,,,,,,,,,,,,,,47.783,1.168,1471.764,3.613,,,,,,,,,,,,,,,,,,,,,,,,,,,,,,,,,,,,2.825,0.581,8622.321,21.167,,,,,,,,,,,,,,,,,,,,,,,,,,,,,,,,,,,,,,,
Albania,1976,ALB,2510579.0,8996929866.0,,,,,,,,,,,,,,,,5.882,0.204,1459.205,3.663,,,,,,,,,,,,,,,,,,,,,,,,,16.667,0.602,1678.951,4.215,,,,,,,,,,,,,,,,,,,,,,,,,,,,,,,,,,,,4.396,0.93,8801.556,22.097,,,,,,,,,,,,,,,,,,,,,,,,,,,,,,,,,,,,,,,
Albania,1977,ALB,2566603.0,9235806040.0,,,,,,,,,,,,,,,,5.556,0.204,1506.651,3.867,,,,,,,,,,,,,,,,,,,,,,,,,0.0,0.0,1642.302,4.215,,,,,,,,,,,,,,,,,,,,,,,,,,,,,,,,,,,,2.632,0.581,8835.998,22.678,,,,,,,,,,,,,,,,,,,,,,,,,,,,,,,,,,,,,,,
Albania,1978,ALB,2624620.0,9474237609.0,,,,,,,,,,,,,,,,7.368,0.285,1581.909,4.152,,,,,,,,,,,,,,,,,,,,,,,,,1.143,0.048,1624.354,4.263,,,,,,,,,,,,,,,,,,,,,,,,,,,,,,,,,,,,7.692,1.745,9305.348,24.423,,,,,,,,,,,,,,,,,,,,,,,,,,,,,,,,,,,,,,,
Albania,1979,ALB,2681393.0,9727294997.0,,,,,,,,,,,,,,,,37.255,1.547,2125.276,5.699,,,,,,,,,,,,,,,,,,,,,,,,,2.825,0.12,1634.875,4.384,,,,,,,,,,,,,,,,,,,,,,,,,,,,,,,,,,,,0.0,0.0,9108.325,24.423,,,,,,,,,,,,,,,,,,,,,,,,,,,,,,,,,,,,,,,
Albania,1980,ALB,2735424.0,9993752701.0,,,,,,,,,,,,,,,,-31.906,-1.818,1418.605,3.88,,,,,,,,,15280.113,4.182,,,,,,,,,,,,,,,-29.942,-1.313,1122.742,3.071,,,,,,,,,,,,,,,,,,,,,,,,,,,,,,,,,,,,21.949,5.361,10888.101,29.784,,,,,,,,,,,,,,,41.798,,,,,,,,,,,,,,,,,,,,,,,,
Albania,1981,ALB,2790413.0,10248711161.0,,,,,,,,,,,,,,,,8.604,0.334,1510.296,4.214,,,,,,,-1.279,-0.535,14787.413,4.026,,,,,,,,,,,,,,,10.0,0.307,1210.678,3.378,,,,,,,,,,,,,,,,,,,,,,,,,,,,,,,,,,,,-0.273,-0.081,10644.373,29.702,,,,,,,,,,,,,,,41.263,,,,,,,,,,,,,,,,,,,,,,,,
Albania,1982,ALB,2846910.0,10517106662.0,,,,,,,,,,,,,,,,10.39,0.438,1634.125,4.652,,,,,,,0.192,0.079,14521.8,3.931,,,,,,,,,,,,,,,-9.091,-0.307,1078.775,3.071,,,,,,,,,,,,,,,,,,,,,,,,,,,,,,,,,,,,45.455,13.501,15175.469,43.203,,,,,,,,,,,,,,,41.342,,,,,,,,,,,,,,,,,,,,,,,,
Albania,1983,ALB,2905128.0,10795983352.0,,,,,,,,,,,,,,,,8.824,0.41,1742.675,5.063,,,,,,,4.083,1.688,14811.815,3.986,,,,,,,,,,,,,,,10.0,0.307,1162.872,3.378,,,,,,,,,,,,,,,,,,,,,,,,,,,,,,,,,,,,17.188,7.426,17427.371,50.629,,,,,,,,,,,,,,,43.03,,,,,,,,,,,,,,,,,,,,,,,,
Albania,1984,ALB,2964961.0,11080088527.0,,,,,,,,,,,,,,,,8.649,0.438,1855.184,5.501,,,,,,,0.547,0.235,14592.307,3.905,,,,,,,,,,,,,,,0.0,0.0,1139.406,3.378,,,,,,,,,,,,,,,,,,,,,,,,,,,,,,,,,,,,-26.466,-13.399,12556.478,37.229,,,,,,,,,,,,,,,43.266,,,,,,,,,,,,,,,,,,,,,,,,
Albania,1985,ALB,3026245.0,11371456744.0,,,,,,,,,,,,,,,,6.965,0.383,1944.215,5.884,,,,,,,-0.605,-0.262,14210.347,3.782,,,,,,,,,,,,,,,-9.091,-0.307,1014.847,3.071,,,,,,,,,,,,,,,,,,,,,,,,,,,,,,,,,,,,-0.273,-0.102,12268.585,37.128,,,,,,,,,,,,,,,43.004,,,,,,,,,,,,,,,,,,,,,,,,
Albania,1986,ALB,3087658.0,11669745014.0,,,,,,,,,,,,,,,,0.791,0.047,1920.612,5.93,,,,,,,-2.95,-1.269,13516.784,3.576,,,,,,,,,,,,,,,40.0,1.228,1392.526,4.3,,,,,,,,,,,,,,,,,,,,,,,,,,,,,,,,,,,,0.0,0.0,12024.564,37.128,,,,,,,,,,,,,,,41.735,,,,,,,,,,,,,,,,,,,,,,,,
Albania,1987,ALB,3148843.0,11975300148.0,,,,,,,,,,,,,,,,-1.523,-0.09,1854.613,5.84,,,,,,,-2.56,-1.069,12914.778,3.396,,,,,,,,,,,,,,,14.286,0.614,1560.535,4.914,,,,,,,,,,,,,,,,,,,,,,,,,,,,,,,,,,,,-1.818,-0.675,11576.537,36.453,,,,,,,,,,,,,,,40.667,,,,,,,,,,,,,,,,,,,,,,,,
Albania,1988,ALB,3212924.0,12296424628.0,,,,,,,,,,,,,,,,2.343,0.137,1860.211,5.977,,,,,,,3.003,1.221,13037.287,3.407,,,,,,,,,,,,,,,56.25,2.764,2389.704,7.678,,,,,,,,,,,,,,,,,,,,,,,,,,,,,,,,,,,,-18.295,-6.669,9269.927,29.784,,,,,,,,,,,,,,,41.888,,,,,,,,,,,,,,,,,,,,,,,,
Albania,1989,ALB,3260369.0,12617018592.0,,,,,,,,,,,,,,,,0.412,0.025,1840.695,6.001,,,,,,,-6.706,-2.809,11985.987,3.097,,,,,,,,,,,,,,,0.0,0.0,2354.929,7.678,,,,,,,,,,,,,,,,,,,,,,,,,,,,,,,,,,,,6.526,1.944,9731.213,31.727,,,,,,,,,,,,,,,39.079,,,,,,,,,,,,,,,,,,,,,,,,
Albania,1990,ALB,3277965.0,12947849077.0,,,,,,,,,,,,,,,,-5.563,-0.334,1728.961,5.667,,,,,,,-28.654,-11.198,8505.582,2.153,,,,,,,,,,,,,,,-63.992,-4.913,843.416,2.765,,,,,,,,,,,,,,,,,,,,,,,,,,,,,,,,,,,,-36.17,-11.476,6178.07,20.251,,,,,,,,,,,,,,,27.881,,,,,,,,,,,,,,,,,,,,,,,,
Albania,1991,ALB,3282608.0,9375856841.0,,,,,,,,,,,,,,,,-47.513,-2.693,906.192,2.975,,,,,,,-24.465,-6.821,6415.621,2.246,,,,,,,,,,,,,,,-44.616,-1.234,466.455,1.531,,,,,,,,,,,,,,,,,,,,,,,,,,,,,,,,,,,,-36.667,-7.426,3907.243,12.826,,,,,,,,,,,,,,,21.06,,,,,,,,,,,,,,,,,,,,,,,,
Albania,1992,ALB,3282506.0,8745674435.0,,,,,,,,,,,,,,,,-66.329,-1.973,305.13,1.002,,,,,,,-13.573,-2.859,5544.973,2.081,,,,,,,,,,,,,,,-27.96,-0.428,336.044,1.103,,,,,,,,,,,,,,,,,,,,,,,,,,,,,,,,,,,,-41.947,-5.38,2268.356,7.446,,,,,,,,,,,,,,,18.201,,,,,,,,,,,,,,,,,,,,,,,,
Albania,1993,ALB,3277831.0,9636341649.0,,,,,,,,,,,,,,,,-41.53,-0.416,178.664,0.586,,,,,,,-17.552,-3.195,4578.229,1.557,,,,,,,,,,,,,,,-70.6,-0.779,98.939,0.324,,,,,,,,,,,,,,,,,,,,,,,,,,,,,,,,,,,,-0.273,-0.02,2265.385,7.426,,,,,,,,,,,,,,,15.007,,,,,,,,,,,,,,,,,,,,,,,,
Albania,1994,ALB,3269417.0,10596114842.0,,,,,,,,,,,,,,,,-21.028,-0.123,141.457,0.462,,,,,,,-13.278,-1.993,3980.571,1.228,,,,,,,,,,,,,,,0.094,0.0,99.287,0.325,,,,,,,,,,,,,,,,,,,,,,,,,,,,,,,,,,,,0.0,0.0,2271.215,7.426,,,,,,,,,,,,,,,13.014,,,,,,,,,,,,,,,,,,,,,,,,
Albania,1995,ALB,3258573.0,11600732968.0,,,,,,,,,,,,,,,,-52.663,-0.244,67.185,0.219,,,,,,,9.968,1.297,4391.918,1.234,,,,,,,,,,,,,,,0.0,0.0,99.618,0.325,,,,,,,,,,,,,,,,,,,,,,,,,,,,,,,,,,,,-9.091,-0.675,2071.612,6.75,,,,,,,,,,,,,,,14.311,,,,,,,,,,,,,,,,,,,,,,,,
Albania,1996,ALB,3245680.0,12468867839.0,,,,,,,,,,,,,,,,41.25,0.09,95.276,0.309,,,,,,,-5.66,-0.81,4159.798,1.083,,,,,,,,,,,,,,,-0.052,-0.0,99.962,0.324,,,,,,,,,,,,,,,,,,,,,,,,,,,,,,,,,,,,-4.74,-0.32,1981.262,6.431,,,,,,,,,,,,,,,13.501,,,,,,,,,,,,,,,,,,,,,,,,
Albania,1997,ALB,3229665.0,11020137102.0,,,,,,,,,,,,,,,,-65.487,-0.203,33.046,0.107,,,,,,,-4.291,-0.579,4001.062,1.173,,,,,,,,,,,,,,,-33.333,-0.108,66.972,0.216,,,,,,,,,,,,,,,,,,,,,,,,,,,,,,,,,,,,-3.782,-0.243,1915.784,6.187,,,,,,,,,,,,,,,12.922,,,,,,,,,,,,,,,,,,,,,,,,
Albania,1998,ALB,3210134.0,12026242682.0,,,,,,,,,,,,,,,,25.641,0.027,41.772,0.134,,,,,,,15.183,1.962,4636.601,1.238,,,,,,,,,,,,,,,50.0,0.108,101.068,0.324,,,,,,,,,,,,,,,,,,,,,,,,,,,,,,,,,,,,-31.266,-1.935,1324.809,4.253,,,,,,,,,,,,,,,14.884,,,,,,,,,,,,,,,,,,,,,,,,
Albania,1999,ALB,3188598.0,13673692880.0,,,,,,,,,,,,,,,,0.0,0.0,42.054,0.134,,,,,,,-21.608,-3.216,3659.295,0.853,,,,,,,,,,,,,,,-33.333,-0.108,67.834,0.216,,,,,,,,,,,,,,,,,,,,,,,,,,,,,,,,,,,,-11.503,-0.489,1180.341,3.764,,,,,,,,,,,,,,,11.668,,,,,,,,,,,,,,,,,,,,,,,,
Albania,2000,ALB,3166147.0,14736835655.0,,,,,0.0,0.0,0.0,,48.63,,,,,0.0,0.0,-38.775,-0.052,25.93,0.082,0.0,,5.73,1809.771,4.73,,68.693,8.015,6216.746,1.336,,,56.851,0.18,,,3.805,,,,,0.0,0.0,,50.0,0.108,102.473,0.324,0.0,,0.23,,,,1437.078,4.55,,96.195,,,,,1437.078,4.55,,96.195,,1.0,17.452,,,,0.0,0.0,,0.0,,,,,56.851,0.18,,1.725,0.065,1209.212,3.829,3.805,,,0.0,0.0,,,0.0,0.0,,0.0,0.0,,1493.929,19.683,,,,1437.078,4.55,,96.195,,,,,0.0,0.0,,0.0,,,,,0.0,0.0,,0.0,
Albania,2001,ALB,3147943.0,16103903904.0,,,,,0.0,0.0,0.0,,51.49,,,,,0.0,0.0,-30.0,-0.025,18.256,0.057,0.0,,5.44,1728.113,3.69,,2.095,0.412,6383.707,1.248,,,54.004,0.17,,,4.607,,,,,0.0,0.0,,0.0,0.0,103.065,0.324,0.0,,0.19,,,,1118.191,3.52,,95.393,,,,,1118.191,3.52,,95.393,,1.75,32.169,,,,0.0,0.0,,0.0,,,,,54.004,0.17,,4.946,0.189,1276.356,4.018,4.607,,,0.0,0.0,,,0.0,0.0,,0.0,0.0,,1172.194,20.096,,,,1118.191,3.52,,95.393,,,,,0.0,0.0,,0.0,,,,,0.0,0.0,,0.0,
Albania,2002,ALB,3134095.0,17037279441.0,,,,,0.0,0.0,0.0,,62.0,,,,,0.0,0.0,-28.571,-0.016,13.097,0.041,0.0,,5.82,1856.995,3.71,,12.503,2.513,7213.592,1.327,,,73.386,0.23,,,6.199,,,,,0.0,0.0,,0.0,0.0,103.521,0.324,0.0,,0.23,,,,1110.368,3.48,,93.801,,,,,1110.368,3.48,,93.801,,2.11,36.254,,,,0.0,0.0,,0.0,,,,,73.386,0.23,,6.872,0.276,1370.09,4.294,6.199,,,0.0,0.0,,,0.0,0.0,,0.0,0.0,,1183.755,22.608,,,,1110.368,3.48,,93.801,,,,,0.0,0.0,,0.0,,,,,0.0,0.0,,0.0,
Albania,2003,ALB,3118093.0,18171076149.0,,,,,0.0,0.0,0.0,,36.33,,,,,0.0,0.0,286.667,0.118,50.904,0.159,0.0,,6.15,1972.359,5.23,,2.632,0.595,7441.479,1.277,,,35.278,0.11,,,2.103,,,,,0.0,0.0,,0.0,0.0,104.052,0.324,0.0,,0.19,,,,1642.029,5.12,,97.897,,,,,1642.029,5.12,,97.897,,0.92,14.959,,,,0.0,0.0,,0.0,,,,,35.278,0.11,,5.597,0.24,1454.193,4.534,2.103,,,0.0,0.0,,,0.0,0.0,,0.0,0.0,,1677.307,23.203,,,,1642.029,5.12,,97.897,,,,,0.0,0.0,,0.0,,,,,0.0,0.0,,0.0,
Albania,2004,ALB,3098662.0,19346601376.0,,,,,0.0,0.0,0.0,,39.64,,,,,0.0,0.0,0.0,0.0,51.223,0.159,0.0,,6.03,1946.001,5.55,,7.804,1.811,8072.544,1.293,,,45.181,0.14,,,2.523,,,,,0.0,0.0,,0.0,0.0,104.704,0.324,0.0,,0.22,,,,1745.915,5.41,,97.477,,,,,1745.915,5.41,,97.477,,0.48,7.96,,,,0.0,0.0,,0.0,,,,,45.181,0.14,,-0.084,-0.004,1462.079,4.53,2.523,,,0.0,0.0,,,0.0,0.0,,0.0,0.0,,1791.096,25.014,,,,1745.915,5.41,,97.477,,,,,0.0,0.0,,0.0,,,,,0.0,0.0,,0.0,
Albania,2005,ALB,3076156.0,20562850324.0,,,,,0.0,0.0,0.0,,33.4,,,,,0.0,0.0,-22.414,-0.036,40.033,0.123,0.0,,5.76,1872.467,5.39,,-1.073,-0.268,8044.378,1.203,,,22.756,0.07,,,1.299,,,,,0.0,0.0,,0.0,0.0,105.47,0.324,0.0,,0.18,,,,1729.431,5.32,,98.701,,,,,1729.431,5.32,,98.701,,0.37,6.424,,,,0.0,0.0,,0.0,,,,,22.756,0.07,,4.301,0.195,1536.121,4.725,1.299,,,0.0,0.0,,,0.0,0.0,,0.0,0.0,,1752.187,24.746,,,,1729.431,5.32,,98.701,,,,,0.0,0.0,,0.0,,,,,0.0,0.0,,0.0,
Albania,2006,ALB,3050805.0,21889974405.0,,,,,0.0,0.0,0.0,,35.71,,,,,0.0,0.0,0.0,0.0,40.365,0.123,0.0,,5.65,1851.97,5.04,,-4.929,-1.22,7711.403,1.075,,,29.5,0.09,,,1.786,,,,,0.0,0.0,,0.0,0.0,106.347,0.324,0.0,,0.18,,,,1622.522,4.95,,98.214,,,,,1622.522,4.95,,98.214,,0.61,10.796,,,,0.0,0.0,,0.0,,,,,29.5,0.09,,10.607,0.501,1713.171,5.227,1.786,,,0.0,0.0,,,0.0,0.0,,0.0,0.0,,1652.023,23.526,,,,1622.522,4.95,,98.214,,,,,0.0,0.0,,0.0,,,,,0.0,0.0,,0.0,
Albania,2007,ALB,3022887.0,23259283502.0,,,,,0.0,0.0,0.0,,42.4,,,,,0.0,0.0,0.0,0.0,40.738,0.123,0.0,,5.66,1872.382,2.83,,-1.633,-0.384,7655.497,0.995,,,23.157,0.07,,,2.473,,,,,0.0,0.0,,-66.986,-0.217,35.434,0.107,0.0,,0.12,,,,913.034,2.76,,97.527,,,,,913.034,2.76,,97.527,,2.83,50.0,,,,0.0,0.0,,0.0,,,,,23.157,0.07,,-17.091,-0.893,1433.486,4.333,2.473,,,0.0,0.0,,,0.0,0.0,,0.0,0.0,,936.191,23.142,,,,913.034,2.76,,97.527,,,,,0.0,0.0,,0.0,,,,,0.0,0.0,,0.0,
Albania,2008,ALB,2992933.0,25006230217.0,,,,,0.0,0.0,0.0,,23.94,,,,,0.0,0.0,35.556,0.044,55.775,0.167,0.0,,6.19,2068.205,3.76,,3.251,0.752,7983.493,0.956,,,0.0,0.0,,,0.0,,,,,0.0,0.0,,193.327,0.207,104.977,0.314,0.0,,0.09,,,,1256.293,3.76,,100.0,,,,,1256.293,3.76,,100.0,,2.43,39.257,,,,0.0,0.0,,0.0,,,,,0.0,0.0,,-6.274,-0.272,1356.995,4.061,0.0,,,0.0,0.0,,,0.0,0.0,,0.0,0.0,,1256.293,23.894,,,,1256.293,3.76,,100.0,,,,,0.0,0.0,,0.0,,,,,0.0,0.0,,0.0,
Albania,2009,ALB,2961487.0,25821550979.0,,,,,0.0,0.0,0.0,,23.08,,,,,0.0,0.0,-83.605,-0.14,9.241,0.027,0.0,,6.6,2228.61,5.2,,0.85,0.203,8136.838,0.933,,,0.0,0.0,,,0.0,,,,,0.0,0.0,,0.0,0.0,106.091,0.314,0.0,,0.12,,,,1755.875,5.2,,100.0,,,,,1755.875,5.2,,100.0,,1.4,21.212,,,,0.0,0.0,,0.0,,,,,0.0,0.0,,-11.43,-0.464,1214.655,3.597,0.0,,,0.0,0.0,,,0.0,0.0,,0.0,0.0,,1755.875,24.097,,,,1755.875,5.2,,100.0,,,,,0.0,0.0,,0.0,,,,,0.0,0.0,,0.0,
Albania,2010,ALB,2928731.0,26747818608.0,,,,,0.0,0.0,0.0,,23.78,,,,,0.0,0.0,0.0,0.0,9.345,0.027,0.0,,6.62,2260.365,7.57,,-7.842,-1.89,7582.633,0.83,,,0.0,0.0,,,0.0,,,,,0.0,0.0,,-67.062,-0.211,35.335,0.103,0.0,,0.18,,,,2584.737,7.57,,100.0,,,,,2584.737,7.57,,100.0,,-0.95,-14.35,,,,0.0,0.0,,0.0,,,,,0.0,0.0,,103.493,3.723,2499.38,7.32,0.0,,,0.0,0.0,,,0.0,0.0,,0.0,0.0,,2584.737,22.207,,,,2584.737,7.57,,100.0,,,,,0.0,0.0,,0.0,,,,,0.0,0.0,,0.0,
Albania,2011,ALB,2911499.0,27431048326.0,,,,,0.0,0.0,0.0,,33.41,,,,,0.0,0.0,-50.054,-0.014,4.695,0.014,0.0,,7.45,2558.819,4.19,,7.928,1.761,8232.201,0.874,,,20.608,0.06,,,1.432,,,,,0.0,0.0,,0.0,0.0,35.544,0.103,0.0,,0.14,,,,1418.513,4.13,,98.568,,,,,1418.513,4.13,,98.568,,3.26,43.758,,,,0.0,0.0,,0.0,,,,,20.608,0.06,,43.077,3.153,3597.211,10.473,1.432,,,0.0,0.0,,,0.0,0.0,,0.0,0.0,,1439.121,23.968,,,,1418.513,4.13,,98.568,,,,,0.0,0.0,,0.0,,,,,0.0,0.0,,0.0,
Albania,2012,ALB,2910003.0,27819814441.0,,,,,0.0,0.0,0.0,,23.31,,,,,0.0,0.0,0.0,0.0,4.697,0.014,0.0,,7.26,2494.843,4.72,,-6.176,-1.48,7727.736,0.808,,,0.0,0.0,,,0.0,,,,,0.0,0.0,,70.0,0.072,60.456,0.176,0.0,,0.11,,,,1621.991,4.72,,100.0,,,,,1621.991,4.72,,100.0,,2.54,34.986,,,,0.0,0.0,,0.0,,,,,0.0,0.0,,8.812,0.923,3916.194,11.396,0.0,,,0.0,0.0,,,0.0,0.0,,0.0,0.0,,1621.991,22.488,,,,1621.991,4.72,,100.0,,,,,0.0,0.0,,0.0,,,,,0.0,0.0,,0.0,
Albania,2013,ALB,2907571.0,28098562696.0,,,,,0.0,0.0,0.0,,24.43,,,,,0.0,0.0,-39.914,-0.005,2.825,0.008,0.0,,9.28,3191.667,6.96,,17.212,3.871,9065.398,0.938,,,0.0,0.0,,,0.0,,,,,0.0,0.0,,11.765,0.021,67.625,0.197,0.0,,0.17,,,,2393.751,6.96,,100.0,,,,,2393.751,6.96,,100.0,,2.32,25.0,,,,0.0,0.0,,0.0,,,,,0.0,0.0,,0.747,0.085,3948.729,11.481,0.0,,,0.0,0.0,,,0.0,0.0,,0.0,0.0,,2393.751,26.358,,,,2393.751,6.96,,100.0,,,,,0.0,0.0,,0.0,,,,,0.0,0.0,,0.0,
Albania,2014,ALB,2903748.0,28597169040.0,,,,,0.0,0.0,0.0,,23.31,,,,,0.0,0.0,-100.0,-0.008,0.0,0.0,0.0,,7.79,2682.74,4.72,,-2.318,-0.611,8866.902,0.9,,,0.0,0.0,,,0.0,,,,,0.0,0.0,,68.421,0.135,114.044,0.331,0.0,,0.11,,,,1625.485,4.72,,100.0,,,,,1625.485,4.72,,100.0,,3.07,39.41,,,,0.0,0.0,,0.0,,,,,0.0,0.0,,20.57,2.362,4767.26,13.843,0.0,,,0.0,0.0,,,0.0,0.0,,0.0,0.0,,1625.485,25.747,,,,1625.485,4.72,,100.0,,,,,0.0,0.0,,0.0,,,,,0.0,0.0,,0.0,
Albania,2015,ALB,2898634.0,29231663899.0,,,,,0.0,0.0,0.0,,23.77,,,,,0.0,0.0,,0.0,0.0,0.0,0.0,,7.29,2514.978,5.89,,-6.64,-1.71,8292.746,0.822,,,0.0,0.0,,,0.0,,,,,0.0,0.0,,9.375,0.031,124.956,0.362,0.0,,0.14,,,,2031.992,5.89,,100.0,,,,,2031.992,5.89,,100.0,,1.4,19.204,,,,0.0,0.0,,0.0,,,,,0.0,0.0,,-1.683,-0.233,4695.279,13.61,0.0,,,0.0,0.0,,,0.0,0.0,,0.0,0.0,,2031.992,24.038,,,,2031.992,5.89,,100.0,,,,,0.0,0.0,,0.0,,,,,0.0,0.0,,0.0,
Albania,2016,ALB,2897868.0,30200694449.0,,,,,0.0,0.0,0.0,,23.14,,,,,0.0,0.0,,0.0,0.0,0.0,0.0,,7.74,2670.929,7.78,,11.33,2.723,9234.724,0.886,,,0.0,0.0,,,0.0,,,,,0.0,0.0,,28.57,0.103,160.699,0.466,0.0,,0.18,,,,2684.732,7.78,,100.0,,,,,2684.732,7.78,,100.0,,-0.04,-0.517,,,,0.0,0.0,,0.0,,,,,0.0,0.0,,13.14,1.788,5313.66,15.398,0.0,,,0.0,0.0,,,0.0,0.0,,0.0,0.0,,2684.732,26.761,,,,2684.732,7.78,,100.0,,,,,0.0,0.0,,0.0,,,,,0.0,0.0,,0.0,
Albania,2017,ALB,2898245.0,31348975722.0,,,,,0.0,0.0,0.0,,24.28,,,,,0.0,0.0,,,,,0.0,,7.44,2567.071,4.53,,9.451,2.529,10106.212,0.934,,,0.0,0.0,,,0.0,,,,,0.0,0.0,,,,,,0.0,,0.11,,,,1563.015,4.53,,100.0,,,,,1563.015,4.53,,100.0,,2.91,39.113,,,,0.0,0.0,,0.0,,,,,0.0,0.0,,,,,,0.0,,,0.0,0.0,,,0.0,0.0,,0.0,0.0,,1563.015,29.29,,,,1563.015,4.53,,100.0,,,,,0.0,0.0,,0.0,,,,,0.0,0.0,,0.0,
Albania,2018,ALB,2894229.0,32609000823.0,,,,,0.0,0.0,0.0,,23.39,,,,,0.0,0.0,,,,,0.0,,7.64,2639.736,8.55,,-4.428,-1.297,9672.062,0.858,,,0.0,0.0,,,0.0,,,,,0.0,0.0,,,,,,0.0,,0.2,,,,2954.155,8.55,,100.0,,,,,2954.155,8.55,,100.0,,-0.91,-11.911,,,,0.0,0.0,,0.0,,,,,0.0,0.0,,,,,,0.0,,,0.0,0.0,,,0.0,0.0,,0.0,0.0,,2954.155,27.993,,,,2954.155,8.55,,100.0,,,,,0.0,0.0,,0.0,,,,,0.0,0.0,,0.0,
Albania,2019,ALB,2885011.0,33289747424.0,,,,,0.0,0.0,0.0,,23.08,,,,,0.0,0.0,,,,,0.0,,7.61,2637.772,5.2,,-11.058,-3.096,8630.006,0.748,,,0.0,0.0,,,0.0,,,,,0.0,0.0,,,,,,0.0,,0.12,,,,1795.487,5.18,,99.615,,,,,1802.419,5.2,,100.0,,2.41,31.669,,,,0.0,0.0,,0.0,,,,,0.0,0.0,,,,,,0.0,,,0.0,0.0,,,0.0,0.0,,0.0,0.0,,1802.419,24.898,,,,1802.419,5.2,,100.0,,,,,6.932,0.02,,0.385,,,,,0.0,0.0,,0.0,
Albania,2020,ALB,2871950.0,32130726850.0,,,,,0.0,0.0,0.0,,24.48,,,,,0.0,0.0,,,,,0.0,,7.59,2642.804,5.31,,-15.185,-3.781,7352.821,0.657,,,0.0,0.0,,,0.0,,,,,0.0,0.0,,,,,,0.0,,0.13,,,,1838.472,5.28,,99.435,,,,,1848.918,5.31,,100.0,,2.28,30.04,,,,0.0,0.0,,0.0,,,,,0.0,0.0,,,,,,0.0,,,0.0,0.0,,,0.0,0.0,,0.0,0.0,,1848.918,21.117,,,,1848.918,5.31,,100.0,,,,,10.446,0.03,,0.565,,,,,0.0,0.0,,0.0,
Albania,2021,ALB,2849641.0,34866976278.0,,,,,0.0,0.0,0.0,,23.49,,,,,0.0,0.0,,,,,0.0,,8.39,2944.231,8.94,,20.707,4.373,8944.888,0.731,,,0.0,0.0,,,0.0,,,,,0.0,0.0,,,,,,0.0,,0.21,,,,3123.2,8.9,,99.553,,,,,3137.237,8.94,,100.0,,-0.55,-6.555,,,,0.0,0.0,,0.0,,,,,0.0,0.0,,,,,,0.0,,,0.0,0.0,,,0.0,0.0,,0.0,0.0,,3137.237,25.49,,,,3137.237,8.94,,100.0,,,,,14.037,0.04,,0.447,,,,,0.0,0.0,,0.0,
Albania,2022,ALB,2827614.0,36171005594.0,,,,,0.0,0.0,0.0,,24.39,,,,,0.0,0.0,,,,,0.0,,7.89,2790.338,6.97,,1.471,0.375,9147.205,0.715,,,0.0,0.0,,,0.0,,,,,0.0,0.0,,,,,,0.0,,0.17,,,,2408.391,6.81,,97.704,,,,,2464.976,6.97,,100.0,,0.92,11.66,,,,0.0,0.0,,0.0,,,,,0.0,0.0,,,,,,0.0,,,0.0,0.0,,,0.0,0.0,,0.0,0.0,,2464.976,25.865,,,,2464.976,6.97,,100.0,,,,,56.585,0.16,,2.296,,,,,0.0,0.0,,0.0,
Albania,2023,ALB,2811660.0,,,,,,0.0,0.0,0.0,,24.42,,,,,0.0,0.0,,,,,0.0,,8.09,2877.304,9.01,,-12.686,-3.281,8032.07,,,,0.0,0.0,,,0.0,,,,,0.0,0.0,,,,,,0.0,,0.22,,,,3097.814,8.71,,96.67,,,,,3204.513,9.01,,100.0,,-0.92,-11.372,,,,0.0,0.0,,0.0,,,,,0.0,0.0,,,,,,0.0,,,0.0,0.0,,,0.0,0.0,,0.0,0.0,,3204.513,22.583,,,,3204.513,9.01,,100.0,,,,,106.699,0.3,,3.33,,,,,0.0,0.0,,0.0,
Albania,2024,ALB,2791756.0,,,,,,0.0,0.0,0.0,,25.18,,,,,0.0,0.0,,,,,0.0,,8.67,3105.572,8.34,,,,,,,,0.0,0.0,,,0.0,,,,,0.0,0.0,,,,,,0.0,,0.21,,,,2865.58,8.0,,95.923,,,,,2987.367,8.34,,100.0,,0.33,3.806,,,,0.0,0.0,,0.0,,,,,0.0,0.0,,,,,,0.0,,,0.0,0.0,,,0.0,0.0,,0.0,0.0,,2987.367,,,,,2987.367,8.34,,100.0,,,,,121.787,0.34,,4.077,,,,,0.0,0.0,,0.0,
Algeria,1900,DZA,4721802.0,,,,,,,,,,,,,,,,,,,0.0,0.0,,,,,,,,,,,,,,,,,,,,,,,,,,,0.0,0.0,,,,,,,,,,,,,,,,,,,,,,,,,,,,,,,,,,,,,,0.0,0.0,,,,,,,,,,,,,,,,,,,,,,,,,,,,,,,,,,,,,,,
Algeria,1901,DZA,4787149.0,,,,,,,,,,,,,,,,,,0.0,0.0,0.0,,,,,,,,,,,,,,,,,,,,,,,,,,0.0,0.0,0.0,,,,,,,,,,,,,,,,,,,,,,,,,,,,,,,,,,,,,0.0,0.0,0.0,,,,,,,,,,,,,,,,,,,,,,,,,,,,,,,,,,,,,,,
Algeria,1902,DZA,4859600.0,,,,,,,,,,,,,,,,,,0.0,0.0,0.0,,,,,,,,,,,,,,,,,,,,,,,,,,0.0,0.0,0.0,,,,,,,,,,,,,,,,,,,,,,,,,,,,,,,,,,,,,0.0,0.0,0.0,,,,,,,,,,,,,,,,,,,,,,,,,,,,,,,,,,,,,,,
Algeria,1903,DZA,4939332.0,,,,,,,,,,,,,,,,,,0.0,0.0,0.0,,,,,,,,,,,,,,,,,,,,,,,,,,0.0,0.0,0.0,,,,,,,,,,,,,,,,,,,,,,,,,,,,,,,,,,,,,0.0,0.0,0.0,,,,,,,,,,,,,,,,,,,,,,,,,,,,,,,,,,,,,,,
Algeria,1904,DZA,5020372.0,,,,,,,,,,,,,,,,,,0.0,0.0,0.0,,,,,,,,,,,,,,,,,,,,,,,,,,0.0,0.0,0.0,,,,,,,,,,,,,,,,,,,,,,,,,,,,,,,,,,,,,0.0,0.0,0.0,,,,,,,,,,,,,,,,,,,,,,,,,,,,,,,,,,,,,,,
Algeria,1905,DZA,5102742.0,,,,,,,,,,,,,,,,,,0.0,0.0,0.0,,,,,,,,,,,,,,,,,,,,,,,,,,0.0,0.0,0.0,,,,,,,,,,,,,,,,,,,,,,,,,,,,,,,,,,,,,0.0,0.0,0.0,,,,,,,,,,,,,,,,,,,,,,,,,,,,,,,,,,,,,,,
Algeria,1906,DZA,5186463.0,,,,,,,,,,,,,,,,,,0.0,0.0,0.0,,,,,,,,,,,,,,,,,,,,,,,,,,0.0,0.0,0.0,,,,,,,,,,,,,,,,,,,,,,,,,,,,,,,,,,,,,0.0,0.0,0.0,,,,,,,,,,,,,,,,,,,,,,,,,,,,,,,,,,,,,,,
Algeria,1907,DZA,5271557.0,,,,,,,,,,,,,,,,,,0.0,0.0,0.0,,,,,,,,,,,,,,,,,,,,,,,,,,0.0,0.0,0.0,,,,,,,,,,,,,,,,,,,,,,,,,,,,,,,,,,,,,0.0,0.0,0.0,,,,,,,,,,,,,,,,,,,,,,,,,,,,,,,,,,,,,,,
Algeria,1908,DZA,5358048.0,,,,,,,,,,,,,,,,,,0.0,0.0,0.0,,,,,,,,,,,,,,,,,,,,,,,,,,0.0,0.0,0.0,,,,,,,,,,,,,,,,,,,,,,,,,,,,,,,,,,,,,0.0,0.0,0.0,,,,,,,,,,,,,,,,,,,,,,,,,,,,,,,,,,,,,,,
Algeria,1909,DZA,5433528.0,,,,,,,,,,,,,,,,,,0.0,0.0,0.0,,,,,,,,,,,,,,,,,,,,,,,,,,0.0,0.0,0.0,,,,,,,,,,,,,,,,,,,,,,,,,,,,,,,,,,,,,0.0,0.0,0.0,,,,,,,,,,,,,,,,,,,,,,,,,,,,,,,,,,,,,,,
Algeria,1910,DZA,5497750.0,,,,,,,,,,,,,,,,,,0.0,0.0,0.0,,,,,,,,,,,,,,,,,,,,,,,,,,0.0,0.0,0.0,,,,,,,,,,,,,,,,,,,,,,,,,,,,,,,,,,,,,0.0,0.0,0.0,,,,,,,,,,,,,,,,,,,,,,,,,,,,,,,,,,,,,,,
Algeria,1911,DZA,5550464.0,,,,,,,,,,,,,,,,,,0.0,0.0,0.0,,,,,,,,,,,,,,,,,,,,,,,,,,0.0,0.0,0.0,,,,,,,,,,,,,,,,,,,,,,,,,,,,,,,,,,,,,0.0,0.0,0.0,,,,,,,,,,,,,,,,,,,,,,,,,,,,,,,,,,,,,,,
Algeria,1912,DZA,5591415.0,,,,,,,,,,,,,,,,,,0.0,0.0,0.0,,,,,,,,,,,,,,,,,,,,,,,,,,0.0,0.0,0.0,,,,,,,,,,,,,,,,,,,,,,,,,,,,,,,,,,,,,0.0,0.0,0.0,,,,,,,,,,,,,,,,,,,,,,,,,,,,,,,,,,,,,,,
Algeria,1913,DZA,5620343.0,10191438000.0,,,,,,,,,,,,,,,,,0.0,0.0,0.0,,,,,,,,,,,,,,,,,,,,,,,,,,0.0,0.0,0.0,,,,,,,,,,,,,,,,,,,,,,,,,,,,,,,,,,,,,0.0,0.0,0.0,,,,,,,,,,,,,,,,,,,,,,,,,,,,,,,,,,,,,,,
Algeria,1914,DZA,5649420.0,,,,,,,,,,,,,,,,,,0.0,0.0,0.0,,,,,,,,,,,,,,,,,,,,,,,,,,0.0,0.0,0.0,,,,,,,,,,,,,,,,,,,,,,,,,,,,,,,,,,,,,0.0,0.0,0.0,,,,,,,,,,,,,,,,,,,,,,,,,,,,,,,,,,,,,,,
Algeria,1915,DZA,5678648.0,,,,,,,,,,,,,,,,,,0.0,0.0,0.0,,,,,,,,,,,,,,,,,,,,,,,,,,0.0,0.0,0.0,,,,,,,,,,,,,,,,,,,,,,,,,,,,,,,,,,,,,0.0,0.0,0.0,,,,,,,,,,,,,,,,,,,,,,,,,,,,,,,,,,,,,,,
Algeria,1916,DZA,5708027.0,,,,,,,,,,,,,,,,,,0.0,0.0,0.0,,,,,,,,,,,,,,,,,,,,,,,,,,0.0,0.0,0.0,,,,,,,,,,,,,,,,,,,,,,,,,,,,,,,,,,,,,0.012,2.037,0.012,,,,,,,,,,,,,,,,,,,,,,,,,,,,,,,,,,,,,,,
Algeria,1917,DZA,5737558.0,,,,,,,,,,,,,,,,,,0.016,2.838,0.016,,,,,,,,,,,,,,,,,,,,,,,,,,0.0,0.0,0.0,,,,,,,,,,,,,,,,,,,,,,,,,,,,,,,,,,,,0.0,0.0,2.027,0.012,,,,,,,,,,,,,,,,,,,,,,,,,,,,,,,,,,,,,,,
Algeria,1918,DZA,5766569.0,,,,,,,,,,,,,,,,,188.5,0.031,8.146,0.047,,,,,,,,,,,,,,,,,,,,,,,,,,0.0,0.0,0.0,,,,,,,,,,,,,,,,,,,,,,,,,,,,,,,,,,,,0.0,0.0,2.017,0.012,,,,,,,,,,,,,,,,,,,,,,,,,,,,,,,,,,,,,,,
Algeria,1919,DZA,5802743.0,,,,,,,,,,,,,,,,,10.659,0.005,8.958,0.052,,,,,,,,,,,,,,,,,,,,,,,,,,0.0,0.0,0.0,,,,,,,,,,,,,,,,,,,,,,,,,,,,,,,,,,,,0.0,0.0,2.004,0.012,,,,,,,,,,,,,,,,,,,,,,,,,,,,,,,,,,,,,,,
Algeria,1920,DZA,5846192.0,,,,,,,,,,,,,,,,,6.03,0.003,9.427,0.055,,,,,,,,,,,,,,,,,,,,,,,,,,0.0,0.0,0.0,,,,,,,,,,,,,,,,,,,,,,,,,,,,,,,,,,,,0.0,0.0,1.989,0.012,,,,,,,,,,,,,,,,,,,,,,,,,,,,,,,,,,,,,,,
Algeria,1921,DZA,5897033.0,,,,,,,,,,,,,,,,,32.939,0.018,12.425,0.073,,,,,,,,,,,,,,,,,,,,,,,,,,0.0,0.0,0.0,,,,,,,,,,,,,,,,,,,,,,,,,,,,,,,,,,,,-100.0,-0.012,0.0,0.0,,,,,,,,,,,,,,,,,,,,,,,,,,,,,,,,,,,,,,,
Algeria,1922,DZA,5955381.0,,,,,,,,,,,,,,,,,0.0,0.0,12.303,0.073,,,,,,,,,,,,,,,,,,,,,,,,,,0.0,0.0,0.0,,,,,,,,,,,,,,,,,,,,,,,,,,,,,,,,,,,,,0.012,1.953,0.012,,,,,,,,,,,,,,,,,,,,,,,,,,,,,,,,,,,,,,,
Algeria,1923,DZA,6021355.0,,,,,,,,,,,,,,,,,-55.556,-0.041,5.408,0.033,,,,,,,,,,,,,,,,,,,,,,,,,,0.0,0.0,0.0,,,,,,,,,,,,,,,,,,,,,,,,,,,,,,,,,,,,0.0,0.0,1.931,0.012,,,,,,,,,,,,,,,,,,,,,,,,,,,,,,,,,,,,,,,
Algeria,1924,DZA,6088060.0,,,,,,,,,,,,,,,,,125.0,0.041,12.035,0.073,,,,,,,,,,,,,,,,,,,,,,,,,,0.0,0.0,0.0,,,,,,,,,,,,,,,,,,,,,,,,,,,,,,,,,,,,100.0,0.012,3.821,0.023,,,,,,,,,,,,,,,,,,,,,,,,,,,,,,,,,,,,,,,
Algeria,1925,DZA,6155505.0,,,,,,,,,,,,,,,,,11.111,0.008,13.226,0.081,,,,,,,,,,,,,,,,,,,,,,,,,,0.0,0.0,0.0,,,,,,,,,,,,,,,,,,,,,,,,,,,,,,,,,,,,0.0,0.0,3.779,0.023,,,,,,,,,,,,,,,,,,,,,,,,,,,,,,,,,,,,,,,
Algeria,1926,DZA,6223696.0,,,,,,,,,,,,,,,,,40.0,0.033,18.313,0.114,,,,,,,,,,,,,,,,,,,,,,,,,,0.0,0.0,0.0,,,,,,,,,,,,,,,,,,,,,,,,,,,,,,,,,,,,-50.0,-0.012,1.869,0.012,,,,,,,,,,,,,,,,,,,,,,,,,,,,,,,,,,,,,,,
Algeria,1927,DZA,6292643.0,,,,,,,,,,,,,,,,,50.0,0.057,27.168,0.171,,,,,,,,,,,,,,,,,,,,,,,,,,0.0,0.0,0.0,,,,,,,,,,,,,,,,,,,,,,,,,,,,,,,,,,,,0.0,0.0,1.848,0.012,,,,,,,,,,,,,,,,,,,,,,,,,,,,,,,,,,,,,,,
Algeria,1928,DZA,6362353.0,,,,,,,,,,,,,,,,,-19.048,-0.033,21.752,0.138,,,,,,,,,,,,,,,,,,,,,,,,,,0.0,0.0,0.0,,,,,,,,,,,,,,,,,,,,,,,,,,,,,,,,,,,,0.0,0.0,1.828,0.012,,,,,,,,,,,,,,,,,,,,,,,,,,,,,,,,,,,,,,,
Algeria,1929,DZA,6441431.0,,,,,,,,,,,,,,,,,-5.882,-0.008,20.222,0.13,,,,,,,,,,,,,,,,,,,,,,,,,,0.0,0.0,0.0,,,,,,,,,,,,,,,,,,,,,,,,,,,,,,,,,,,,200.0,0.023,5.416,0.035,,,,,,,,,,,,,,,,,,,,,,,,,,,,,,,,,,,,,,,
Algeria,1930,DZA,6530132.0,,,,,,,,,,,,,,,,,6.25,0.008,21.194,0.138,,,,,,,,,,,,,,,,,,,,,,,,,,0.0,0.0,0.0,,,,,,,,,,,,,,,,,,,,,,,,,,,,,,,,,,,,-33.333,-0.012,3.562,0.023,,,,,,,,,,,,,,,,,,,,,,,,,,,,,,,,,,,,,,,
Algeria,1931,DZA,6628718.0,,,,,,,,,,,,,,,,,23.529,0.033,25.791,0.171,,,,,,,,,,,,,,,,,,,,,,,,,,0.0,0.0,0.0,,,,,,,,,,,,,,,,,,,,,,,,,,,,,,,,,,,,-50.0,-0.012,1.754,0.012,,,,,,,,,,,,,,,,,,,,,,,,,,,,,,,,,,,,,,,
Algeria,1932,DZA,6737455.0,,,,,,,,,,,,,,,,,19.048,0.033,30.208,0.204,,,,,,,,,,,,,,,,,,,,,,,,,,0.0,0.0,0.0,,,,,,,,,,,,,,,,,,,,,,,,,,,,,,,,,,,,0.0,0.0,1.726,0.012,,,,,,,,,,,,,,,,,,,,,,,,,,,,,,,,,,,,,,,
Algeria,1933,DZA,6856617.0,,,,,,,,,,,,,,,,,20.0,0.041,35.62,0.244,,,,,,,,,,,,,,,,,,,,,,,,,,0.0,0.0,0.0,,,,,,,,,,,,,,,,,,,,,,,,,,,,,,,,,,,,0.0,0.0,1.696,0.012,,,,,,,,,,,,,,,,,,,,,,,,,,,,,,,,,,,,,,,
Algeria,1934,DZA,6977885.0,,,,,,,,,,,,,,,,,13.333,0.033,39.667,0.277,,,,,,,,,,,,,,,,,,,,,,,,,,0.0,0.0,0.0,,,,,,,,,,,,,,,,,,,,,,,,,,,,,,,,,,,,-100.0,-0.012,0.0,0.0,,,,,,,,,,,,,,,,,,,,,,,,,,,,,,,,,,,,,,,
Algeria,1935,DZA,7101299.0,,,,,,,,,,,,,,,,,11.765,0.033,43.564,0.309,,,,,,,,,,,,,,,,,,,,,,,,,,0.0,0.0,0.0,,,,,,,,,,,,,,,,,,,,,,,,,,,,,,,,,,,,,0.0,0.0,0.0,,,,,,,,,,,,,,,,,,,,,,,,,,,,,,,,,,,,,,,
Algeria,1936,DZA,7226895.0,,,,,,,,,,,,,,,,,-81.579,-0.252,7.885,0.057,,,,,,,,,,,,,,,,,,,,,,,,,,0.0,0.0,0.0,,,,,,,,,,,,,,,,,,,,,,,,,,,,,,,,,,,,,0.0,0.0,0.0,,,,,,,,,,,,,,,,,,,,,,,,,,,,,,,,,,,,,,,
Algeria,1937,DZA,7354713.0,,,,,,,,,,,,,,,,,100.0,0.057,15.497,0.114,,,,,,,,,,,,,,,,,,,,,,,,,,0.0,0.0,0.0,,,,,,,,,,,,,,,,,,,,,,,,,,,,,,,,,,,,,0.0,0.0,0.0,,,,,,,,,,,,,,,,,,,,,,,,,,,,,,,,,,,,,,,
Algeria,1938,DZA,7484792.0,,,,,,,,,,,,,,,,,-7.143,-0.008,14.14,0.106,,,,,,,,,,,,,,,,,,,,,,,,,,0.0,0.0,0.0,,,,,,,,,,,,,,,,,,,,,,,,,,,,,,,,,,,,,0.0,0.0,0.0,,,,,,,,,,,,,,,,,,,,,,,,,,,,,,,,,,,,,,,
Algeria,1939,DZA,7613042.0,,,,,,,,,,,,,,,,,46.154,0.049,20.318,0.155,,,,,,,,,,,,,,,,,,,,,,,,,,0.0,0.0,0.0,,,,,,,,,,,,,,,,,,,,,,,,,,,,,,,,,,,,,0.0,0.0,0.0,,,,,,,,,,,,,,,,,,,,,,,,,,,,,,,,,,,,,,,
Algeria,1940,DZA,7739370.0,,,,,,,,,,,,,,,,,189.474,0.293,57.854,0.448,,,,,,,,,,,,,,,,,,,,,,,,,,0.0,0.0,0.0,,,,,,,,,,,,,,,,,,,,,,,,,,,,,,,,,,,,,0.0,0.0,0.0,,,,,,,,,,,,,,,,,,,,,,,,,,,,,,,,,,,,,,,
Algeria,1941,DZA,7863680.0,,,,,,,,,,,,,,,,,45.455,0.204,82.821,0.651,,,,,,,,,,,,,,,,,,,,,,,,,,0.0,0.0,0.0,,,,,,,,,,,,,,,,,,,,,,,,,,,,,,,,,,,,,0.0,0.0,0.0,,,,,,,,,,,,,,,,,,,,,,,,,,,,,,,,,,,,,,,
Algeria,1942,DZA,7985870.0,,,,,,,,,,,,,,,,,85.0,0.554,150.875,1.205,,,,,,,,,,,,,,,,,,,,,,,,,,0.0,0.0,0.0,,,,,,,,,,,,,,,,,,,,,,,,,,,,,,,,,,,,,0.0,0.0,0.0,,,,,,,,,,,,,,,,,,,,,,,,,,,,,,,,,,,,,,,
Algeria,1943,DZA,8105839.0,,,,,,,,,,,,,,,,,-20.946,-0.252,117.508,0.952,,,,,,,,,,,,,,,,,,,,,,,,,,0.0,0.0,0.0,,,,,,,,,,,,,,,,,,,,,,,,,,,,,,,,,,,,,0.0,0.0,0.0,,,,,,,,,,,,,,,,,,,,,,,,,,,,,,,,,,,,,,,
Algeria,1944,DZA,8227611.0,,,,,,,,,,,,,,,,,2.564,0.024,118.737,0.977,,,,,,,,,,,,,,,,,,,,,,,,,,0.0,0.0,0.0,,,,,,,,,,,,,,,,,,,,,,,,,,,,,,,,,,,,,0.012,1.414,0.012,,,,,,,,,,,,,,,,,,,,,,,,,,,,,,,,,,,,,,,
Algeria,1945,DZA,8351211.0,,,,,,,,,,,,,,,,,35.0,0.342,157.922,1.319,,,,,,,,,,,,,,,,,,,,,,,,,,0.0,0.0,0.0,,,,,,,,,,,,,,,,,,,,,,,,,,,,,,,,,,,,-100.0,-0.012,0.0,0.0,,,,,,,,,,,,,,,,,,,,,,,,,,,,,,,,,,,,,,,
Algeria,1946,DZA,8476669.0,,,,,,,,,,,,,,,,,32.716,0.431,206.486,1.75,,,,,,,,,,,,,,,,,,,,,,,,,,0.843,99.401,0.843,,,,,,,,,,,,,,,,,,,,,,,,,,,,,,,,,,,,,0.0,0.0,0.0,,,,,,,,,,,,,,,,,,,,,,,,,,,,,,,,,,,,,,,
Algeria,1947,DZA,8604011.0,,,,,,,,,,,,,,,,,-4.186,-0.073,194.914,1.677,,,,,,,,,,,,,,,,,,,,,,,,,0.0,0.0,97.93,0.843,,,,,,,,,,,,,,,,,,,,,,,,,,,,,,,,,,,,,0.0,0.0,0.0,,,,,,,,,,,,,,,,,,,,,,,,,,,,,,,,,,,,,,,
Algeria,1948,DZA,8733267.0,,,,,,,,,,,,,,,,,9.709,0.163,210.673,1.84,,,,,,,,,,,,,,,,,,,,,,,,,2.899,0.024,99.277,0.867,,,,,,,,,,,,,,,,,,,,,,,,,,,,,,,,,,,,,0.0,0.0,0.0,,,,,,,,,,,,,,,,,,,,,,,,,,,,,,,,,,,,,,,
Algeria,1949,DZA,8871792.0,,,,,,,,,,,,,,,,,17.257,0.317,243.171,2.157,,,,,,,,,,,,,,,,,,,,,,,,,1.408,0.012,99.104,0.879,,,,,,,,,,,,,,,,,,,,,,,,,,,,,,,,,,,,,0.0,0.0,0.0,,,,,,,,,,,,,,,,,,,,,,,,,,,,,,,,,,,,,,,
Algeria,1950,DZA,9018423.0,19350553875.0,,,,,,,,,,,,,,,,-2.642,-0.057,232.899,2.1,,,,,,,,,,,,,,,,,,,,,,,,,4.167,0.037,101.555,0.916,,,,,,,,,,,,,,,,,,,,,,,,,,,,,,,,,,,,,0.035,3.869,0.035,,,,,,,,,,,,,,,,,,,,,,,,,,,,,,,,,,,,,,,
Algeria,1951,DZA,9269870.0,19480383067.0,,,,,,,,,,,,,,,,-4.264,-0.09,216.921,2.011,,,,,,,,,,,,,,,,,,,,,,,,,6.667,0.061,105.387,0.977,,,,,,,,,,,,,,,,,,,,,,,,,,,,,,,,,,,,133.333,0.047,8.782,0.081,,,,,,,,,,,,,,,,,,,,,,,,,,,,,,,,,,,,,,,
Algeria,1952,DZA,9521212.0,20349999181.0,,,,,,,,,,,,,,,,8.907,0.179,230.005,2.19,,,,,,,,,,,,,,,,,,,,,,,,,1.25,0.012,103.887,0.989,,,,,,,,,,,,,,,,,,,,,,,,,,,,,,,,,,,,557.143,0.454,56.188,0.535,,,,,,,,,,,,,,,,,,,,,,,,,,,,,,,,,,,,,,,
Algeria,1953,DZA,9772644.0,20798191134.0,,,,,,,,,,,,,,,,9.665,0.212,245.747,2.402,,,,,,,,,,,,,,,,,,,,,,,,,3.704,0.037,104.963,1.026,,,,,,,,,,,,,,,,,,,,,,,,,,,,,,,,,,,,84.783,0.454,101.155,0.989,,,,,,,,,,,,,,,,,,,,,,,,,,,,,,,,,,,,,,,
Algeria,1954,DZA,10014393.0,22019013543.0,,,,,,,,,,,,,,,,2.712,0.065,246.318,2.467,,,,,,,,,,,,,,,,,,,,,,,,,5.952,0.061,108.526,1.087,,,,,,,,,,,,,,,,,,,,,,,,,,,,,,,,,,,,-14.118,-0.14,84.777,0.849,,,,,,,,,,,,,,,,,,,,,,,,,,,,,,,,,,,,,,,
Algeria,1955,DZA,10247429.0,22665781899.0,,,,,,,,,,,,,,,,-0.66,-0.016,239.127,2.45,,,,,,,,,,,,,,,,,,,,,,,,,0.0,0.0,106.058,1.087,,,,,,,,,,,,,,,,,,,,,,,,,,,,,,,,,,,,-24.658,-0.209,62.421,0.64,,,,,,,,,,,,,,,,,,,,,,,,,,,,,,,,,,,,,,,
Algeria,1956,DZA,10482183.0,24891403710.0,,,,,,,,,,,,,,,,-1.329,-0.033,230.665,2.418,,,,,,,,,,,,,,,,,,,,,,,,,10.112,0.11,114.168,1.197,,,,,,,,,,,,,,,,,,,,,,,,,,,,,,,,,,,,-38.182,-0.244,37.723,0.395,,,,,,,,,,,,,,,,,,,,,,,,,,,,,,,,,,,,,,,
Algeria,1957,DZA,10717503.0,27721041545.0,,,,,,,,,,,,,,,,-20.539,-0.497,179.265,1.921,,,,,,,,,,,,,,,,,,,,,,,,,3.061,0.037,115.079,1.233,,,,,,,,,,,,,,,,,,,,,,,,,,,,,,,,,,,,-38.235,-0.151,22.788,0.244,,,,,,,,,,,,,,,,,,,,,,,,,,,,,,,,,,,,,,,
Algeria,1958,DZA,10953641.0,28728693964.0,,,,,,,,,,,,,,,,-35.169,-0.676,113.713,1.246,,,,,,,,,,,,,,,,,,,,,,,,,8.911,0.11,122.632,1.343,,,,,,,,,,,,,,,,,,,,,,,,,,,,,,,,,,,,1942.857,4.745,455.49,4.989,,,,,,,,,,,,,,,,,,,,,,,,,,,,,,,,,,,,,,,
Algeria,1959,DZA,11189621.0,33993148027.0,,,,,,,,,,,,,,,,-20.261,-0.252,88.761,0.993,,,,,,,,,,,,,,,,,,,,,,,,,9.091,0.122,130.959,1.465,,,,,,,,,,,,,,,,,,,,,,,,,,,,,,,,,,,,187.179,9.339,1280.487,14.328,,,,,,,,,,,,,,,,,,,,,,,,,,,,,,,,,,,,,,,
Algeria,1960,DZA,11424930.0,36306130250.0,,,,,,,,,,,,,,,,-2.459,-0.024,84.795,0.969,,,,,,,,,,,,,,,,,,,,,,,,,8.333,0.122,138.95,1.587,,,,,,,,,,,,,,,,,,,,,,,,,,,,,,,,,,,,600.649,86.062,8786.938,100.39,,,,,,,,,,,,,,,,,,,,,,,,,,,,,,,,,,,,,,,
Algeria,1961,DZA,11628877.0,31896876515.0,,,,,,,,,,,,,,,,-44.538,-0.431,46.204,0.537,,,,,,,,,,,,,,,,,,,,,,,,,67.692,1.075,228.922,2.662,,,,,,,,,,,,,,,,,,,,,,,,,,,,,,,,,,,,81.383,81.701,15658.512,182.091,,,,,,,,,,,,,,,,,,,,,,,,,,,,,,,,,,,,,,,
Algeria,1962,DZA,11800768.0,25126165785.0,,,,,,,,,,,,,,,,-19.697,-0.106,36.563,0.431,,,,,,,,,,,,,,,,,,,,,,,,,62.385,1.661,366.321,4.323,,,,,,,,,,,,,,,,,,,,,,,,,,,,,,,,,,,,30.977,56.406,20210.246,238.496,,,,,,,,,,,,,,,,,,,,,,,,,,,,,,,,,,,,,,,
Algeria,1963,DZA,11982121.0,31766970005.0,,,,,,,,,,,,,,,,-28.302,-0.122,25.818,0.309,,,,,,,,,,,,,,,,,,,,,,,,,12.712,0.55,406.638,4.872,,,,,,,,,,,,,,,,,,,,,,,,,,,,,,,,,,,,15.263,36.402,22942.375,274.898,,,,,,,,,,,,,,,,,,,,,,,,,,,,,,,,,,,,,,,
Algeria,1964,DZA,12179807.0,33433419329.0,,,,,,,,,,,,,,,,21.053,0.065,30.746,0.374,,,,,,,,,,,,,,,,,,,,,,,,,101.504,4.946,806.092,9.818,,,,,,,,,,,,,,,,,,,,,,,,,,,,,,,,,,,,12.066,33.169,25293.264,308.067,,,,,,,,,,,,,,,,,,,,,,,,,,,,,,,,,,,,,,,
Algeria,1965,DZA,12365979.0,35661973735.0,,,0.0,0.0,,,,0.0,,,,65.834,0.814,,,-2.174,-0.008,29.625,0.366,,3.288,,,,,,,2008.143,0.696,,,,,1912.493,23.65,,95.513,,,7.431,,,600.882,197.886,19.428,2365.081,29.247,,30.009,,,,1.111,32.347,0.4,89.852,,4.487,,,1.111,32.347,0.4,89.852,,4.487,,,,,0.0,0.0,0.0,0.0,,0.0,,,15.405,,,1245.777,-1.32,-4.067,24583.594,304.0,,62.216,0.0,0.0,,,,0.0,,0.0,,,0.0,,24.833,,,1.111,32.347,0.4,89.852,,4.487,,,0.0,0.0,0.0,0.0,,0.0,,,0.0,0.0,0.0,0.0,,0.0
Algeria,1966,DZA,12590068.0,33932634033.0,,0.0,0.0,0.0,,,,0.0,,-2.857,-0.023,62.815,0.791,,,-91.111,-0.334,2.586,0.033,,2.657,,,,,20.134,5.0,2369.529,0.879,21.704,5.133,,,2286.151,28.783,,96.687,3.886,0.289,7.719,,,613.122,20.459,5.984,2798.252,35.23,,25.931,,-11.25,-0.125,0.986,28.197,0.355,78.325,,3.313,-11.25,-0.125,0.986,28.197,0.355,78.325,,3.313,,,,0.0,0.0,0.0,0.0,0.0,,0.0,31.596,4.867,20.273,,,1610.214,28.705,87.262,31077.035,391.262,,68.1,0.0,0.0,,,0.0,0.0,,0.0,,,0.0,,29.833,-11.25,-0.125,0.986,28.197,0.355,78.325,,3.313,,0.0,0.0,0.0,0.0,0.0,,0.0,,0.0,0.0,0.0,0.0,0.0,,0.0
Algeria,1967,DZA,12876115.0,37094770661.0,,0.0,0.0,0.0,,,,0.0,,-23.529,-0.186,46.968,0.605,,,325.0,0.106,10.748,0.138,,2.147,,,,,-5.313,-1.585,2193.783,0.761,-6.072,-1.748,,,2099.627,27.035,,95.958,-2.993,-0.231,7.488,,,581.561,-17.608,-6.203,2254.309,29.027,,26.579,,15.493,0.153,1.139,31.842,0.41,88.45,,4.042,15.493,0.153,1.139,31.842,0.41,88.45,,4.042,,,,0.0,0.0,0.0,0.0,0.0,,0.0,-6.564,-1.331,18.942,,,1471.098,14.87,58.182,34905.262,449.444,,67.232,0.0,0.0,,,0.0,0.0,,0.0,,,0.0,,28.247,15.493,0.153,1.139,31.842,0.41,88.45,,4.042,,0.0,0.0,0.0,0.0,0.0,,0.0,,0.0,0.0,0.0,0.0,0.0,,0.0
Algeria,1968,DZA,13172615.0,41423886061.0,,0.0,0.0,0.0,,,,0.0,,5.769,0.035,48.559,0.64,,,-100.0,-0.138,0.0,0.0,,2.115,,,,,7.426,2.098,2303.642,0.733,6.085,1.645,,,2177.26,28.68,,94.829,5.141,0.385,7.873,,,597.698,43.795,12.712,3168.612,41.739,,26.032,,37.317,0.425,1.564,42.74,0.563,118.723,,5.171,37.317,0.425,1.564,42.74,0.563,118.723,,5.171,,,,0.0,0.0,0.0,0.0,0.0,,0.0,6.469,1.225,20.167,,,1531.002,9.777,43.944,37455.598,493.388,,66.682,0.0,0.0,,,0.0,0.0,,0.0,,,0.0,,30.345,37.317,0.425,1.564,42.74,0.563,118.723,,5.171,,0.0,0.0,0.0,0.0,0.0,,0.0,,0.0,0.0,0.0,0.0,0.0,,0.0
Algeria,1969,DZA,13475959.0,45387458950.0,,0.0,0.0,0.0,,,,0.0,,27.273,0.174,60.411,0.814,,,,0.155,11.478,0.155,,2.432,,,,,10.526,3.194,2488.817,0.739,13.22,3.792,,,2409.604,32.472,,97.004,31.479,2.478,10.352,,,768.16,-15.389,-6.423,2620.642,35.316,,30.924,,-35.879,-0.561,1.003,26.788,0.361,74.412,,2.996,-35.879,-0.561,1.003,26.788,0.361,74.412,,2.996,,,,0.0,0.0,0.0,0.0,0.0,,0.0,5.646,1.139,21.306,,,1581.033,4.743,23.4,38348.906,516.788,,63.648,0.0,0.0,,,0.0,0.0,,0.0,,,0.0,,33.539,-35.879,-0.561,1.003,26.788,0.361,74.412,,2.996,,0.0,0.0,0.0,0.0,0.0,,0.0,,0.0,0.0,0.0,0.0,0.0,,0.0
Algeria,1970,DZA,13783722.0,49945666845.0,,0.0,0.0,0.0,,,,0.0,,18.571,0.151,70.031,0.965,,,-31.579,-0.049,7.678,0.106,,2.633,,,,,9.6,3.22,2666.834,0.736,7.921,2.572,,,2542.408,35.044,,95.605,-5.997,-0.621,9.731,,,705.969,-30.965,-10.936,1768.762,24.38,,26.547,,60.665,0.608,1.611,42.079,0.58,116.885,,4.395,60.665,0.608,1.611,42.079,0.58,116.885,,4.395,,,,0.0,0.0,0.0,0.0,0.0,,0.0,14.277,3.042,24.348,,,1766.408,8.727,45.098,40764.457,561.886,,66.424,0.0,0.0,,,0.0,0.0,,0.0,,,0.0,,36.759,60.665,0.608,1.611,42.079,0.58,116.885,,4.395,,0.0,0.0,0.0,0.0,0.0,,0.0,,0.0,0.0,0.0,0.0,0.0,,0.0
Algeria,1971,DZA,14098937.0,45701215972.0,,0.0,0.0,0.0,,,,0.0,,-72.289,-0.698,18.972,0.267,,,7.692,0.008,8.084,0.114,,0.674,,,,,8.09,2.974,2818.145,0.869,10.596,3.713,,,2748.933,38.757,,97.689,13.551,1.319,11.049,,,783.712,5.409,1.319,1822.744,25.699,,27.851,,-43.103,-0.694,0.917,23.406,0.33,65.017,,2.311,-43.103,-0.694,0.917,23.406,0.33,65.017,,2.311,,,,0.0,0.0,0.0,0.0,0.0,,0.0,12.701,3.092,27.44,,,1946.25,-23.836,-133.929,30353.834,427.957,,69.164,0.0,0.0,,,0.0,0.0,,0.0,,,0.0,,39.733,-43.103,-0.694,0.917,23.406,0.33,65.017,,2.311,,0.0,0.0,0.0,0.0,0.0,,0.0,,0.0,0.0,0.0,0.0,0.0,,0.0
Algeria,1972,DZA,14427075.0,55293908511.0,,0.0,0.0,0.0,,,,0.0,,-13.043,-0.035,16.122,0.233,,,-14.286,-0.016,6.771,0.098,,0.522,,,,,12.37,4.915,3094.726,0.807,11.423,4.427,,,2993.271,43.184,,96.914,16.115,1.781,12.83,,,889.309,26.704,6.863,2256.963,32.561,,28.793,,50.0,0.458,1.375,34.31,0.495,95.307,,3.086,50.0,0.458,1.375,34.31,0.495,95.307,,3.086,,,,0.0,0.0,0.0,0.0,0.0,,0.0,9.772,2.681,30.121,,,2087.839,35.135,150.362,40085.672,578.319,,67.599,0.0,0.0,,,0.0,0.0,,0.0,,,0.0,,44.648,50.0,0.458,1.375,34.31,0.495,95.307,,3.086,,0.0,0.0,0.0,0.0,0.0,,0.0,,0.0,0.0,0.0,0.0,0.0,,0.0
Algeria,1973,DZA,14771150.0,57097847688.0,,0.0,0.0,0.0,,,,0.0,,15.0,0.035,18.109,0.267,,,8.333,0.008,7.165,0.106,,0.504,,,,,19.268,8.603,3605.046,0.933,18.161,7.843,,,3454.506,51.027,,96.067,39.197,5.029,17.859,,,1209.059,32.722,10.655,2925.72,43.216,,33.623,,51.919,0.714,2.089,50.91,0.752,141.417,,3.933,51.919,0.714,2.089,50.91,0.752,141.417,,3.933,,,,0.0,0.0,0.0,0.0,0.0,,0.0,9.226,2.779,32.9,,,2227.338,3.966,22.936,40704.688,601.255,,61.941,0.0,0.0,,,0.0,0.0,,0.0,,,0.0,,53.251,51.919,0.714,2.089,50.91,0.752,141.417,,3.933,,0.0,0.0,0.0,0.0,0.0,,0.0,,0.0,0.0,0.0,0.0,0.0,,0.0
Algeria,1974,DZA,15133508.0,60577884755.0,,0.0,0.0,0.0,,,,0.0,,-17.391,-0.047,14.601,0.221,,,0.0,0.0,6.993,0.106,,0.376,,,,,10.626,5.658,3892.616,0.972,12.566,6.412,,,3795.505,57.439,,97.653,15.764,2.815,20.674,,,1366.141,15.612,6.747,3301.507,49.963,,35.149,,-33.91,-0.708,1.381,32.841,0.497,91.225,,2.347,-33.91,-0.708,1.381,32.841,0.497,91.225,,2.347,,,,0.0,0.0,0.0,0.0,0.0,,0.0,11.074,3.643,36.544,,,2414.763,-7.475,-44.944,36760.195,556.311,,62.128,0.0,0.0,,,0.0,0.0,,0.0,,,0.0,,58.909,-33.91,-0.708,1.381,32.841,0.497,91.225,,2.347,,0.0,0.0,0.0,0.0,0.0,,0.0,,0.0,0.0,0.0,0.0,0.0,,0.0
Algeria,1975,DZA,15678603.0,64883812851.0,,0.0,0.0,0.0,,,,0.0,,26.316,0.058,17.803,0.279,,,-7.692,-0.008,6.231,0.098,,0.397,,,,,19.455,11.461,4488.262,1.085,20.823,11.96,,,4426.401,69.4,,98.704,37.803,7.816,28.49,,,1817.126,23.136,11.56,3924.01,61.523,,40.52,,-34.004,-0.469,0.911,20.92,0.328,58.112,,1.296,-34.004,-0.469,0.911,20.92,0.328,58.112,,1.296,,,,0.0,0.0,0.0,0.0,0.0,,0.0,11.183,4.087,40.631,,,2591.472,-2.154,-11.981,34717.977,544.329,,57.787,0.0,0.0,,,0.0,0.0,,0.0,,,0.0,,70.37,-34.004,-0.469,0.911,20.92,0.328,58.112,,1.296,,0.0,0.0,0.0,0.0,0.0,,0.0,,0.0,0.0,0.0,0.0,0.0,,0.0
Algeria,1976,DZA,16409171.0,69150103648.0,,0.0,0.0,0.0,,,,0.0,,95.833,0.267,33.311,0.547,,,-33.333,-0.033,3.969,0.065,,0.666,,,,,16.673,11.732,5003.428,1.187,16.646,11.552,,,4933.329,80.952,,98.683,18.243,5.198,33.688,,,2052.968,25.954,15.968,4722.413,77.491,,41.066,,18.598,0.169,1.081,23.706,0.389,65.851,,1.317,18.598,0.169,1.081,23.706,0.389,65.851,,1.317,,,,0.0,0.0,0.0,0.0,0.0,,0.0,14.981,6.087,46.718,,,2847.05,11.591,63.096,37017.402,607.425,,56.95,0.0,0.0,,,0.0,0.0,,0.0,,,0.0,,82.102,18.598,0.169,1.081,23.706,0.389,65.851,,1.317,,0.0,0.0,0.0,0.0,0.0,,0.0,,0.0,0.0,0.0,0.0,0.0,,0.0
Algeria,1977,DZA,17015988.0,75438035015.0,,0.0,0.0,0.0,,,,0.0,,29.787,0.163,41.692,0.709,,,-25.0,-0.016,2.871,0.049,,0.787,,,,,9.879,8.11,5301.638,1.196,10.457,8.465,,,5254.892,89.417,,99.171,6.571,2.214,35.901,,,2109.854,-4.291,-3.325,4358.574,74.165,,39.818,,-30.848,-0.333,0.747,15.809,0.269,43.913,,0.829,-30.848,-0.333,0.747,15.809,0.269,43.913,,0.829,,,,0.0,0.0,0.0,0.0,0.0,,0.0,13.033,6.089,52.806,,,3103.346,6.753,41.02,38107.984,648.445,,58.567,0.0,0.0,,,0.0,0.0,,0.0,,,0.0,,90.213,-30.848,-0.333,0.747,15.809,0.269,43.913,,0.829,,0.0,0.0,0.0,0.0,0.0,,0.0,,0.0,0.0,0.0,0.0,0.0,,0.0
Algeria,1978,DZA,17506977.0,85103913585.0,,0.0,0.0,0.0,,,,0.0,,-49.18,-0.349,20.594,0.361,,,-16.667,-0.008,2.325,0.041,,0.318,,,,,25.66,23.149,6475.217,1.332,25.951,23.205,,,6432.991,112.622,,99.387,60.59,21.752,57.654,,,3293.187,55.084,40.853,6569.881,115.019,,50.878,,-7.063,-0.053,0.694,14.28,0.25,39.667,,0.613,-7.063,-0.053,0.694,14.28,0.25,39.667,,0.613,,,,0.0,0.0,0.0,0.0,0.0,,0.0,3.411,1.801,54.608,,,3119.21,2.115,13.713,37822.527,662.158,,48.191,0.0,0.0,,,0.0,0.0,,0.0,,,0.0,,113.361,-7.063,-0.053,0.694,14.28,0.25,39.667,,0.613,,0.0,0.0,0.0,0.0,0.0,,0.0,,0.0,0.0,0.0,0.0,0.0,,0.0
Algeria,1979,DZA,18036655.0,92753892187.0,,0.0,0.0,0.0,,,,0.0,,132.258,0.477,46.425,0.837,,,0.0,0.0,2.257,0.041,,0.564,,,,,31.032,35.179,8235.463,1.601,31.128,35.058,,,8187.756,147.68,,99.456,41.402,23.87,81.524,,,4519.893,63.916,73.516,10452.854,188.535,,54.903,,16.4,0.114,0.808,16.134,0.291,44.816,,0.544,16.4,0.114,0.808,16.134,0.291,44.816,,0.544,,,,0.0,0.0,0.0,0.0,0.0,,0.0,19.614,10.711,65.319,,,3621.438,2.022,13.387,37454.016,675.545,,43.989,0.0,0.0,,,0.0,0.0,,0.0,,,0.0,,148.54,16.4,0.114,0.808,16.134,0.291,44.816,,0.544,,0.0,0.0,0.0,0.0,0.0,,0.0,,0.0,0.0,0.0,0.0,0.0,,0.0
Algeria,1980,DZA,18607175.0,94481648187.0,,0.0,0.0,0.0,,,,0.0,,-11.111,-0.093,40.002,0.744,,,35.693,0.015,2.968,0.055,,0.42,,,,,19.256,28.603,9520.142,1.875,19.436,28.703,,,9479.301,176.383,,99.597,34.238,27.912,109.436,,,5881.4,-18.266,-34.437,8281.616,154.097,,61.795,,-11.684,-0.094,0.714,13.812,0.257,38.366,,0.403,-11.684,-0.094,0.714,13.812,0.257,38.366,,0.403,,,,0.0,0.0,0.0,0.0,0.0,,0.0,1.353,0.884,66.202,,,3557.898,-11.266,-76.106,32215.461,599.439,,37.382,0.0,0.0,,,0.0,0.0,,0.0,,,0.0,,177.143,-11.684,-0.094,0.714,13.812,0.257,38.366,,0.403,,0.0,0.0,0.0,0.0,0.0,,0.0,,0.0,0.0,0.0,0.0,0.0,,0.0
Algeria,1981,DZA,19220708.0,96860512464.0,,0.0,0.0,0.0,,,,0.0,,-29.687,-0.221,27.228,0.523,,,0.0,0.0,2.874,0.055,,0.243,,,,,21.476,38.043,11195.538,2.222,21.386,37.721,,,11139.231,214.104,,99.527,29.991,32.821,142.257,,,7401.262,15.932,24.551,9294.581,178.648,,66.129,,42.412,0.303,1.017,19.042,0.366,52.894,,0.473,42.412,0.303,1.017,19.042,0.366,52.894,,0.473,,,,0.0,0.0,0.0,0.0,0.0,,0.0,7.735,5.121,71.323,,,3710.741,-10.895,-65.311,27789.162,534.127,,33.155,0.0,0.0,,,0.0,0.0,,0.0,,,0.0,,215.186,42.412,0.303,1.017,19.042,0.366,52.894,,0.473,,0.0,0.0,0.0,0.0,0.0,,0.0,,0.0,0.0,0.0,0.0,0.0,,0.0
Algeria,1982,DZA,19872353.0,103073663847.0,,0.0,0.0,0.0,,,,0.0,,1755.555,9.188,488.671,9.711,,,0.0,0.0,2.779,0.055,,3.915,,,,,15.301,32.926,12485.292,2.407,15.222,32.592,,,12414.017,246.696,,99.464,13.464,19.154,161.411,,,8122.403,30.48,54.452,11729.868,233.1,,65.078,,30.874,0.314,1.331,24.104,0.479,66.955,,0.536,30.874,0.314,1.331,24.104,0.479,66.955,,0.536,,,,0.0,0.0,0.0,0.0,0.0,,0.0,5.959,4.25,75.573,,,3802.943,-0.514,-2.745,26739.807,531.383,,30.47,0.0,0.0,,,0.0,0.0,,0.0,,,0.0,,248.112,30.874,0.314,1.331,24.104,0.479,66.955,,0.536,,0.0,0.0,0.0,0.0,0.0,,0.0,,0.0,0.0,0.0,0.0,0.0,,0.0
Algeria,1983,DZA,20558120.0,108430390837.0,,0.0,0.0,0.0,,,,0.0,,-10.778,-1.047,421.456,8.664,,,0.0,0.0,2.687,0.055,,3.198,,,,,9.211,22.855,13180.519,2.499,9.557,23.576,,,13146.717,270.272,,99.759,9.481,15.304,176.715,,,8595.874,43.197,100.693,16236.535,333.793,,65.227,,-50.939,-0.678,0.653,11.431,0.235,31.753,,0.241,-50.939,-0.678,0.653,11.431,0.235,31.753,,0.241,,,,0.0,0.0,0.0,0.0,0.0,,0.0,12.331,9.319,84.892,,,4129.386,-1.614,-8.575,25430.744,522.808,,31.334,0.0,0.0,,,0.0,0.0,,0.0,,,0.0,,270.967,-50.939,-0.678,0.653,11.431,0.235,31.753,,0.241,,0.0,0.0,0.0,0.0,0.0,,0.0,,0.0,0.0,0.0,0.0,0.0,,0.0
Algeria,1984,DZA,21271969.0,114406671796.0,,0.0,0.0,0.0,,,,0.0,,10.872,0.942,451.598,9.606,,,0.0,0.0,2.597,0.055,,3.693,,,,,-3.975,-10.77,12231.881,2.274,-4.222,-11.412,,,12169.049,258.86,,99.517,-12.146,-21.464,155.251,,,7298.396,1.787,5.966,15972.138,339.759,,59.686,,92.34,0.603,1.256,21.249,0.452,59.024,,0.483,92.34,0.603,1.256,21.249,0.452,59.024,,0.483,,,,0.0,0.0,0.0,0.0,0.0,,0.0,10.731,9.11,94.002,,,4419.055,8.526,44.572,26672.695,567.381,,36.139,0.0,0.0,,,0.0,0.0,,0.0,,,0.0,,260.196,92.34,0.603,1.256,21.249,0.452,59.024,,0.483,,0.0,0.0,0.0,0.0,0.0,,0.0,,0.0,0.0,0.0,0.0,0.0,,0.0
Algeria,1985,DZA,22008542.0,120364208777.0,,0.0,0.0,0.0,,,,0.0,,4.358,0.419,455.508,10.025,,,14.286,0.008,2.868,0.063,,3.824,,,12.274,4.702,0.807,2.1,11917.944,2.179,0.59,1.527,,,11831.149,260.386,,99.316,-0.93,-1.444,153.807,,,6988.536,9.896,33.622,16965.283,373.381,,58.665,,42.92,0.539,1.794,29.352,0.646,81.534,5.263,0.684,42.92,0.539,1.794,29.352,0.646,81.534,5.263,0.684,,,,0.0,0.0,0.0,0.0,0.0,0.0,0.0,2.715,2.552,96.554,,,4387.106,-3.536,-20.061,24868.51,547.32,,36.827,0.0,0.0,,,0.0,0.0,,0.0,0.0,,0.0,557.693,262.297,42.92,0.539,1.794,29.352,0.646,81.534,5.263,0.684,,0.0,0.0,0.0,0.0,0.0,0.0,0.0,,0.0,0.0,0.0,0.0,0.0,0.0,0.0
Algeria,1986,DZA,22745501.0,119145030269.0,,0.0,0.0,0.0,,,,0.0,,2.668,0.267,452.509,10.293,,,12.5,0.008,3.122,0.071,,3.71,,,12.981,4.686,5.793,15.194,12199.799,2.329,6.285,16.365,,,12167.299,276.751,,99.75,9.512,14.63,168.438,,,7405.311,2.28,8.513,16789.883,381.894,,60.71,,-61.3,-1.1,0.694,10.991,0.25,30.531,1.926,0.25,-61.3,-1.1,0.694,10.991,0.25,30.531,1.926,0.25,,,,0.0,0.0,0.0,0.0,0.0,0.0,0.0,1.52,1.467,98.021,,,4309.479,3.014,16.494,24787.92,563.814,,35.33,0.0,0.0,,,0.0,0.0,,0.0,0.0,,0.0,570.706,277.491,-61.3,-1.1,0.694,10.991,0.25,30.531,1.926,0.25,,0.0,0.0,0.0,0.0,0.0,0.0,0.0,,0.0,0.0,0.0,0.0,0.0,0.0,0.0
Algeria,1987,DZA,23443627.0,118321211437.0,,0.0,0.0,0.0,,,,0.0,,19.548,2.012,524.857,12.305,,,-11.111,-0.008,2.693,0.063,,4.316,,,12.722,4.477,2.767,7.678,12163.992,2.41,2.508,6.941,,,12101.053,283.693,,99.514,2.286,3.85,172.288,,,7349.012,12.86,49.113,18384.861,431.008,,60.435,,99.6,0.692,1.386,21.285,0.499,59.125,3.922,0.486,99.6,0.692,1.386,21.285,0.499,59.125,3.922,0.486,,,,0.0,0.0,0.0,0.0,0.0,0.0,0.0,1.101,1.079,99.101,,,4227.184,3.545,19.986,24902.287,583.8,,34.763,0.0,0.0,,,0.0,0.0,,0.0,0.0,,0.0,542.663,285.168,99.6,0.692,1.386,21.285,0.499,59.125,3.922,0.486,,0.0,0.0,0.0,0.0,0.0,0.0,0.0,,0.0,0.0,0.0,0.0,0.0,0.0,0.0
Algeria,1988,DZA,24109538.0,115821713281.0,,0.0,0.0,0.0,,,,0.0,,-5.955,-0.733,479.97,11.572,,,25.0,0.016,3.273,0.079,,3.789,,,13.966,4.578,7.102,20.254,12668.091,2.637,7.469,21.188,,,12645.646,304.881,,99.834,12.682,21.849,194.136,,,8052.259,4.541,19.573,18688.914,450.581,,63.57,,-63.327,-0.878,0.508,7.59,0.183,21.084,1.31,0.166,-63.327,-0.878,0.508,7.59,0.183,21.084,1.31,0.166,,,,0.0,0.0,0.0,0.0,0.0,0.0,0.0,0.073,0.072,99.173,,,4113.417,4.736,27.65,25361.348,611.45,,32.474,0.0,0.0,,,0.0,0.0,,0.0,0.0,,0.0,579.273,305.422,-63.327,-0.878,0.508,7.59,0.183,21.084,1.31,0.166,,0.0,0.0,0.0,0.0,0.0,0.0,0.0,,0.0,0.0,0.0,0.0,0.0,0.0,0.0
Algeria,1989,DZA,24754488.0,119762433617.0,,0.0,0.0,0.0,,,,0.0,,-15.477,-1.791,395.113,9.781,,,50.0,0.039,4.781,0.118,,3.293,,,15.324,5.166,-2.735,-8.354,12000.583,2.48,-2.782,-8.481,,,11973.587,296.4,,99.789,-5.9,-11.454,182.683,,,7379.773,7.823,35.251,19626.002,485.832,,61.504,,23.497,0.119,0.628,9.13,0.226,25.36,1.475,0.211,23.497,0.119,0.628,9.13,0.226,25.36,1.475,0.211,,,,0.0,0.0,0.0,0.0,0.0,0.0,0.0,4.804,4.764,103.937,,,4198.7,3.632,22.208,25597.721,633.658,,34.992,0.0,0.0,,,0.0,0.0,,0.0,0.0,,0.0,619.039,297.068,23.497,0.119,0.628,9.13,0.226,25.36,1.475,0.211,,0.0,0.0,0.0,0.0,0.0,0.0,0.0,,0.0,0.0,0.0,0.0,0.0,0.0,0.0
Algeria,1990,DZA,25375815.0,117843179781.0,,0.0,0.0,0.0,,,,0.0,,-21.641,-2.117,302.027,7.664,,,-33.333,-0.039,3.109,0.079,,2.433,,,16.104,5.117,6.027,17.905,12412.359,2.673,6.132,18.175,,,12396.628,314.575,,99.881,6.797,12.416,195.099,,,7688.374,6.327,30.738,20356.773,516.57,,61.946,,-40.265,-0.253,0.375,5.32,0.135,14.778,0.838,0.119,-40.265,-0.253,0.375,5.32,0.135,14.778,0.838,0.119,,,,0.0,0.0,0.0,0.0,0.0,0.0,0.0,7.577,7.875,111.812,,,4406.228,7.104,45.016,26744.93,678.674,,35.501,0.0,0.0,,,0.0,0.0,,0.0,0.0,,0.0,634.62,314.974,-40.265,-0.253,0.375,5.32,0.135,14.778,0.838,0.119,,0.0,0.0,0.0,0.0,0.0,0.0,0.0,,0.0,0.0,0.0,0.0,0.0,0.0,0.0
Algeria,1991,DZA,25987937.0,121105141795.0,,0.0,0.0,0.0,,,,0.0,,3.187,0.244,304.31,7.908,,,50.0,0.039,4.554,0.118,,2.534,,,17.345,5.568,-0.914,-2.879,12009.229,2.577,-1.064,-3.346,,,11975.89,311.229,,99.739,-1.233,-2.406,192.692,,,7414.69,7.833,40.461,21434.195,557.031,,61.752,,117.037,0.439,0.814,11.274,0.293,31.318,1.689,0.261,117.037,0.439,0.814,11.274,0.293,31.318,1.689,0.261,,,,0.0,0.0,0.0,0.0,0.0,0.0,0.0,-1.059,-1.184,110.628,,,4256.89,0.58,3.934,26266.344,682.608,,35.453,0.0,0.0,,,0.0,0.0,,0.0,0.0,,0.0,667.425,312.095,117.037,0.439,0.814,11.274,0.293,31.318,1.689,0.261,,0.0,0.0,0.0,0.0,0.0,0.0,0.0,,0.0,0.0,0.0,0.0,0.0,0.0,0.0
Algeria,1992,DZA,26628570.0,127982696018.0,,0.0,0.0,0.0,,,,0.0,,18.824,1.489,352.893,9.397,,,0.0,0.0,4.445,0.118,,2.935,,,18.286,5.717,2.606,8.132,12025.688,2.502,2.702,8.41,,,12003.59,319.638,,99.827,3.247,6.256,198.949,,,7471.251,4.126,22.981,21781.543,580.011,,62.134,,-32.082,-0.261,0.553,7.473,0.199,20.759,1.088,0.173,-32.082,-0.261,0.553,7.473,0.199,20.759,1.088,0.173,,,,0.0,0.0,0.0,0.0,0.0,0.0,0.0,0.601,0.665,111.293,,,4179.445,-3.735,-25.497,24676.932,657.111,,34.758,0.0,0.0,,,0.0,0.0,,0.0,0.0,,0.0,686.706,320.227,-32.082,-0.261,0.553,7.473,0.199,20.759,1.088,0.173,,0.0,0.0,0.0,0.0,0.0,0.0,0.0,,0.0,0.0,0.0,0.0,0.0,0.0,0.0
Algeria,1993,DZA,27277042.0,130275774703.0,,0.0,0.0,0.0,,,,0.0,,-18.564,-1.744,280.549,7.653,,,33.333,0.039,5.785,0.158,,2.569,,,19.414,6.53,-6.943,-22.232,10924.754,2.287,-7.098,-22.687,,,10886.487,296.951,,99.671,-10.256,-20.405,178.544,,,6545.568,1.285,7.455,21537.02,587.466,,59.928,,77.387,0.428,0.981,12.941,0.353,35.948,1.818,0.329,77.387,0.428,0.981,12.941,0.353,35.948,1.818,0.329,,,,0.0,0.0,0.0,0.0,0.0,0.0,0.0,-0.483,-0.538,110.755,,,4060.37,-0.315,-2.072,24014.295,655.039,,37.175,0.0,0.0,,,0.0,0.0,,0.0,0.0,,0.0,711.734,297.995,77.387,0.428,0.981,12.941,0.353,35.948,1.818,0.329,,0.0,0.0,0.0,0.0,0.0,0.0,0.0,,0.0,0.0,0.0,0.0,0.0,0.0,0.0
Algeria,1994,DZA,27887277.0,134279859768.0,,0.0,0.0,0.0,,,,0.0,,-5.775,-0.442,258.562,7.211,,,0.0,0.0,5.659,0.158,,2.388,,,19.883,6.593,1.318,3.926,10826.482,2.248,1.508,4.479,,,10808.881,301.43,,99.847,5.391,9.625,188.169,,,6747.477,-8.061,-47.357,19367.572,540.109,,62.33,,-52.975,-0.519,0.461,5.953,0.166,16.535,0.835,0.153,-52.975,-0.519,0.461,5.953,0.166,16.535,0.835,0.153,,,,0.0,0.0,0.0,0.0,0.0,0.0,0.0,-4.247,-4.704,106.051,,,3802.842,-0.447,-2.93,23383.734,652.109,,35.129,0.0,0.0,,,0.0,0.0,,0.0,0.0,,0.0,712.977,301.921,-52.975,-0.519,0.461,5.953,0.166,16.535,0.835,0.153,,0.0,0.0,0.0,0.0,0.0,0.0,0.0,,0.0,0.0,0.0,0.0,0.0,0.0,0.0
Algeria,1995,DZA,28470194.0,145054664533.0,,0.0,0.0,0.0,,,,0.0,,0.0,0.0,253.268,7.211,,,13.59,0.021,6.296,0.179,,2.303,,,19.715,6.303,3.717,11.224,10999.042,2.159,3.697,11.144,,,10978.996,312.574,,99.829,7.468,14.053,202.221,,,7102.911,13.85,74.804,21598.482,614.913,,64.585,,16.265,0.075,0.536,6.779,0.193,18.831,0.979,0.171,16.265,0.075,0.536,6.779,0.193,18.831,0.979,0.171,,,,0.0,0.0,0.0,0.0,0.0,0.0,0.0,-2.743,-2.909,103.142,,,3622.816,-0.464,-3.024,22798.75,649.085,,32.941,0.0,0.0,,,0.0,0.0,,0.0,0.0,,0.0,692.479,313.145,16.265,0.075,0.536,6.779,0.193,18.831,0.979,0.171,,0.0,0.0,0.0,0.0,0.0,0.0,0.0,,0.0,0.0,0.0,0.0,0.0,0.0,0.0
Algeria,1996,DZA,29033045.0,156579113896.0,,0.0,0.0,0.0,,,,0.0,,-52.903,-3.815,116.969,3.396,,,-45.455,-0.081,3.368,0.098,,1.096,,,20.654,6.67,-1.028,-3.22,10674.896,1.979,-0.975,-3.049,,,10661.146,309.526,,99.879,2.713,5.486,207.708,,,7154.176,6.115,37.6,22474.83,652.513,,67.024,,-30.052,-0.161,0.375,4.65,0.135,12.916,0.654,0.121,-30.052,-0.161,0.375,4.65,0.135,12.916,0.654,0.121,,,,0.0,0.0,0.0,0.0,0.0,0.0,0.0,-4.576,-4.72,98.422,,,3390.002,5.736,37.228,23639.039,686.313,,31.759,0.0,0.0,,,0.0,0.0,,0.0,0.0,,0.0,711.396,309.925,-30.052,-0.161,0.375,4.65,0.135,12.916,0.654,0.121,,0.0,0.0,0.0,0.0,0.0,0.0,0.0,,0.0,0.0,0.0,0.0,0.0,0.0,0.0
Algeria,1997,DZA,29579299.0,164644463404.0,,0.0,0.0,0.0,,,,0.0,,75.342,2.559,201.308,5.955,,,-15.442,-0.015,2.795,0.083,,1.999,,,21.497,7.221,-3.893,-12.065,10069.873,1.809,-3.841,-11.888,,,10062.375,297.638,,99.93,-6.58,-13.667,194.04,,,6559.994,14.724,96.075,25307.842,748.588,,65.148,,-44.444,-0.167,0.208,2.536,0.075,7.043,0.349,0.07,-44.444,-0.167,0.208,2.536,0.075,7.043,0.349,0.07,,,,0.0,0.0,0.0,0.0,0.0,0.0,0.0,-0.791,-0.779,97.643,,,3301.073,4.329,29.711,24206.945,716.024,,32.783,0.0,0.0,,,0.0,0.0,,0.0,0.0,,0.0,726.758,297.86,-44.444,-0.167,0.208,2.536,0.075,7.043,0.349,0.07,,0.0,0.0,0.0,0.0,0.0,0.0,0.0,,0.0,0.0,0.0,0.0,0.0,0.0,0.0
Algeria,1998,DZA,30054135.0,179962887740.0,,0.0,0.0,0.0,,,,0.0,,7.031,0.419,212.059,6.373,,,-27.273,-0.023,2.001,0.06,,2.067,,,23.262,7.554,3.522,10.489,10259.786,1.713,3.385,10.075,,,10238.633,307.713,,99.806,3.423,6.641,200.681,,,6677.326,7.084,53.033,26672.57,801.621,,65.091,,186.667,0.389,0.597,7.154,0.215,19.872,0.924,0.194,186.667,0.389,0.597,7.154,0.215,19.872,0.924,0.194,,,,0.0,0.0,0.0,0.0,0.0,0.0,0.0,3.088,3.015,100.659,,,3349.248,-0.294,-2.108,23754.359,713.917,,32.649,0.0,0.0,,,0.0,0.0,,0.0,0.0,,0.0,774.003,308.349,186.667,0.389,0.597,7.154,0.215,19.872,0.924,0.194,,0.0,0.0,0.0,0.0,0.0,0.0,0.0,,0.0,0.0,0.0,0.0,0.0,0.0,0.0
Algeria,1999,DZA,30474360.0,193179776879.0,,0.0,0.0,0.0,,,,0.0,,7.117,0.454,224.018,6.827,,,-37.5,-0.023,1.233,0.038,,2.192,,,24.757,7.96,1.001,3.085,10219.548,1.612,1.014,3.121,,,10199.851,310.834,,99.819,2.206,4.427,205.109,,,6730.535,12.406,99.448,29568.105,901.069,,65.867,,-5.581,-0.033,0.564,6.661,0.203,18.504,0.82,0.181,-5.581,-0.033,0.564,6.661,0.203,18.504,0.82,0.181,,,,0.0,0.0,0.0,0.0,0.0,0.0,0.0,-1.749,-1.76,98.898,,,3245.297,-4.655,-33.231,22336.35,680.686,,31.759,0.0,0.0,,,0.0,0.0,,0.0,0.0,,0.0,812.388,311.434,-5.581,-0.033,0.564,6.661,0.203,18.504,0.82,0.181,,0.0,0.0,0.0,0.0,0.0,0.0,0.0,,0.0,0.0,0.0,0.0,0.0,0.0,0.0
Algeria,2000,DZA,30903894.0,208554150552.0,,0.0,0.0,0.0,0.0,0.0,0.0,0.0,638.58,-17.376,-1.186,182.519,5.641,0.0,0.0,-100.0,-0.038,0.0,0.0,0.0,1.881,25.33,819.638,25.4,8.471,-3.689,-11.489,9705.756,1.438,-3.554,-11.048,820.285,25.35,9700.589,299.786,99.803,99.95,-6.872,-14.096,191.013,795.369,24.58,6180.87,1.977,17.817,29733.676,918.886,96.772,63.685,16.22,-73.399,-0.414,0.15,1.618,0.05,4.854,0.197,0.05,-73.399,-0.414,0.15,1.618,0.05,4.854,0.197,0.05,-0.07,-0.276,,0.0,0.0,0.0,0.0,0.0,0.0,0.0,4.281,4.234,103.132,24.916,0.77,3337.2,14.11,96.047,25133.818,776.733,3.031,34.385,0.0,0.0,0.0,,0.0,0.0,0.0,0.0,0.0,0.0,0.0,821.903,299.946,-73.399,-0.414,0.15,1.618,0.05,4.854,0.197,0.05,,0.0,0.0,0.0,0.0,0.0,0.0,0.0,,0.0,0.0,0.0,0.0,0.0,0.0,0.0
Algeria,2001,DZA,31331226.0,223420294027.0,,0.0,0.0,0.0,0.0,0.0,0.0,0.0,638.24,15.464,0.872,207.869,6.513,0.0,0.0,,0.0,0.0,0.0,0.0,2.095,26.57,848.036,26.62,8.568,3.623,10.867,9920.229,1.391,3.611,10.824,847.397,26.55,9913.76,310.61,99.737,99.939,3.303,6.309,197.322,822.821,25.78,6297.938,-5.894,-54.161,27599.475,864.725,96.844,63.488,16.99,27.778,0.041,0.191,2.234,0.07,6.084,0.263,0.061,27.778,0.041,0.191,2.234,0.07,6.084,0.263,0.061,-0.05,-0.188,,0.0,0.0,0.0,0.0,0.0,0.0,0.0,3.532,3.643,106.775,24.576,0.77,3407.952,-1.551,-12.049,24406.455,764.684,2.893,34.355,0.0,0.0,0.0,,0.0,0.0,0.0,0.0,0.0,0.0,0.0,849.632,310.813,27.778,0.041,0.191,2.234,0.07,6.084,0.263,0.061,,0.0,0.0,0.0,0.0,0.0,0.0,0.0,,0.0,0.0,0.0,0.0,0.0,0.0,0.0
Algeria,2002,DZA,31750832.0,245360923720.0,,0.0,0.0,0.0,0.0,0.0,0.0,0.0,637.98,31.25,2.035,269.223,8.548,0.0,0.0,,0.0,0.0,0.0,0.0,2.655,27.63,870.213,27.65,8.591,3.583,11.138,10139.907,1.312,3.597,11.174,868.954,27.59,10134.669,321.784,99.783,99.951,-1.258,-2.483,194.839,850.056,26.99,6136.497,2.855,24.69,28012.365,889.416,97.613,60.52,17.64,-17.391,-0.034,0.156,1.89,0.06,4.918,0.217,0.049,-17.391,-0.034,0.156,1.89,0.06,4.918,0.217,0.049,-0.02,-0.072,,0.0,0.0,0.0,0.0,0.0,0.0,0.0,10.884,11.622,118.397,18.897,0.6,3728.949,7.822,59.813,25967.734,824.497,2.17,36.776,0.0,0.0,0.0,,0.0,0.0,0.0,0.0,0.0,0.0,0.0,870.843,321.951,-17.391,-0.034,0.156,1.89,0.06,4.918,0.217,0.049,,0.0,0.0,0.0,0.0,0.0,0.0,0.0,,0.0,0.0,0.0,0.0,0.0,0.0,0.0
Algeria,2003,DZA,32175813.0,273568638765.0,,0.0,0.0,0.0,0.0,0.0,0.0,0.0,634.09,-17.551,-1.5,219.04,7.048,0.0,0.0,,0.0,0.0,0.0,0.0,2.092,29.58,919.324,29.57,8.79,4.65,14.972,10471.285,1.232,4.466,14.369,910.933,29.31,10447.399,336.154,99.121,99.786,5.693,11.093,205.932,889.488,28.62,6400.202,5.527,49.16,29170.23,938.576,96.787,61.13,18.75,364.912,0.566,0.722,8.081,0.26,22.441,0.879,0.214,364.912,0.566,0.722,8.081,0.26,22.441,0.879,0.214,0.01,0.034,,0.0,0.0,0.0,0.0,0.0,0.0,0.0,4.035,4.777,123.174,21.445,0.69,3828.159,11.441,94.331,28556.484,918.828,2.333,36.564,0.0,0.0,0.0,,0.0,0.0,0.0,0.0,0.0,0.0,0.0,919.013,336.922,364.912,0.566,0.722,8.081,0.26,22.441,0.879,0.214,,0.0,0.0,0.0,0.0,0.0,0.0,0.0,,0.0,0.0,0.0,0.0,0.0,0.0,0.0
Algeria,2004,DZA,32628286.0,296773569597.0,,0.0,0.0,0.0,0.0,0.0,0.0,0.0,634.56,19.307,1.361,257.706,8.408,0.0,0.0,,0.0,0.0,0.0,0.0,2.404,31.26,958.064,31.25,8.946,3.816,12.856,10720.079,1.179,3.838,12.901,950.096,31.0,10697.911,349.055,99.2,99.806,2.898,5.967,211.899,928.949,30.31,6494.34,-1.921,-18.026,28213.23,920.549,96.992,60.589,19.83,-5.283,-0.042,0.68,7.662,0.25,20.847,0.8,0.194,-5.283,-0.042,0.68,7.662,0.25,20.847,0.8,0.194,0.01,0.032,,0.0,0.0,0.0,0.0,0.0,0.0,0.0,4.524,5.573,128.747,21.147,0.69,3945.865,5.754,52.87,29780.854,971.698,2.208,36.813,0.0,0.0,0.0,,0.0,0.0,0.0,0.0,0.0,0.0,0.0,957.758,349.778,-5.283,-0.042,0.68,7.662,0.25,20.847,0.8,0.194,,0.0,0.0,0.0,0.0,0.0,0.0,0.0,,0.0,0.0,0.0,0.0,0.0,0.0,0.0
Algeria,2005,DZA,33109258.0,326854481030.0,,0.0,0.0,0.0,0.0,0.0,0.0,0.0,629.31,-17.842,-1.5,208.649,6.908,0.0,0.0,,0.0,0.0,0.0,0.0,1.887,33.99,1026.601,33.91,9.285,4.715,16.494,11062.512,1.121,4.477,15.627,1007.573,33.36,11014.486,364.681,98.378,99.592,5.503,11.661,223.56,985.827,32.64,6752.186,-7.76,-71.432,25645.924,849.117,96.255,61.053,21.34,121.235,0.813,1.493,16.612,0.55,45.085,1.622,0.408,121.235,0.813,1.493,16.612,0.55,45.085,1.622,0.408,0.08,0.235,,0.0,0.0,0.0,0.0,0.0,0.0,0.0,4.246,5.467,134.213,21.746,0.72,4053.651,3.455,33.572,30362.205,1005.27,2.123,36.653,0.0,0.0,0.0,,0.0,0.0,0.0,0.0,0.0,0.0,0.0,1024.185,366.272,121.235,0.813,1.493,16.612,0.55,45.085,1.622,0.408,,0.0,0.0,0.0,0.0,0.0,0.0,0.0,,0.0,0.0,0.0,0.0,0.0,0.0,0.0
Algeria,2006,DZA,33623505.0,345705309468.0,,0.0,0.0,0.0,0.0,0.0,0.0,0.0,635.82,48.485,3.349,305.074,10.258,0.0,0.0,,0.0,0.0,0.0,0.0,2.705,35.31,1050.158,35.23,9.3,3.535,12.949,11278.422,1.097,3.817,13.919,1041.236,35.01,11260.006,378.601,99.376,99.847,2.209,4.938,228.497,1018.93,34.26,6795.767,-4.254,-36.123,24179.363,812.995,97.247,60.261,22.4,-60.814,-0.911,0.582,6.543,0.22,17.304,0.624,0.153,-60.814,-0.911,0.582,6.543,0.22,17.304,0.624,0.153,0.08,0.227,,0.0,0.0,0.0,0.0,0.0,0.0,0.0,4.197,5.632,139.846,22.306,0.75,4159.166,-0.273,-2.741,29816.324,1002.529,2.129,36.881,0.0,0.0,0.0,,0.0,0.0,0.0,0.0,0.0,0.0,0.0,1047.779,379.22,-60.814,-0.911,0.582,6.543,0.22,17.304,0.624,0.153,,0.0,0.0,0.0,0.0,0.0,0.0,0.0,,0.0,0.0,0.0,0.0,0.0,0.0,0.0
Algeria,2007,DZA,34189420.0,371665260161.0,,0.0,0.0,0.0,0.0,0.0,0.0,0.0,635.92,-14.172,-1.454,257.504,8.804,0.0,0.0,,0.0,0.0,0.0,0.0,2.203,37.2,1088.056,37.19,9.316,5.385,20.42,11688.989,1.075,5.388,20.4,1081.329,36.97,11670.299,399.001,99.408,99.85,2.324,5.309,233.807,1058.222,36.18,6838.572,0.426,3.465,23880.482,816.46,97.284,58.51,23.65,3.86,0.019,0.601,6.435,0.22,17.58,0.592,0.15,3.86,0.019,0.601,6.435,0.22,17.58,0.592,0.15,0.01,0.027,,0.0,0.0,0.0,0.0,0.0,0.0,0.0,11.83,16.544,156.39,23.107,0.79,4574.222,0.325,3.256,29418.039,1005.786,2.124,39.136,0.0,0.0,0.0,,0.0,0.0,0.0,0.0,0.0,0.0,0.0,1087.763,399.64,3.86,0.019,0.601,6.435,0.22,17.58,0.592,0.15,,0.0,0.0,0.0,0.0,0.0,0.0,0.0,,0.0,0.0,0.0,0.0,0.0,0.0,0.0
Algeria,2008,DZA,34816963.0,395658515586.0,,0.0,0.0,0.0,0.0,0.0,0.0,0.0,635.35,0.0,0.0,252.863,8.804,0.0,0.0,,0.0,0.0,0.0,0.0,2.079,40.18,1154.035,40.23,9.51,5.985,23.917,12165.246,1.071,5.955,23.761,1147.429,39.95,12142.406,422.762,99.304,99.824,4.378,10.235,244.042,1124.739,39.16,7009.281,1.169,9.548,23724.295,826.008,97.34,57.624,25.56,25.221,0.146,0.747,8.042,0.28,21.446,0.696,0.176,25.221,0.146,0.747,8.042,0.28,21.446,0.696,0.176,-0.05,-0.124,,0.0,0.0,0.0,0.0,0.0,0.0,0.0,8.649,13.526,169.916,22.69,0.79,4880.262,-1.99,-20.015,28312.938,985.771,1.964,40.121,0.0,0.0,0.0,,0.0,0.0,0.0,0.0,0.0,0.0,0.0,1155.471,423.557,25.221,0.146,0.747,8.042,0.28,21.446,0.696,0.176,,0.0,0.0,0.0,0.0,0.0,0.0,0.0,,0.0,0.0,0.0,0.0,0.0,0.0,0.0
Algeria,2009,DZA,35490442.0,418247711085.0,,0.0,0.0,0.0,0.0,0.0,0.0,0.0,634.55,-35.799,-3.152,159.259,5.652,0.0,0.0,,0.0,0.0,0.0,0.0,1.259,38.47,1083.954,38.5,8.59,5.974,25.302,12647.33,1.073,5.947,25.143,1076.346,38.2,12620.418,447.904,99.221,99.8,7.407,18.076,262.118,1059.158,37.59,7385.583,-7.305,-60.339,21573.943,765.669,97.636,58.404,24.43,20.848,0.151,0.898,8.453,0.3,25.292,0.779,0.2,20.848,0.151,0.898,8.453,0.3,25.292,0.779,0.2,-0.03,-0.078,,0.0,0.0,0.0,0.0,0.0,0.0,0.0,6.014,10.219,180.134,17.188,0.61,5075.576,-8.88,-87.539,25309.109,898.231,1.584,40.137,0.0,0.0,0.0,,0.0,0.0,0.0,0.0,0.0,0.0,0.0,1084.799,448.859,20.848,0.151,0.898,8.453,0.3,25.292,0.779,0.2,,0.0,0.0,0.0,0.0,0.0,0.0,0.0,,0.0,0.0,0.0,0.0,0.0,0.0,0.0
Algeria,2010,DZA,36188237.0,450705801593.0,,0.0,0.0,0.0,0.0,0.0,0.0,0.0,637.0,-36.214,-2.047,99.626,3.605,0.0,0.0,,0.0,0.0,0.0,0.0,0.821,45.66,1261.736,45.73,10.425,-2.198,-9.864,12130.873,0.974,-2.102,-9.415,1258.973,45.56,12116.906,438.489,99.628,99.892,-3.375,-8.845,253.272,1232.445,44.6,6998.746,1.084,8.297,21387.213,773.966,97.529,57.698,29.13,-49.415,-0.447,0.451,4.698,0.17,12.449,0.372,0.103,-46.754,-0.423,0.474,4.698,0.17,13.104,0.372,0.108,-0.07,-0.153,,0.0,0.0,0.0,0.0,0.0,0.0,0.0,0.82,1.477,181.612,26.528,0.96,5018.534,-4.479,-40.228,23709.453,858.003,2.099,41.373,0.0,0.0,0.0,,0.0,0.0,0.0,0.0,0.0,0.0,0.0,1263.67,438.995,-46.754,-0.423,0.474,4.698,0.17,13.104,0.372,0.108,,0.024,0.024,0.0,0.0,0.655,0.0,0.005,,0.0,0.0,0.0,0.0,0.0,0.0,0.0
Algeria,2011,DZA,36903374.0,482028679734.0,,0.0,0.0,0.0,0.0,0.0,0.0,0.0,633.35,-11.29,-0.407,86.666,3.198,0.0,0.0,,0.0,0.0,0.0,0.0,0.689,51.08,1384.155,51.22,11.041,5.807,25.493,12586.607,0.964,5.68,24.906,1374.4,50.72,12556.995,463.396,99.024,99.779,5.803,14.697,267.97,1345.406,49.65,7261.385,2.845,22.022,21569.504,795.987,96.935,57.7,32.44,118.497,0.529,0.979,13.549,0.5,26.536,0.976,0.211,117.528,0.552,1.026,13.549,0.5,27.808,0.976,0.221,-0.14,-0.274,,0.0,0.0,0.0,0.0,0.0,0.0,0.0,5.845,10.616,192.228,28.995,1.07,5208.945,-2.846,-24.423,22588.186,833.58,2.089,41.391,0.0,0.0,0.0,,0.0,0.0,0.0,0.0,0.0,0.0,0.0,1387.949,464.488,117.528,0.552,1.026,13.549,0.5,27.808,0.976,0.221,99.107,0.023,0.047,0.0,0.0,1.272,0.0,0.01,,0.0,0.0,0.0,0.0,0.0,0.0,0.0
Algeria,2012,DZA,37646165.0,498417638719.0,,0.0,0.0,0.0,0.0,0.0,0.0,0.0,632.75,6.182,0.198,90.207,3.396,0.0,0.0,,0.0,0.0,0.0,0.0,0.669,57.35,1523.396,57.4,11.318,9.297,43.184,13485.354,1.019,9.309,43.136,1508.255,56.78,13455.075,506.532,98.92,99.789,11.483,30.771,298.741,1480.098,55.72,7935.49,-1.451,-11.55,20837.115,784.438,97.073,58.853,36.32,2.91,0.023,1.003,16.469,0.62,26.632,1.08,0.198,4.949,0.045,1.071,16.469,0.62,28.461,1.08,0.211,-0.05,-0.087,,0.0,0.0,0.0,0.0,0.0,0.0,0.0,6.33,12.168,204.395,28.157,1.06,5429.378,-6.227,-51.905,20763.75,781.676,1.847,40.267,0.0,0.0,0.0,,0.0,0.0,0.0,0.0,0.0,0.0,0.0,1524.724,507.672,4.949,0.045,1.071,16.469,0.62,28.461,1.08,0.211,47.488,0.022,0.069,0.0,0.0,1.83,0.0,0.014,,0.0,0.0,0.0,0.0,0.0,0.0,0.0
Algeria,2013,DZA,38414176.0,512373332647.0,,0.0,0.0,0.0,0.0,0.0,0.0,0.0,636.0,-45.89,-1.558,47.835,1.838,0.0,0.0,,0.0,0.0,0.0,0.0,0.342,59.8,1556.717,59.89,11.154,5.772,29.305,13978.61,1.048,5.942,30.097,1550.469,59.56,13969.558,536.629,99.449,99.939,7.523,22.474,321.215,1527.04,58.66,8361.89,1.141,8.951,20653.541,793.389,97.946,59.822,38.09,-74.55,-0.749,0.253,8.591,0.33,6.591,0.551,0.047,-69.306,-0.745,0.326,8.591,0.33,8.495,0.551,0.061,-0.09,-0.151,,0.0,0.0,0.0,0.0,0.0,0.0,0.0,4.492,9.181,213.576,23.429,0.9,5559.833,-3.612,-28.238,19613.537,753.438,1.503,39.775,0.0,0.0,0.0,,0.0,0.0,0.0,0.0,0.0,0.0,0.0,1559.06,536.977,-69.306,-0.745,0.326,8.591,0.33,8.495,0.551,0.061,7.024,0.004,0.073,0.0,0.0,1.904,0.0,0.014,,0.0,0.0,0.0,0.0,0.0,0.0,0.0
Algeria,2014,DZA,39205035.0,531843509827.0,,0.0,0.0,0.0,0.0,0.0,0.0,0.0,637.0,13.291,0.244,53.1,2.082,0.0,0.0,,0.0,0.0,0.0,0.0,0.356,64.08,1634.484,64.27,10.983,9.057,48.636,14937.195,1.101,9.0,48.296,1632.953,64.02,14919.644,584.925,99.611,99.89,12.36,39.703,360.918,1615.864,63.35,9205.916,1.051,8.335,20449.516,801.724,98.569,61.635,40.94,94.95,0.238,0.491,6.377,0.25,12.526,0.389,0.084,99.06,0.32,0.646,6.377,0.25,16.485,0.389,0.11,-0.19,-0.297,,0.0,0.0,0.0,0.0,0.0,0.0,0.0,3.909,8.349,221.925,17.09,0.67,5660.628,6.154,46.369,20400.613,799.807,1.042,37.899,0.0,0.0,0.0,,0.0,0.0,0.0,0.0,0.0,0.0,0.0,1639.33,585.613,99.06,0.32,0.646,6.377,0.25,16.485,0.389,0.11,109.79,0.08,0.153,0.0,0.0,3.894,0.0,0.026,,0.003,0.003,0.0,0.0,0.065,0.0,0.0
Algeria,2015,DZA,40019528.0,551521739825.0,,0.0,0.0,0.0,0.0,0.0,0.0,0.0,637.42,-25.698,-0.535,38.651,1.547,0.0,0.0,,0.0,0.0,0.0,0.0,0.25,68.81,1719.411,68.84,11.155,5.448,31.905,15430.422,1.12,5.47,31.995,1714.663,68.62,15415.481,616.92,99.68,99.909,5.072,18.307,379.225,1690.924,67.67,9475.999,1.545,12.387,20342.854,814.111,98.3,61.415,43.88,-24.87,-0.124,0.367,3.498,0.14,9.173,0.203,0.059,-12.598,-0.084,0.562,5.497,0.22,14.044,0.32,0.091,-0.03,-0.044,,0.0,0.0,0.0,0.0,0.0,0.0,0.0,6.409,14.223,236.148,23.738,0.95,5900.831,-2.248,-17.98,19536.131,781.827,1.38,38.244,0.0,0.0,0.0,,0.0,0.0,0.0,0.0,0.0,0.0,0.0,1720.16,617.518,-12.598,-0.084,0.562,5.497,0.22,14.044,0.32,0.091,-3.333,-0.006,0.147,1.499,0.06,3.669,0.087,0.024,1800.0,0.046,0.048,0.5,0.02,1.202,0.029,0.008
Algeria,2016,DZA,40850719.0,569170418715.0,,0.0,0.0,0.0,0.0,0.0,0.0,0.0,636.4,-63.158,-0.977,13.95,0.57,0.0,0.0,,0.0,0.0,0.0,0.0,0.092,70.79,1732.895,71.04,11.524,-0.085,-0.522,15103.672,1.084,-0.134,-0.824,1730.692,70.7,15081.649,616.096,99.521,99.863,1.777,6.737,385.962,1705.968,69.69,9448.12,12.26,99.811,22372.254,913.923,98.1,62.561,45.21,-50.345,-0.186,0.181,5.385,0.22,4.428,0.31,0.029,51.375,0.282,0.844,8.323,0.34,20.669,0.479,0.137,-0.25,-0.353,,0.0,0.0,0.0,0.0,0.0,0.0,0.0,-2.788,-6.585,229.564,24.724,1.01,5619.579,1.773,13.863,19477.984,795.69,1.422,37.21,0.0,0.0,0.0,,0.0,0.0,0.0,0.0,0.0,0.0,0.0,1739.015,616.996,51.375,0.282,0.844,8.323,0.34,20.669,0.479,0.137,322.414,0.469,0.616,2.203,0.09,15.069,0.127,0.1,0.274,-0.0,0.048,0.734,0.03,1.172,0.042,0.008
Algeria,2017,DZA,41689302.0,577138830559.0,,0.0,0.0,0.0,0.0,0.0,0.0,0.0,634.15,271.429,1.547,50.772,2.117,0.0,0.0,,,,,0.0,0.339,75.73,1816.533,76.07,12.212,1.102,6.799,14962.943,1.081,0.999,6.158,1809.337,75.43,14925.982,622.254,99.159,99.768,2.244,8.663,394.625,1800.462,75.06,9465.857,1.733,15.843,22302.254,929.765,98.672,63.271,48.24,-22.222,-0.041,0.14,1.439,0.06,3.358,0.079,0.022,72.295,0.603,1.447,15.352,0.64,34.721,0.841,0.232,-0.34,-0.449,,0.0,0.0,0.0,0.0,0.0,0.0,0.0,-1.765,-4.052,225.512,8.875,0.37,5409.352,-2.586,-20.573,18592.689,775.116,0.486,36.157,0.0,0.0,0.0,,0.0,0.0,0.0,0.0,0.0,0.0,0.0,1824.689,623.795,72.295,0.603,1.447,15.352,0.64,34.721,0.841,0.232,105.714,0.644,1.26,13.673,0.57,30.224,0.749,0.202,-0.273,-0.0,0.047,0.24,0.01,1.139,0.013,0.008
Algeria,2018,DZA,42505033.0,584064441740.0,,0.0,0.0,0.0,0.0,0.0,0.0,0.0,632.7,174.725,3.698,136.807,5.815,0.0,0.0,,,,,0.0,0.869,76.66,1803.551,76.75,11.481,7.346,45.825,15753.894,1.146,7.302,45.435,1786.377,75.93,15708.456,667.688,98.932,99.729,10.0,39.463,434.088,1776.26,75.5,10212.614,0.933,8.672,22078.268,938.438,98.371,64.837,48.56,108.929,0.151,0.291,2.823,0.12,6.847,0.156,0.043,26.079,0.368,1.816,19.292,0.82,42.722,1.068,0.271,-0.09,-0.117,,0.0,0.0,0.0,0.0,0.0,0.0,0.0,1.008,2.274,227.786,10.116,0.43,5359.034,-1.975,-15.305,17875.793,759.811,0.56,34.023,0.0,0.0,0.0,,0.0,0.0,0.0,0.0,0.0,0.0,0.0,1805.669,669.62,26.079,0.368,1.816,19.292,0.82,42.722,1.068,0.271,19.643,0.24,1.5,16.233,0.69,35.29,0.899,0.224,-47.368,-0.023,0.025,0.235,0.01,0.585,0.013,0.004
Algeria,2019,DZA,43294551.0,589905104177.0,,0.0,0.0,0.0,0.0,0.0,0.0,0.0,632.77,-17.4,-1.012,110.942,4.803,0.0,0.0,,,,,0.0,0.692,81.47,1881.761,81.61,11.773,3.693,24.729,16037.789,1.177,3.686,24.612,1864.9,80.74,15990.481,692.301,98.934,99.723,3.792,16.459,450.546,1856.123,80.36,10406.534,-7.344,-68.915,20083.879,869.523,98.468,64.899,51.64,29.915,0.085,0.376,3.465,0.15,8.69,0.184,0.054,6.438,0.107,1.923,20.095,0.87,44.423,1.066,0.277,-0.14,-0.172,,0.0,0.0,0.0,0.0,0.0,0.0,0.0,4.024,9.165,236.951,8.777,0.38,5473.005,-1.534,-11.653,17280.648,748.158,0.466,34.132,0.0,0.0,0.0,,0.0,0.0,0.0,0.0,0.0,0.0,0.0,1884.995,694.349,6.438,0.107,1.923,20.095,0.87,44.423,1.066,0.277,1.99,0.022,1.522,16.399,0.71,35.161,0.87,0.219,0.0,-0.0,0.025,0.231,0.01,0.572,0.012,0.004
Algeria,2020,DZA,44042094.0,559819958223.0,,0.0,0.0,0.0,0.0,0.0,0.0,0.0,632.61,-68.281,-3.28,34.593,1.524,0.0,0.0,,,,,0.0,0.235,79.31,1800.777,79.37,12.252,-6.546,-45.45,14733.604,1.159,-6.551,-45.351,1782.159,78.49,14689.341,646.949,98.891,99.717,-3.783,-17.046,433.5,1773.985,78.13,9842.864,-6.357,-55.276,18487.908,814.246,98.438,66.818,50.21,-67.368,-0.254,0.122,1.135,0.05,2.781,0.063,0.019,-4.466,-0.09,1.833,19.981,0.88,41.616,1.109,0.283,-0.06,-0.076,,0.0,0.0,0.0,0.0,0.0,0.0,0.0,-10.562,-25.026,211.925,8.174,0.36,4811.884,-10.423,-77.979,15216.778,670.179,0.454,32.665,0.0,0.0,0.0,,0.0,0.0,0.0,0.0,0.0,0.0,0.0,1802.14,648.899,-4.466,-0.09,1.833,19.981,0.88,41.616,1.109,0.283,11.382,0.169,1.691,18.619,0.82,38.403,1.033,0.261,-23.0,-0.006,0.019,0.227,0.01,0.432,0.013,0.003
Algeria,2021,DZA,44761099.0,578853830170.0,,0.0,0.0,0.0,0.0,0.0,0.0,0.0,633.53,103.817,1.582,69.373,3.105,0.0,0.0,,,,,0.0,0.439,84.45,1886.683,85.6,12.114,9.05,58.729,15808.98,1.222,9.103,58.889,1894.279,84.79,15769.007,705.838,99.054,99.762,11.079,48.029,481.529,1886.013,84.42,10757.76,24.162,196.735,22586.156,1010.981,98.621,68.059,54.23,-81.25,-0.1,0.023,0.223,0.01,0.512,0.012,0.003,-7.881,-0.149,1.684,18.096,0.81,37.627,0.946,0.238,-1.15,-1.362,,0.0,0.0,0.0,0.0,0.0,0.0,0.0,4.378,9.278,221.204,8.266,0.37,4941.874,0.998,6.687,15121.747,676.866,0.432,31.265,0.0,0.0,0.0,,0.0,0.0,0.0,0.0,0.0,0.0,0.0,1912.375,707.627,-7.881,-0.149,1.684,18.096,0.81,37.627,0.946,0.238,-3.066,-0.056,1.635,17.649,0.79,36.538,0.923,0.231,36.364,0.007,0.026,0.223,0.01,0.578,0.012,0.004
Algeria,2022,DZA,45477391.0,595820067103.0,,0.0,0.0,0.0,0.0,0.0,0.0,0.0,633.65,-29.963,-0.93,47.822,2.175,0.0,0.0,,,,,0.0,0.296,88.9,1954.818,91.47,12.473,3.762,26.62,16145.337,1.232,3.773,26.634,1992.419,90.61,16106.297,732.472,99.06,99.772,4.539,21.858,503.387,1983.843,90.22,11068.961,-3.428,-34.66,21468.283,976.321,98.633,68.568,57.96,72.043,0.016,0.039,0.44,0.02,0.864,0.022,0.005,-0.409,-0.011,1.673,18.91,0.86,36.792,0.94,0.228,-2.57,-2.891,,0.0,0.0,0.0,0.0,0.0,0.0,0.0,2.58,5.706,226.91,8.576,0.39,4989.513,6.643,44.962,15872.229,721.828,0.426,30.908,0.0,0.0,0.0,,0.0,0.0,0.0,0.0,0.0,0.0,0.0,2011.329,734.248,-0.409,-0.011,1.673,18.91,0.86,36.792,0.94,0.228,-2.259,-0.041,1.595,18.251,0.83,35.063,0.907,0.217,52.381,0.013,0.039,0.22,0.01,0.864,0.011,0.005
Algeria,2023,DZA,46164222.0,,,0.0,0.0,0.0,0.0,0.0,0.0,0.0,633.61,-3.209,-0.07,45.599,2.105,0.0,0.0,,,,,0.0,0.268,93.44,2024.078,95.88,12.237,6.848,50.284,16994.377,,6.849,50.166,2057.221,94.97,16953.357,782.639,99.051,99.773,7.736,38.943,542.33,2050.073,94.64,11747.848,3.989,38.943,21992.449,1015.264,98.707,69.138,60.75,81.25,0.031,0.071,0.433,0.02,1.532,0.021,0.009,7.048,0.105,1.778,19.712,0.91,38.516,0.949,0.227,-2.44,-2.611,,0.0,0.0,0.0,0.0,0.0,0.0,0.0,4.977,11.293,238.203,7.148,0.33,5159.911,1.515,10.932,15872.894,732.76,0.344,30.367,0.0,0.0,0.0,,0.0,0.0,0.0,0.0,0.0,0.0,0.0,2076.933,784.532,7.048,0.105,1.778,19.712,0.91,38.516,0.949,0.227,5.393,0.074,1.668,18.846,0.87,36.138,0.907,0.213,0.0,-0.0,0.039,0.433,0.02,0.845,0.021,0.005
Algeria,2024,DZA,46814302.0,,,0.0,0.0,0.0,0.0,0.0,0.0,0.0,632.94,-17.484,-0.368,37.104,1.737,0.0,0.0,,,,,0.0,0.229,93.84,2004.516,96.36,12.692,-3.11,-24.4,16237.188,,-3.125,-24.455,2036.344,95.33,16195.551,758.183,98.931,99.758,-6.796,-36.854,505.476,2029.294,95.0,10797.467,-6.704,-68.068,20233.053,947.196,98.589,66.508,60.99,76.483,0.054,0.125,0.427,0.02,2.666,0.021,0.016,3.306,0.059,1.837,22.002,1.03,39.236,1.069,0.242,-2.52,-2.685,,0.0,0.0,0.0,0.0,0.0,0.0,0.0,5.36,12.767,250.971,7.049,0.33,5360.98,-5.935,-43.486,14723.564,689.273,0.342,33.022,0.0,0.0,0.0,,0.0,0.0,0.0,0.0,0.0,0.0,0.0,2058.345,760.133,3.306,0.059,1.837,22.002,1.03,39.236,1.069,0.242,0.274,0.005,1.673,21.147,0.99,35.734,1.027,0.22,0.274,0.0,0.039,0.427,0.02,0.836,0.021,0.005
American Samoa,1980,ASM,32427.0,,,,,,,,,,,,,,,,,,,0.0,0.0,,,,,,,,,53261.195,,,,,,,,,,,,,,,,,,0.0,0.0,,,,,,,,,,,,,,,,,,,,,,,,,,,,,,,,,,,,,,0.0,0.0,,,,,,,,,,,,,,,1.727,,,,,,,,,,,,,,,,,,,,,,,,
American Samoa,1981,ASM,33606.0,,,,,,,,,,,,,,,,,,0.0,0.0,0.0,,,,,,,17.535,0.303,60404.395,,,,,,,,,,,,,,,,,0.0,0.0,0.0,,,,,,,,,,,,,,,,,,,,,,,,,,,,,,,,,,,,,0.0,0.0,0.0,,,,,,,,,,,,,,,2.03,,,,,,,,,,,,,,,,,,,,,,,,
American Samoa,1982,ASM,34937.0,,,,,,,,,,,,,,,,,,0.0,0.0,0.0,,,,,,,39.394,0.8,80992.281,,,,,,,,,,,,,,,,,0.0,0.0,0.0,,,,,,,,,,,,,,,,,,,,,,,,,,,,,,,,,,,,,0.0,0.0,0.0,,,,,,,,,,,,,,,2.83,,,,,,,,,,,,,,,,,,,,,,,,
American Samoa,1983,ASM,36291.0,,,,,,,,,,,,,,,,,,0.0,0.0,0.0,,,,,,,-36.957,-1.046,49155.312,,,,,,,,,,,,,,,,,0.0,0.0,0.0,,,,,,,,,,,,,,,,,,,,,,,,,,,,,,,,,,,,,0.0,0.0,0.0,,,,,,,,,,,,,,,1.784,,,,,,,,,,,,,,,,,,,,,,,,
American Samoa,1984,ASM,37690.0,,,,,,,,,,,,,,,,,,0.0,0.0,0.0,,,,,,,14.105,0.252,54006.672,,,,,,,,,,,,,,,,,0.0,0.0,0.0,,,,,,,,,,,,,,,,,,,,,,,,,,,,,,,,,,,,,0.0,0.0,0.0,,,,,,,,,,,,,,,2.036,,,,,,,,,,,,,,,,,,,,,,,,
American Samoa,1985,ASM,39128.0,,,,,,,,,,,,,,,,,,0.0,0.0,0.0,,,,,,,-6.317,-0.129,48735.508,,,,,,,,,,,,,,,,,0.0,0.0,0.0,,,,,,,,,,,,,,,,,,,,,,,,,,,,,,,,,,,,,0.0,0.0,0.0,,,,,,,,,,,,,,,1.907,,,,,,,,,,,,,,,,,,,,,,,,
American Samoa,1986,ASM,40588.0,,,,,,,,,,,,,,,,,,0.0,0.0,0.0,,,,,,,3.226,0.062,48497.988,,,,,,,,,,,,,,,,,0.0,0.0,0.0,,,,,,,,,,,,,,,,,,,,,,,,,,,,,,,,,,,,,0.0,0.0,0.0,,,,,,,,,,,,,,,1.968,,,,,,,,,,,,,,,,,,,,,,,,
American Samoa,1987,ASM,42095.0,,,,,,,,,,,,,,,,,,0.0,0.0,0.0,,,,,,,3.818,0.075,48547.031,,,,,,,,,,,,,,,,,0.0,0.0,0.0,,,,,,,,,,,,,,,,,,,,,,,,,,,,,,,,,,,,,0.0,0.0,0.0,,,,,,,,,,,,,,,2.044,,,,,,,,,,,,,,,,,,,,,,,,
American Samoa,1988,ASM,43634.0,,,,,,,,,,,,,,,,,,0.0,0.0,0.0,,,,,,,-2.785,-0.057,45530.422,,,,,,,,,,,,,,,,,0.0,0.0,0.0,,,,,,,,,,,,,,,,,,,,,,,,,,,,,,,,,,,,,0.0,0.0,0.0,,,,,,,,,,,,,,,1.987,,,,,,,,,,,,,,,,,,,,,,,,
American Samoa,1989,ASM,45207.0,,,,,,,,,,,,,,,,,,0.0,0.0,0.0,,,,,,,15.156,0.301,50606.52,,,,,,,,,,,,,,,,,0.0,0.0,0.0,,,,,,,,,,,,,,,,,,,,,,,,,,,,,,,,,,,,,0.0,0.0,0.0,,,,,,,,,,,,,,,2.288,,,,,,,,,,,,,,,,,,,,,,,,
American Samoa,1990,ASM,46659.0,,,,,,,,,,,,,,,,,,0.0,0.0,0.0,,,,,,,5.18,0.119,51571.426,,,,,,,,,,,,,,,,,0.0,0.0,0.0,,,,,,,,,,,,,,,,,,,,,,,,,,,,,,,,,,,,,0.0,0.0,0.0,,,,,,,,,,,,,,,2.406,,,,,,,,,,,,,,,,,,,,,,,,
American Samoa,1991,ASM,47903.0,,,,,,,,,,,,,,,,,,0.0,0.0,0.0,,,,,,,0.0,0.0,50232.16,,,,,,,,,,,,,,,,,0.0,0.0,0.0,,,,,,,,,,,,,,,,,,,,,,,,,,,,,,,,,,,,,0.0,0.0,0.0,,,,,,,,,,,,,,,2.406,,,,,,,,,,,,,,,,,,,,,,,,
American Samoa,1992,ASM,49054.0,,,,,,,,,,,,,,,,,,0.0,0.0,0.0,,,,,,,2.862,0.069,50457.398,,,,,,,,,,,,,,,,,0.0,0.0,0.0,,,,,,,,,,,,,,,,,,,,,,,,,,,,,,,,,,,,,0.0,0.0,0.0,,,,,,,,,,,,,,,2.475,,,,,,,,,,,,,,,,,,,,,,,,
American Samoa,1993,ASM,50178.0,,,,,,,,,,,,,,,,,,0.0,0.0,0.0,,,,,,,-2.715,-0.067,47987.754,,,,,,,,,,,,,,,,,0.0,0.0,0.0,,,,,,,,,,,,,,,,,,,,,,,,,,,,,,,,,,,,,0.0,0.0,0.0,,,,,,,,,,,,,,,2.408,,,,,,,,,,,,,,,,,,,,,,,,
American Samoa,1994,ASM,51273.0,,,,,,,,,,,,,,,,,,0.0,0.0,0.0,,,,,,,-2.588,-0.062,45747.641,,,,,,,,,,,,,,,,,0.0,0.0,0.0,,,,,,,,,,,,,,,,,,,,,,,,,,,,,,,,,,,,,0.0,0.0,0.0,,,,,,,,,,,,,,,2.346,,,,,,,,,,,,,,,,,,,,,,,,
American Samoa,1995,ASM,52339.0,,,,,,,,,,,,,,,,,,0.0,0.0,0.0,,,,,,,-2.656,-0.062,43625.367,,,,,,,,,,,,,,,,,0.0,0.0,0.0,,,,,,,,,,,,,,,,,,,,,,,,,,,,,,,,,,,,,0.0,0.0,0.0,,,,,,,,,,,,,,,2.283,,,,,,,,,,,,,,,,,,,,,,,,
American Samoa,1996,ASM,53378.0,,,,,,,,,,,,,,,,,,0.0,0.0,0.0,,,,,,,0.265,0.006,42889.504,,,,,,,,,,,,,,,,,0.0,0.0,0.0,,,,,,,,,,,,,,,,,,,,,,,,,,,,,,,,,,,,,0.0,0.0,0.0,,,,,,,,,,,,,,,2.289,,,,,,,,,,,,,,,,,,,,,,,,
American Samoa,1997,ASM,54385.0,,,,,,,,,,,,,,,,,,0.0,0.0,0.0,,,,,,,2.458,0.056,43129.883,,,,,,,,,,,,,,,,,0.0,0.0,0.0,,,,,,,,,,,,,,,,,,,,,,,,,,,,,,,,,,,,,0.0,0.0,0.0,,,,,,,,,,,,,,,2.346,,,,,,,,,,,,,,,,,,,,,,,,
American Samoa,1998,ASM,55354.0,,,,,,,,,,,,,,,,,,0.0,0.0,0.0,,,,,,,0.0,0.0,42374.875,,,,,,,,,,,,,,,,,0.0,0.0,0.0,,,,,,,,,,,,,,,,,,,,,,,,,,,,,,,,,,,,,0.0,0.0,0.0,,,,,,,,,,,,,,,2.346,,,,,,,,,,,,,,,,,,,,,,,,
American Samoa,1999,ASM,56267.0,,,,,,,,,,,,,,,,,,0.0,0.0,0.0,,,,,,,0.0,0.0,41687.344,,,,,,,,,,,,,,,,,0.0,0.0,0.0,,,,,,,,,,,,,,,,,,,,,,,,,,,,,,,,,,,,,0.0,0.0,0.0,,,,,,,,,,,,,,,2.346,,,,,,,,,,,,,,,,,,,,,,,,
American Samoa,2000,ASM,56877.0,,,,,,0.0,0.0,0.0,,647.06,,,,,0.0,0.0,,0.0,0.0,0.0,0.0,,0.17,2988.906,0.17,,-2.08,-0.049,40382.371,,,,2988.906,0.17,,,100.0,,,,,0.0,0.0,,,0.0,0.0,0.0,0.0,,0.11,,,,0.0,0.0,,0.0,,,,,0.0,0.0,,0.0,,0.0,0.0,,,,0.0,0.0,,0.0,,,,,2988.906,0.17,,,0.0,0.0,0.0,100.0,,,0.0,0.0,,,0.0,0.0,,0.0,0.0,,2988.906,2.297,,,,0.0,0.0,,0.0,,,,,0.0,0.0,,0.0,,,,,0.0,0.0,,0.0,
American Samoa,2001,ASM,57072.0,,,,,,0.0,0.0,0.0,,647.06,,,,,0.0,0.0,,0.0,0.0,0.0,0.0,,0.17,2978.694,0.17,,0.0,0.0,40244.395,,,,2978.694,0.17,,,100.0,,,,,0.0,0.0,,,0.0,0.0,0.0,0.0,,0.11,,,,0.0,0.0,,0.0,,,,,0.0,0.0,,0.0,,0.0,0.0,,,,0.0,0.0,,0.0,,,,,2978.694,0.17,,,0.0,0.0,0.0,100.0,,,0.0,0.0,,,0.0,0.0,,0.0,0.0,,2978.694,2.297,,,,0.0,0.0,,0.0,,,,,0.0,0.0,,0.0,,,,,0.0,0.0,,0.0,
American Samoa,2002,ASM,57081.0,,,,,,0.0,0.0,0.0,,666.67,,,,,0.0,0.0,,0.0,0.0,0.0,0.0,,0.18,3153.414,0.18,,1.661,0.038,40906.582,,,,3153.414,0.18,,,100.0,,,,,0.0,0.0,,,0.0,0.0,0.0,0.0,,0.12,,,,0.0,0.0,,0.0,,,,,0.0,0.0,,0.0,,0.0,0.0,,,,0.0,0.0,,0.0,,,,,3153.414,0.18,,,0.0,0.0,0.0,100.0,,,0.0,0.0,,,0.0,0.0,,0.0,0.0,,3153.414,2.335,,,,0.0,0.0,,0.0,,,,,0.0,0.0,,0.0,,,,,0.0,0.0,,0.0,
American Samoa,2003,ASM,56988.0,,,,,,0.0,0.0,0.0,,684.21,,,,,0.0,0.0,,0.0,0.0,0.0,0.0,,0.19,3334.035,0.19,,0.0,0.0,40973.34,,,,3334.035,0.19,,,100.0,,,,,0.0,0.0,,,0.0,0.0,0.0,0.0,,0.13,,,,0.0,0.0,,0.0,,,,,0.0,0.0,,0.0,,0.0,0.0,,,,0.0,0.0,,0.0,,,,,3334.035,0.19,,,0.0,0.0,0.0,100.0,,,0.0,0.0,,,0.0,0.0,,0.0,0.0,,3334.035,2.335,,,,0.0,0.0,,0.0,,,,,0.0,0.0,,0.0,,,,,0.0,0.0,,0.0,
American Samoa,2004,ASM,56841.0,,,,,,0.0,0.0,0.0,,684.21,,,,,0.0,0.0,,0.0,0.0,0.0,0.0,,0.19,3342.657,0.19,,0.0,0.0,41079.301,,,,3342.657,0.19,,,100.0,,,,,0.0,0.0,,,0.0,0.0,0.0,0.0,,0.13,,,,0.0,0.0,,0.0,,,,,0.0,0.0,,0.0,,0.0,0.0,,,,0.0,0.0,,0.0,,,,,3342.657,0.19,,,0.0,0.0,0.0,100.0,,,0.0,0.0,,,0.0,0.0,,0.0,0.0,,3342.657,2.335,,,,0.0,0.0,,0.0,,,,,0.0,0.0,,0.0,,,,,0.0,0.0,,0.0,
American Samoa,2005,ASM,56638.0,,,,,,0.0,0.0,0.0,,684.21,,,,,0.0,0.0,,0.0,0.0,0.0,0.0,,0.19,3354.638,0.19,,6.228,0.145,43793.945,,,,3354.638,0.19,,,100.0,,,,,0.0,0.0,,,0.0,0.0,0.0,0.0,,0.13,,,,0.0,0.0,,0.0,,,,,0.0,0.0,,0.0,,0.0,0.0,,,,0.0,0.0,,0.0,,,,,3354.638,0.19,,,0.0,0.0,0.0,100.0,,,0.0,0.0,,,0.0,0.0,,0.0,0.0,,3354.638,2.48,,,,0.0,0.0,,0.0,,,,,0.0,0.0,,0.0,,,,,0.0,0.0,,0.0,
American Samoa,2006,ASM,56391.0,,,,,,0.0,0.0,0.0,,684.21,,,,,0.0,0.0,,0.0,0.0,0.0,0.0,,0.19,3369.332,0.19,,1.695,0.042,44731.418,,,,3369.332,0.19,,,100.0,,,,,0.0,0.0,,,0.0,0.0,0.0,0.0,,0.13,,,,0.0,0.0,,0.0,,,,,0.0,0.0,,0.0,,0.0,0.0,,,,0.0,0.0,,0.0,,,,,3369.332,0.19,,,0.0,0.0,0.0,100.0,,,0.0,0.0,,,0.0,0.0,,0.0,0.0,,3369.332,2.522,,,,0.0,0.0,,0.0,,,,,0.0,0.0,,0.0,,,,,0.0,0.0,,0.0,
American Samoa,2007,ASM,56134.0,,,,,,0.0,0.0,0.0,,684.21,,,,,0.0,0.0,,0.0,0.0,0.0,0.0,,0.19,3384.758,0.19,,0.0,0.0,44936.215,,,,3384.758,0.19,,,100.0,,,,,0.0,0.0,,,0.0,0.0,0.0,0.0,,0.13,,,,0.0,0.0,,0.0,,,,,0.0,0.0,,0.0,,0.0,0.0,,,,0.0,0.0,,0.0,,,,,3384.758,0.19,,,0.0,0.0,0.0,100.0,,,0.0,0.0,,,0.0,0.0,,0.0,0.0,,3384.758,2.522,,,,0.0,0.0,,0.0,,,,,0.0,0.0,,0.0,,,,,0.0,0.0,,0.0,
American Samoa,2008,ASM,55848.0,,,,,,0.0,0.0,0.0,,684.21,,,,,0.0,0.0,,0.0,0.0,0.0,0.0,,0.19,3402.091,0.19,,0.274,0.007,45290.078,,,,3402.091,0.19,,,100.0,,,,,0.0,0.0,,,0.0,0.0,0.0,0.0,,0.13,,,,0.0,0.0,,0.0,,,,,0.0,0.0,,0.0,,0.0,0.0,,,,0.0,0.0,,0.0,,,,,3402.091,0.19,,,0.0,0.0,0.0,100.0,,,0.0,0.0,,,0.0,0.0,,0.0,0.0,,3402.091,2.529,,,,0.0,0.0,,0.0,,,,,0.0,0.0,,0.0,,,,,0.0,0.0,,0.0,
American Samoa,2009,ASM,55542.0,,,,,,0.0,0.0,0.0,,666.67,,,,,0.0,0.0,,0.0,0.0,0.0,0.0,,0.18,3240.791,0.18,,-0.273,-0.007,45415.172,,,,3240.791,0.18,,,100.0,,,,,0.0,0.0,,,0.0,0.0,0.0,0.0,,0.12,,,,0.0,0.0,,0.0,,,,,0.0,0.0,,0.0,,0.0,0.0,,,,0.0,0.0,,0.0,,,,,3240.791,0.18,,,0.0,0.0,0.0,100.0,,,0.0,0.0,,,0.0,0.0,,0.0,0.0,,3240.791,2.522,,,,0.0,0.0,,0.0,,,,,0.0,0.0,,0.0,,,,,0.0,0.0,,0.0,
American Samoa,2010,ASM,55246.0,,,,,,0.0,0.0,0.0,,687.5,,,,,0.0,0.0,,0.0,0.0,0.0,0.0,,0.16,2896.137,0.16,,0.0,0.0,45658.5,,,,2896.137,0.16,,,100.0,,,,,0.0,0.0,,,0.0,0.0,0.0,0.0,,0.11,,,,0.0,0.0,,0.0,,,,,0.0,0.0,,0.0,,0.0,0.0,,,,0.0,0.0,,0.0,,,,,2896.137,0.16,,,0.0,0.0,0.0,100.0,,,0.0,0.0,,,0.0,0.0,,0.0,0.0,,2896.137,2.522,,,,0.0,0.0,,0.0,,,,,0.0,0.0,,0.0,,,,,0.0,0.0,,0.0,
American Samoa,2011,ASM,54917.0,,,,,,0.0,0.0,0.0,,687.5,,,,,0.0,0.0,,0.0,0.0,0.0,0.0,,0.16,2913.488,0.16,,-42.936,-1.083,26210.846,,,,2913.488,0.16,,,100.0,,,,,0.0,0.0,,,0.0,0.0,0.0,0.0,,0.11,,,,0.0,0.0,,0.0,,,,,0.0,0.0,,0.0,,0.0,0.0,,,,0.0,0.0,,0.0,,,,,2913.488,0.16,,,0.0,0.0,0.0,100.0,,,0.0,0.0,,,0.0,0.0,,0.0,0.0,,2913.488,1.439,,,,0.0,0.0,,0.0,,,,,0.0,0.0,,0.0,,,,,0.0,0.0,,0.0,
American Samoa,2012,ASM,54506.0,,,,,,0.0,0.0,0.0,,687.5,,,,,0.0,0.0,,0.0,0.0,0.0,0.0,,0.16,2935.457,0.16,,0.337,0.005,26497.357,,,,2935.457,0.16,,,100.0,,,,,0.0,0.0,,,0.0,0.0,0.0,0.0,,0.11,,,,0.0,0.0,,0.0,,,,,0.0,0.0,,0.0,,0.0,0.0,,,,0.0,0.0,,0.0,,,,,2935.457,0.16,,,0.0,0.0,0.0,100.0,,,0.0,0.0,,,0.0,0.0,,0.0,0.0,,2935.457,1.444,,,,0.0,0.0,,0.0,,,,,0.0,0.0,,0.0,,,,,0.0,0.0,,0.0,
American Samoa,2013,ASM,54026.0,,,,,,0.0,0.0,0.0,,666.67,,,,,0.0,0.0,,0.0,0.0,0.0,0.0,,0.15,2776.441,0.15,,-0.197,-0.003,26680.139,,,,2776.441,0.15,,,100.0,,,,,0.0,0.0,,,0.0,0.0,0.0,0.0,,0.1,,,,0.0,0.0,,0.0,,,,,0.0,0.0,,0.0,,0.0,0.0,,,,0.0,0.0,,0.0,,,,,2776.441,0.15,,,0.0,0.0,0.0,100.0,,,0.0,0.0,,,0.0,0.0,,0.0,0.0,,2776.441,1.441,,,,0.0,0.0,,0.0,,,,,0.0,0.0,,0.0,,,,,0.0,0.0,,0.0,
American Samoa,2014,ASM,53489.0,,,,,,0.0,0.0,0.0,,666.67,,,,,0.0,0.0,,0.0,0.0,0.0,0.0,,0.15,2804.315,0.15,,0.0,0.0,26947.992,,,,2804.315,0.15,,,100.0,,,,,0.0,0.0,,,0.0,0.0,0.0,0.0,,0.1,,,,0.0,0.0,,0.0,,,,,0.0,0.0,,0.0,,0.0,0.0,,,,0.0,0.0,,0.0,,,,,2804.315,0.15,,,0.0,0.0,0.0,100.0,,,0.0,0.0,,,0.0,0.0,,0.0,0.0,,2804.315,1.441,,,,0.0,0.0,,0.0,,,,,0.0,0.0,,0.0,,,,,0.0,0.0,,0.0,
American Samoa,2015,ASM,52896.0,,,,,,0.0,0.0,0.0,,687.5,,,,,0.0,0.0,,0.0,0.0,0.0,0.0,,0.16,3024.803,0.16,,-0.0,-0.0,27250.088,,,,3024.803,0.16,,,100.0,,,,,0.0,0.0,,,0.0,0.0,0.0,0.0,,0.11,,,,0.0,0.0,,0.0,,,,,0.0,0.0,,0.0,,0.0,0.0,,,,0.0,0.0,,0.0,,,,,3024.803,0.16,,,0.0,0.0,0.0,100.0,,,0.0,0.0,,,0.0,0.0,,0.0,0.0,,3024.803,1.441,,,,0.0,0.0,,0.0,,,,,0.0,0.0,,0.0,,,,,0.0,0.0,,0.0,
American Samoa,2016,ASM,52260.0,,,,,,0.0,0.0,0.0,,647.06,,,,,0.0,0.0,,0.0,0.0,0.0,0.0,,0.17,3252.966,0.17,,0.343,0.005,27676.328,,,,3252.966,0.17,,,100.0,,,,,0.0,0.0,,,0.0,0.0,0.0,0.0,,0.11,,,,0.0,0.0,,0.0,,,,,0.0,0.0,,0.0,,0.0,0.0,,,,0.0,0.0,,0.0,,,,,3252.966,0.17,,,0.0,0.0,0.0,100.0,,,0.0,0.0,,,0.0,0.0,,0.0,0.0,,3252.966,1.446,,,,0.0,0.0,,0.0,,,,,0.0,0.0,,0.0,,,,,0.0,0.0,,0.0,
American Samoa,2017,ASM,51605.0,,,,,,0.0,0.0,0.0,,687.5,,,,,0.0,0.0,,,,,0.0,,0.16,3100.475,0.16,,-0.134,-0.002,27989.945,,,,3100.475,0.16,,,100.0,,,,,0.0,0.0,,,,,,0.0,,0.11,,,,0.0,0.0,,0.0,,,,,0.0,0.0,,0.0,,0.0,0.0,,,,0.0,0.0,,0.0,,,,,3100.475,0.16,,,,,,100.0,,,0.0,0.0,,,0.0,0.0,,0.0,0.0,,3100.475,1.444,,,,0.0,0.0,,0.0,,,,,0.0,0.0,,0.0,,,,,0.0,0.0,,0.0,
American Samoa,2018,ASM,50927.0,,,,,,0.0,0.0,0.0,,687.5,,,,,0.0,0.0,,,,,0.0,,0.16,3141.752,0.16,,0.0,0.0,28362.582,,,,3141.752,0.16,,,100.0,,,,,0.0,0.0,,,,,,0.0,,0.11,,,,0.0,0.0,,0.0,,,,,0.0,0.0,,0.0,,0.0,0.0,,,,0.0,0.0,,0.0,,,,,3141.752,0.16,,,,,,100.0,,,0.0,0.0,,,0.0,0.0,,0.0,0.0,,3141.752,1.444,,,,0.0,0.0,,0.0,,,,,0.0,0.0,,0.0,,,,,0.0,0.0,,0.0,
American Samoa,2019,ASM,50230.0,,,,,,0.0,0.0,0.0,,687.5,,,,,0.0,0.0,,,,,0.0,,0.16,3185.347,0.16,,0.0,0.0,28756.145,,,,3185.347,0.16,,,100.0,,,,,0.0,0.0,,,,,,0.0,,0.11,,,,0.0,0.0,,0.0,,,,,0.0,0.0,,0.0,,0.0,0.0,,,,0.0,0.0,,0.0,,,,,3185.347,0.16,,,,,,100.0,,,0.0,0.0,,,0.0,0.0,,0.0,0.0,,3185.347,1.444,,,,0.0,0.0,,0.0,,,,,0.0,0.0,,0.0,,,,,0.0,0.0,,0.0,
American Samoa,2020,ASM,49779.0,,,,,,0.0,0.0,0.0,,647.06,,,,,0.0,0.0,,,,,0.0,,0.17,3415.095,0.17,,-4.725,-0.068,27645.541,,,,3415.095,0.17,,,100.0,,,,,0.0,0.0,,,,,,0.0,,0.11,,,,0.0,0.0,,0.0,,,,,0.0,0.0,,0.0,,0.0,0.0,,,,0.0,0.0,,0.0,,,,,3415.095,0.17,,,,,,100.0,,,0.0,0.0,,,0.0,0.0,,0.0,0.0,,3415.095,1.376,,,,0.0,0.0,,0.0,,,,,0.0,0.0,,0.0,,,,,0.0,0.0,,0.0,
American Samoa,2021,ASM,49249.0,,,,,,0.0,0.0,0.0,,647.06,,,,,0.0,0.0,,,,,0.0,,0.17,3451.847,0.17,,15.417,0.212,32251.004,,,,3451.847,0.17,,,100.0,,,,,0.0,0.0,,,,,,0.0,,0.11,,,,0.0,0.0,,0.0,,,,,0.0,0.0,,0.0,,0.0,0.0,,,,0.0,0.0,,0.0,,,,,3451.847,0.17,,,,,,100.0,,,0.0,0.0,,,0.0,0.0,,0.0,0.0,,3451.847,1.588,,,,0.0,0.0,,0.0,,,,,0.0,0.0,,0.0,,,,,0.0,0.0,,0.0,
American Samoa,2022,ASM,48365.0,,,,,,0.0,0.0,0.0,,611.11,,,,,0.0,0.0,,,,,0.0,,0.18,3721.7,0.18,,-0.003,-0.0,32839.422,,,,3514.938,0.17,,,94.444,,,,,0.0,0.0,,,,,,0.0,,0.11,,,,0.0,0.0,,0.0,,,,,206.761,0.01,,5.556,,0.0,0.0,,,,0.0,0.0,,0.0,,,,,3514.938,0.17,,,,,,94.444,,,0.0,0.0,,,0.0,0.0,,0.0,0.0,,3721.7,1.588,,,,206.761,0.01,,5.556,,,,,206.761,0.01,,5.556,,,,,0.0,0.0,,0.0,
American Samoa,2023,ASM,47544.0,,,,,,0.0,0.0,0.0,,647.06,,,,,0.0,0.0,,,,,0.0,,0.17,3575.635,0.17,,-0.557,-0.009,33220.289,,,,3575.635,0.17,,,100.0,,,,,0.0,0.0,,,,,,0.0,,0.11,,,,0.0,0.0,,0.0,,,,,0.0,0.0,,0.0,,0.0,0.0,,,,0.0,0.0,,0.0,,,,,3575.635,0.17,,,,,,100.0,,,0.0,0.0,,,0.0,0.0,,0.0,0.0,,3575.635,1.579,,,,0.0,0.0,,0.0,,,,,0.0,0.0,,0.0,,,,,0.0,0.0,,0.0,
American Samoa,2024,ASM,46792.0,,,,,,0.0,0.0,0.0,,611.11,,,,,0.0,0.0,,,,,0.0,,0.18,3846.812,0.18,,,,,,,,3633.1,0.17,,,94.444,,,,,0.0,0.0,,,,,,0.0,,0.11,,,,0.0,0.0,,0.0,,,,,213.712,0.01,,5.556,,0.0,0.0,,,,0.0,0.0,,0.0,,,,,3633.1,0.17,,,,,,94.444,,,0.0,0.0,,,0.0,0.0,,0.0,0.0,,3846.812,,,,,213.712,0.01,,5.556,,,,,213.712,0.01,,5.556,,,,,0.0,0.0,,0.0,
Angola,1900,AGO,3101503.0,,,,,,,,,,,,,,,,,,,,,,,,,,,,,,,,,,,,,,,,,,,,,,,0.0,0.0,,,,,,,,,,,,,,,,,,,,,,,,,,,,,,,,,,,,,,0.0,0.0,,,,,,,,,,,,,,,,,,,,,,,,,,,,,,,,,,,,,,,
Angola,1901,AGO,3083888.0,,,,,,,,,,,,,,,,,,,,,,,,,,,,,,,,,,,,,,,,,,,,,,0.0,0.0,0.0,,,,,,,,,,,,,,,,,,,,,,,,,,,,,,,,,,,,,0.0,0.0,0.0,,,,,,,,,,,,,,,,,,,,,,,,,,,,,,,,,,,,,,,
Angola,1902,AGO,3064493.0,,,,,,,,,,,,,,,,,,,,,,,,,,,,,,,,,,,,,,,,,,,,,,0.0,0.0,0.0,,,,,,,,,,,,,,,,,,,,,,,,,,,,,,,,,,,,,0.0,0.0,0.0,,,,,,,,,,,,,,,,,,,,,,,,,,,,,,,,,,,,,,,
Angola,1903,AGO,3043335.0,,,,,,,,,,,,,,,,,,,,,,,,,,,,,,,,,,,,,,,,,,,,,,0.0,0.0,0.0,,,,,,,,,,,,,,,,,,,,,,,,,,,,,,,,,,,,,0.0,0.0,0.0,,,,,,,,,,,,,,,,,,,,,,,,,,,,,,,,,,,,,,,
Angola,1904,AGO,3022320.0,,,,,,,,,,,,,,,,,,,,,,,,,,,,,,,,,,,,,,,,,,,,,,0.0,0.0,0.0,,,,,,,,,,,,,,,,,,,,,,,,,,,,,,,,,,,,,0.0,0.0,0.0,,,,,,,,,,,,,,,,,,,,,,,,,,,,,,,,,,,,,,,
Angola,1905,AGO,3001447.0,,,,,,,,,,,,,,,,,,,,,,,,,,,,,,,,,,,,,,,,,,,,,,0.0,0.0,0.0,,,,,,,,,,,,,,,,,,,,,,,,,,,,,,,,,,,,,0.0,0.0,0.0,,,,,,,,,,,,,,,,,,,,,,,,,,,,,,,,,,,,,,,
Angola,1906,AGO,2980714.0,,,,,,,,,,,,,,,,,,,,,,,,,,,,,,,,,,,,,,,,,,,,,,0.0,0.0,0.0,,,,,,,,,,,,,,,,,,,,,,,,,,,,,,,,,,,,,0.0,0.0,0.0,,,,,,,,,,,,,,,,,,,,,,,,,,,,,,,,,,,,,,,
Angola,1907,AGO,2960121.0,,,,,,,,,,,,,,,,,,,,,,,,,,,,,,,,,,,,,,,,,,,,,,0.0,0.0,0.0,,,,,,,,,,,,,,,,,,,,,,,,,,,,,,,,,,,,,0.0,0.0,0.0,,,,,,,,,,,,,,,,,,,,,,,,,,,,,,,,,,,,,,,
Angola,1908,AGO,2939666.0,,,,,,,,,,,,,,,,,,,,,,,,,,,,,,,,,,,,,,,,,,,,,,0.0,0.0,0.0,,,,,,,,,,,,,,,,,,,,,,,,,,,,,,,,,,,,,0.0,0.0,0.0,,,,,,,,,,,,,,,,,,,,,,,,,,,,,,,,,,,,,,,
Angola,1909,AGO,2921666.0,,,,,,,,,,,,,,,,,,,,,,,,,,,,,,,,,,,,,,,,,,,,,,0.0,0.0,0.0,,,,,,,,,,,,,,,,,,,,,,,,,,,,,,,,,,,,,0.0,0.0,0.0,,,,,,,,,,,,,,,,,,,,,,,,,,,,,,,,,,,,,,,
Angola,1910,AGO,2906100.0,,,,,,,,,,,,,,,,,,,,,,,,,,,,,,,,,,,,,,,,,,,,,,0.0,0.0,0.0,,,,,,,,,,,,,,,,,,,,,,,,,,,,,,,,,,,,,0.0,0.0,0.0,,,,,,,,,,,,,,,,,,,,,,,,,,,,,,,,,,,,,,,
Angola,1911,AGO,2892945.0,,,,,,,,,,,,,,,,,,,,,,,,,,,,,,,,,,,,,,,,,,,,,,0.0,0.0,0.0,,,,,,,,,,,,,,,,,,,,,,,,,,,,,,,,,,,,,0.0,0.0,0.0,,,,,,,,,,,,,,,,,,,,,,,,,,,,,,,,,,,,,,,
Angola,1912,AGO,2882183.0,,,,,,,,,,,,,,,,,,,,,,,,,,,,,,,,,,,,,,,,,,,,,,0.0,0.0,0.0,,,,,,,,,,,,,,,,,,,,,,,,,,,,,,,,,,,,,0.0,0.0,0.0,,,,,,,,,,,,,,,,,,,,,,,,,,,,,,,,,,,,,,,
Angola,1913,AGO,2873791.0,,,,,,,,,,,,,,,,,,,,,,,,,,,,,,,,,,,,,,,,,,,,,,0.0,0.0,0.0,,,,,,,,,,,,,,,,,,,,,,,,,,,,,,,,,,,,,0.0,0.0,0.0,,,,,,,,,,,,,,,,,,,,,,,,,,,,,,,,,,,,,,,
Angola,1914,AGO,2865420.0,,,,,,,,,,,,,,,,,,,,,,,,,,,,,,,,,,,,,,,,,,,,,,0.0,0.0,0.0,,,,,,,,,,,,,,,,,,,,,,,,,,,,,,,,,,,,,0.0,0.0,0.0,,,,,,,,,,,,,,,,,,,,,,,,,,,,,,,,,,,,,,,
Angola,1915,AGO,2857070.0,,,,,,,,,,,,,,,,,,,,,,,,,,,,,,,,,,,,,,,,,,,,,,0.0,0.0,0.0,,,,,,,,,,,,,,,,,,,,,,,,,,,,,,,,,,,,,0.0,0.0,0.0,,,,,,,,,,,,,,,,,,,,,,,,,,,,,,,,,,,,,,,
Angola,1916,AGO,2848742.0,,,,,,,,,,,,,,,,,,,,,,,,,,,,,,,,,,,,,,,,,,,,,,0.0,0.0,0.0,,,,,,,,,,,,,,,,,,,,,,,,,,,,,,,,,,,,,0.0,0.0,0.0,,,,,,,,,,,,,,,,,,,,,,,,,,,,,,,,,,,,,,,
Angola,1917,AGO,2840434.0,,,,,,,,,,,,,,,,,,,,,,,,,,,,,,,,,,,,,,,,,,,,,,0.0,0.0,0.0,,,,,,,,,,,,,,,,,,,,,,,,,,,,,,,,,,,,,0.0,0.0,0.0,,,,,,,,,,,,,,,,,,,,,,,,,,,,,,,,,,,,,,,
Angola,1918,AGO,2829072.0,,,,,,,,,,,,,,,,,,,,,,,,,,,,,,,,,,,,,,,,,,,,,,0.0,0.0,0.0,,,,,,,,,,,,,,,,,,,,,,,,,,,,,,,,,,,,,0.0,0.0,0.0,,,,,,,,,,,,,,,,,,,,,,,,,,,,,,,,,,,,,,,
Angola,1919,AGO,2828420.0,,,,,,,,,,,,,,,,,,,,,,,,,,,,,,,,,,,,,,,,,,,,,,0.0,0.0,0.0,,,,,,,,,,,,,,,,,,,,,,,,,,,,,,,,,,,,,0.0,0.0,0.0,,,,,,,,,,,,,,,,,,,,,,,,,,,,,,,,,,,,,,,
Angola,1920,AGO,2838595.0,,,,,,,,,,,,,,,,,,,,,,,,,,,,,,,,,,,,,,,,,,,,,,0.0,0.0,0.0,,,,,,,,,,,,,,,,,,,,,,,,,,,,,,,,,,,,,0.0,0.0,0.0,,,,,,,,,,,,,,,,,,,,,,,,,,,,,,,,,,,,,,,
Angola,1921,AGO,2859717.0,,,,,,,,,,,,,,,,,,,,,,,,,,,,,,,,,,,,,,,,,,,,,,0.0,0.0,0.0,,,,,,,,,,,,,,,,,,,,,,,,,,,,,,,,,,,,,0.0,0.0,0.0,,,,,,,,,,,,,,,,,,,,,,,,,,,,,,,,,,,,,,,
Angola,1922,AGO,2891905.0,,,,,,,,,,,,,,,,,,,,,,,,,,,,,,,,,,,,,,,,,,,,,,0.0,0.0,0.0,,,,,,,,,,,,,,,,,,,,,,,,,,,,,,,,,,,,,0.0,0.0,0.0,,,,,,,,,,,,,,,,,,,,,,,,,,,,,,,,,,,,,,,
Angola,1923,AGO,2935284.0,,,,,,,,,,,,,,,,,,,,,,,,,,,,,,,,,,,,,,,,,,,,,,0.0,0.0,0.0,,,,,,,,,,,,,,,,,,,,,,,,,,,,,,,,,,,,,0.0,0.0,0.0,,,,,,,,,,,,,,,,,,,,,,,,,,,,,,,,,,,,,,,
Angola,1924,AGO,2979313.0,,,,,,,,,,,,,,,,,,,,,,,,,,,,,,,,,,,,,,,,,,,,,,0.0,0.0,0.0,,,,,,,,,,,,,,,,,,,,,,,,,,,,,,,,,,,,,0.0,0.0,0.0,,,,,,,,,,,,,,,,,,,,,,,,,,,,,,,,,,,,,,,
Angola,1925,AGO,3024003.0,,,,,,,,,,,,,,,,,,,,,,,,,,,,,,,,,,,,,,,,,,,,,,0.0,0.0,0.0,,,,,,,,,,,,,,,,,,,,,,,,,,,,,,,,,,,,,0.0,0.0,0.0,,,,,,,,,,,,,,,,,,,,,,,,,,,,,,,,,,,,,,,
Angola,1926,AGO,3069363.0,,,,,,,,,,,,,,,,,,,,,,,,,,,,,,,,,,,,,,,,,,,,,,0.0,0.0,0.0,,,,,,,,,,,,,,,,,,,,,,,,,,,,,,,,,,,,,0.0,0.0,0.0,,,,,,,,,,,,,,,,,,,,,,,,,,,,,,,,,,,,,,,
Angola,1927,AGO,3115404.0,,,,,,,,,,,,,,,,,,,,,,,,,,,,,,,,,,,,,,,,,,,,,,0.0,0.0,0.0,,,,,,,,,,,,,,,,,,,,,,,,,,,,,,,,,,,,,0.0,0.0,0.0,,,,,,,,,,,,,,,,,,,,,,,,,,,,,,,,,,,,,,,
Angola,1928,AGO,3162135.0,,,,,,,,,,,,,,,,,,,,,,,,,,,,,,,,,,,,,,,,,,,,,,0.0,0.0,0.0,,,,,,,,,,,,,,,,,,,,,,,,,,,,,,,,,,,,,0.0,0.0,0.0,,,,,,,,,,,,,,,,,,,,,,,,,,,,,,,,,,,,,,,
Angola,1929,AGO,3208915.0,,,,,,,,,,,,,,,,,,,,,,,,,,,,,,,,,,,,,,,,,,,,,,0.0,0.0,0.0,,,,,,,,,,,,,,,,,,,,,,,,,,,,,,,,,,,,,0.0,0.0,0.0,,,,,,,,,,,,,,,,,,,,,,,,,,,,,,,,,,,,,,,
Angola,1930,AGO,3255737.0,,,,,,,,,,,,,,,,,,,,,,,,,,,,,,,,,,,,,,,,,,,,,,0.0,0.0,0.0,,,,,,,,,,,,,,,,,,,,,,,,,,,,,,,,,,,,,0.0,0.0,0.0,,,,,,,,,,,,,,,,,,,,,,,,,,,,,,,,,,,,,,,
Angola,1931,AGO,3302592.0,,,,,,,,,,,,,,,,,,,,,,,,,,,,,,,,,,,,,,,,,,,,,,0.0,0.0,0.0,,,,,,,,,,,,,,,,,,,,,,,,,,,,,,,,,,,,,0.0,0.0,0.0,,,,,,,,,,,,,,,,,,,,,,,,,,,,,,,,,,,,,,,
Angola,1932,AGO,3349470.0,,,,,,,,,,,,,,,,,,,,,,,,,,,,,,,,,,,,,,,,,,,,,,0.0,0.0,0.0,,,,,,,,,,,,,,,,,,,,,,,,,,,,,,,,,,,,,0.0,0.0,0.0,,,,,,,,,,,,,,,,,,,,,,,,,,,,,,,,,,,,,,,
Angola,1933,AGO,3396362.0,,,,,,,,,,,,,,,,,,,,,,,,,,,,,,,,,,,,,,,,,,,,,,0.0,0.0,0.0,,,,,,,,,,,,,,,,,,,,,,,,,,,,,,,,,,,,,0.0,0.0,0.0,,,,,,,,,,,,,,,,,,,,,,,,,,,,,,,,,,,,,,,
Angola,1934,AGO,3443911.0,,,,,,,,,,,,,,,,,,,,,,,,,,,,,,,,,,,,,,,,,,,,,,0.0,0.0,0.0,,,,,,,,,,,,,,,,,,,,,,,,,,,,,,,,,,,,,0.0,0.0,0.0,,,,,,,,,,,,,,,,,,,,,,,,,,,,,,,,,,,,,,,
Angola,1935,AGO,3492126.0,,,,,,,,,,,,,,,,,,,,,,,,,,,,,,,,,,,,,,,,,,,,,,0.0,0.0,0.0,,,,,,,,,,,,,,,,,,,,,,,,,,,,,,,,,,,,,0.0,0.0,0.0,,,,,,,,,,,,,,,,,,,,,,,,,,,,,,,,,,,,,,,
Angola,1936,AGO,3541016.0,,,,,,,,,,,,,,,,,,,,,,,,,,,,,,,,,,,,,,,,,,,,,,0.0,0.0,0.0,,,,,,,,,,,,,,,,,,,,,,,,,,,,,,,,,,,,,0.0,0.0,0.0,,,,,,,,,,,,,,,,,,,,,,,,,,,,,,,,,,,,,,,
Angola,1937,AGO,3590590.0,,,,,,,,,,,,,,,,,,,,,,,,,,,,,,,,,,,,,,,,,,,,,,0.0,0.0,0.0,,,,,,,,,,,,,,,,,,,,,,,,,,,,,,,,,,,,,0.0,0.0,0.0,,,,,,,,,,,,,,,,,,,,,,,,,,,,,,,,,,,,,,,
Angola,1938,AGO,3640858.0,,,,,,,,,,,,,,,,,,,,,,,,,,,,,,,,,,,,,,,,,,,,,,0.0,0.0,0.0,,,,,,,,,,,,,,,,,,,,,,,,,,,,,,,,,,,,,0.0,0.0,0.0,,,,,,,,,,,,,,,,,,,,,,,,,,,,,,,,,,,,,,,
Angola,1939,AGO,3694824.0,,,,,,,,,,,,,,,,,,,,,,,,,,,,,,,,,,,,,,,,,,,,,,0.0,0.0,0.0,,,,,,,,,,,,,,,,,,,,,,,,,,,,,,,,,,,,,0.0,0.0,0.0,,,,,,,,,,,,,,,,,,,,,,,,,,,,,,,,,,,,,,,
Angola,1940,AGO,3752594.0,,,,,,,,,,,,,,,,,,,,,,,,,,,,,,,,,,,,,,,,,,,,,,0.0,0.0,0.0,,,,,,,,,,,,,,,,,,,,,,,,,,,,,,,,,,,,,0.0,0.0,0.0,,,,,,,,,,,,,,,,,,,,,,,,,,,,,,,,,,,,,,,
Angola,1941,AGO,3814276.0,,,,,,,,,,,,,,,,,,,,,,,,,,,,,,,,,,,,,,,,,,,,,,0.0,0.0,0.0,,,,,,,,,,,,,,,,,,,,,,,,,,,,,,,,,,,,,0.0,0.0,0.0,,,,,,,,,,,,,,,,,,,,,,,,,,,,,,,,,,,,,,,
Angola,1942,AGO,3879980.0,,,,,,,,,,,,,,,,,,,,,,,,,,,,,,,,,,,,,,,,,,,,,,0.0,0.0,0.0,,,,,,,,,,,,,,,,,,,,,,,,,,,,,,,,,,,,,0.0,0.0,0.0,,,,,,,,,,,,,,,,,,,,,,,,,,,,,,,,,,,,,,,
Angola,1943,AGO,3949820.0,,,,,,,,,,,,,,,,,,,,,,,,,,,,,,,,,,,,,,,,,,,,,,0.0,0.0,0.0,,,,,,,,,,,,,,,,,,,,,,,,,,,,,,,,,,,,,0.0,0.0,0.0,,,,,,,,,,,,,,,,,,,,,,,,,,,,,,,,,,,,,,,
Angola,1944,AGO,4020916.0,,,,,,,,,,,,,,,,,,,,,,,,,,,,,,,,,,,,,,,,,,,,,,0.0,0.0,0.0,,,,,,,,,,,,,,,,,,,,,,,,,,,,,,,,,,,,,0.0,0.0,0.0,,,,,,,,,,,,,,,,,,,,,,,,,,,,,,,,,,,,,,,
Angola,1945,AGO,4093293.0,,,,,,,,,,,,,,,,,,,,,,,,,,,,,,,,,,,,,,,,,,,,,,0.0,0.0,0.0,,,,,,,,,,,,,,,,,,,,,,,,,,,,,,,,,,,,,0.0,0.0,0.0,,,,,,,,,,,,,,,,,,,,,,,,,,,,,,,,,,,,,,,
Angola,1946,AGO,4166972.0,,,,,,,,,,,,,,,,,,,,,,,,,,,,,,,,,,,,,,,,,,,,,,0.0,0.0,0.0,,,,,,,,,,,,,,,,,,,,,,,,,,,,,,,,,,,,,0.0,0.0,0.0,,,,,,,,,,,,,,,,,,,,,,,,,,,,,,,,,,,,,,,
Angola,1947,AGO,4241977.0,,,,,,,,,,,,,,,,,,,,,,,,,,,,,,,,,,,,,,,,,,,,,,0.0,0.0,0.0,,,,,,,,,,,,,,,,,,,,,,,,,,,,,,,,,,,,,0.0,0.0,0.0,,,,,,,,,,,,,,,,,,,,,,,,,,,,,,,,,,,,,,,
Angola,1948,AGO,4318333.0,,,,,,,,,,,,,,,,,,,,,,,,,,,,,,,,,,,,,,,,,,,,,,0.0,0.0,0.0,,,,,,,,,,,,,,,,,,,,,,,,,,,,,,,,,,,,,0.0,0.0,0.0,,,,,,,,,,,,,,,,,,,,,,,,,,,,,,,,,,,,,,,
Angola,1949,AGO,4397048.0,,,,,,,,,,,,,,,,,,,,,,,,,,,,,,,,,,,,,,,,,,,,,,0.0,0.0,0.0,,,,,,,,,,,,,,,,,,,,,,,,,,,,,,,,,,,,,0.0,0.0,0.0,,,,,,,,,,,,,,,,,,,,,,,,,,,,,,,,,,,,,,,
Angola,1950,AGO,4551869.0,6905244023.0,,,,,,,,,,,,,,,,,,,,,,,,,,,,,,,,,,,,,,,,,,,,,0.0,0.0,0.0,,,,,,,,,,,,,,,,,,,,,,,,,,,,,,,,,,,,,0.0,0.0,0.0,,,,,,,,,,,,,,,,,,,,,,,,,,,,,,,,,,,,,,,
Angola,1951,AGO,4602567.0,7156858293.0,,,,,,,,,,,,,,,,,,,,,,,,,,,,,,,,,,,,,,,,,,,,,0.0,0.0,0.0,,,,,,,,,,,,,,,,,,,,,,,,,,,,,,,,,,,,,0.0,0.0,0.0,,,,,,,,,,,,,,,,,,,,,,,,,,,,,,,,,,,,,,,
Angola,1952,AGO,4651693.0,7427327102.0,,,,,,,,,,,,,,,,,,,,,,,,,,,,,,,,,,,,,,,,,,,,,0.0,0.0,0.0,,,,,,,,,,,,,,,,,,,,,,,,,,,,,,,,,,,,,0.0,0.0,0.0,,,,,,,,,,,,,,,,,,,,,,,,,,,,,,,,,,,,,,,
Angola,1953,AGO,4706357.0,7707442519.0,,,,,,,,,,,,,,,,,,,,,,,,,,,,,,,,,,,,,,,,,,,,,0.0,0.0,0.0,,,,,,,,,,,,,,,,,,,,,,,,,,,,,,,,,,,,,0.0,0.0,0.0,,,,,,,,,,,,,,,,,,,,,,,,,,,,,,,,,,,,,,,
Angola,1954,AGO,4766716.0,7494946191.0,,,,,,,,,,,,,,,,,,,,,,,,,,,,,,,,,,,,,,,,,,,,,0.0,0.0,0.0,,,,,,,,,,,,,,,,,,,,,,,,,,,,,,,,,,,,,0.0,0.0,0.0,,,,,,,,,,,,,,,,,,,,,,,,,,,,,,,,,,,,,,,
Angola,1955,AGO,4832775.0,8094498354.0,,,,,,,,,,,,,,,,,,,,,,,,,,,,,,,,,,,,,,,,,,,,,0.0,0.0,0.0,,,,,,,,,,,,,,,,,,,,,,,,,,,,,,,,,,,,,0.0,0.0,0.0,,,,,,,,,,,,,,,,,,,,,,,,,,,,,,,,,,,,,,,
Angola,1956,AGO,4904275.0,7944565179.0,,,,,,,,,,,,,,,,,,,,,,,,,,,,,,,,,,,,,,,,,,,,,0.0,0.0,0.0,,,,,,,,,,,,,,,,,,,,,,,,,,,,,,,,,,,,,0.093,18.971,0.093,,,,,,,,,,,,,,,,,,,,,,,,,,,,,,,,,,,,,,,
Angola,1957,AGO,4980650.0,8703076482.0,,,,,,,,,,,,,,,,,,,,,,,,,,,,,,,,,,,,,,,,,,,,,0.0,0.0,0.0,,,,,,,,,,,,,,,,,,,,,,,,,,,,,,,,,,,,25.0,0.023,23.35,0.116,,,,,,,,,,,,,,,,,,,,,,,,,,,,,,,,,,,,,,,
Angola,1958,AGO,5061137.0,9169780066.0,,,,,,,,,,,,,,,,,,,,,,,,,,,,,,,,,,,,,,,,,,,,,0.0,0.0,0.0,,,,,,,,,,,,,,,,,,,,,,,,,,,,,,,,,,,,410.0,0.477,117.193,0.593,,,,,,,,,,,,,,,,,,,,,,,,,,,,,,,,,,,,,,,
Angola,1959,AGO,5145107.0,9207761800.0,,,,,,,,,,,,,,,,,,,,,,,,,,,,,,,,,,,,,,,,,,,,,0.0,0.0,0.0,,,,,,,,,,,,,,,,,,,,,,,,,,,,,,,,,,,,0.0,0.0,115.28,0.593,,,,,,,,,,,,,,,,,,,,,,,,,,,,,,,,,,,,,,,
Angola,1960,AGO,5231664.0,9580296443.0,,,,,,,,,,,,,,,,,,,,,,,,,,,,,,,,,,,,,,,,,,,,,0.0,0.0,0.0,,,,,,,,,,,,,,,,,,,,,,,,,,,,,,,,,,,,31.373,0.186,148.941,0.779,,,,,,,,,,,,,,,,,,,,,,,,,,,,,,,,,,,,,,,
Angola,1961,AGO,5301584.0,10574287512.0,,,,,,,,,,,,,,,,,,,,,,,,,,,,,,,,,,,,,,,,,,,,,0.0,0.0,0.0,,,,,,,,,,,,,,,,,,,,,,,,,,,,,,,,,,,,55.224,0.43,228.143,1.21,,,,,,,,,,,,,,,,,,,,,,,,,,,,,,,,,,,,,,,
Angola,1962,AGO,5354315.0,10269760210.0,,,,,,,,,,,,,,,,,,,,,,,,,,,,,,,,,,,,,,,,,,,,,0.0,0.0,0.0,,,,,,,,,,,,,,,,,,,,,,,,,,,,,,,,,,,,352.885,4.268,1023.05,5.478,,,,,,,,,,,,,,,,,,,,,,,,,,,,,,,,,,,,,,,
Angola,1963,AGO,5408334.0,10823089062.0,,,,,,,,,,,,,,,,,,,,,,,,,,,,,,,,,,,,,,,,,,,,,0.0,0.0,0.0,,,,,,,,,,,,,,,,,,,,,,,,,,,,,,,,,,,,69.851,3.826,1720.308,9.304,,,,,,,,,,,,,,,,,,,,,,,,,,,,,,,,,,,,,,,
Angola,1964,AGO,5464186.0,12097687776.0,,,,,,,,,,,,,,,,,,,,,,,,,,,,,,,,,,,,,,,,,,,,,0.0,0.0,0.0,,,,,,,,,,,,,,,,,,,,,,,,,,,,,,,,,,,,13.125,1.221,1926.206,10.525,,,,,,,,,,,,,,,,,,,,,,,,,,,,,,,,,,,,,,,
Angola,1965,AGO,5521982.0,13062976664.0,,,0.0,0.0,,,,,,,,,,,,,,,,,,,,,,,,,,,,,,,,,,,,,,,,,0.0,0.0,0.0,,,,,,,,,,,,,,,,,,,,,,,,0.0,0.0,0.0,0.0,,,,,,,,,-27.624,-2.908,1379.514,7.618,,,,,,,,,,,,,,,,,,,,,,,,,,,,,,,,,,,,,,,
Angola,1966,AGO,5581391.0,13762507500.0,,0.0,0.0,0.0,,,,,,,,,,,,,,,,,,,,,,,,,,,,,,,,,,,,,,,,,0.0,0.0,0.0,,,,,,,,,,,,,,,,,,,,,,,0.0,0.0,0.0,0.0,0.0,,,,,,,,,-3.664,-0.279,1314.821,7.339,,,,,,,,,,,,,,,,,,,,,,,,,,,,,,,,,,,,,,,
Angola,1967,AGO,5641810.0,14446282812.0,,0.0,0.0,0.0,,,,,,,,,,,,,,,,,,,,,,,,,,,,,,,,,,,,,,,,,0.0,0.0,0.0,,,,,,,,,,,,,,,,,,,,,,,0.0,0.0,0.0,0.0,0.0,,,,,,,,,-14.897,-1.093,1106.969,6.245,,,,,,,,,,,,,,,,,,,,,,,,,,,,,,,,,,,,,,,
Angola,1968,AGO,5702706.0,14258772797.0,,0.0,0.0,0.0,,,,,,,,,,,,,,,,,,,,,,,,,,,,,,,,,,,,,,,,,0.0,0.0,0.0,,,,,,,,,,,,,,,,,,,,,,,0.0,0.0,0.0,0.0,0.0,,,,,,,,,39.665,2.477,1529.537,8.722,,,,,,,,,,,,,,,,,,,,,,,,,,,,,,,,,,,,,,,
Angola,1969,AGO,5763693.0,14746072800.0,,0.0,0.0,0.0,,,,,,,,,,,,,,,,,,,,,,,,,,,,,,,,,,,,,,,,,0.0,0.0,0.0,,,,,,,,,,,,,,,,,,,,,,,0.0,0.0,0.0,0.0,0.0,,,,,,,,,227.733,19.864,4959.761,28.587,,,,,,,,,,,,,,,,,,,,,,,,,,,,,,,,,,,,,,,
Angola,1970,AGO,5852790.0,15796654001.0,,0.0,0.0,0.0,,,,,,,,,,,,,,,,,,,,,,,,,,,,,,,,,,,,,,,,,0.518,88.481,0.518,,,,,,,,,,,,,,,,,,,,,,,0.0,0.0,0.0,0.0,0.0,,,,,,,,,106.062,30.319,10064.594,58.906,,,,,,,,,,,,,,,,,,,,,,,,,,,,,,,,,,,,,,,
Angola,1971,AGO,5991114.0,15843643664.0,,0.0,0.0,0.0,,,,,,,,,,,,,,,,,,,,,,,,,,,,,,,,,,,,,,,,0.0,0.0,86.438,0.518,,,,,,,,,,,,,,,,,,,,,,,0.0,0.0,0.0,0.0,0.0,,,,,,,,,12.952,7.629,11105.653,66.535,,,,,,,,,,,,,,,,,,,,,,,,,,,,,,,,,,,,,,,
Angola,1972,AGO,6174269.0,16088033313.0,,0.0,0.0,0.0,,,,,,,,,,,,,,,,,,,,,,,,,,,,,,,,,,,,,,,,32.558,0.169,111.182,0.686,,,,,,,,,,,,,,,,,,,,,,,0.0,0.0,0.0,0.0,0.0,,,,,,,,,23.353,15.538,13292.733,82.073,,,,,,,,,,,,,,,,,,,,,,,,,,,,,,,,,,,,,,,
Angola,1973,AGO,6388534.0,17187186685.0,,0.0,0.0,0.0,,,,,,,,,,,,,,,,,,,,,,,,,,,,,,,,,,,,,,,,14.035,0.096,122.534,0.783,,,,,,,,,,,,,,,,,,,,,,,0.0,0.0,0.0,0.0,0.0,,,,,,,,,15.842,13.002,14882.17,95.075,,,,,,,,,,,,,,,,,,,,,,,,,,,,,,,,,,,,,,,
Angola,1974,AGO,6613368.0,16327891195.0,,0.0,0.0,0.0,,,,,,,,,,,,,,,,,,,,,,,,,,,,,,,,,,,,,,,,4.615,0.036,123.831,0.819,,,,,,,,,,,,,,,,,,,,,,,0.0,0.0,0.0,0.0,0.0,,,,,,,,,4.477,4.257,15019.855,99.332,,,,,,,,,,,,,,,,,,,,,,,,,,,,,,,,,,,,,,,
Angola,1975,AGO,6842952.0,10064128183.0,,0.0,0.0,0.0,,,,,,,,,,,,,,,,,,,,,,,,,,,,,,,,,,,,,,,,-4.412,-0.036,114.397,0.783,,,,,,,,,,,,,,,,,,,,,,,0.0,0.0,0.0,0.0,0.0,,,,,,,,,-8.781,-8.723,13241.264,90.609,,,,,,,,,,,,,,,,,,,,,,,,,,,,,,,,,,,,,,,
Angola,1976,AGO,7074668.0,9040011512.0,,0.0,0.0,0.0,,,,,,,,,,,,,,,,,,,,,,,,,,,,,,,,,,,,,,,,-12.308,-0.096,97.031,0.686,,,,,,,,,,,,,,,,,,,,,,,0.0,0.0,0.0,0.0,0.0,,,,,,,,,-2.914,-2.64,12434.41,87.969,,,,,,,,,,,,,,,,,,,,,,,,,,,,,,,,,,,,,,,
Angola,1977,AGO,7317837.0,9245570800.0,,0.0,0.0,0.0,,,,,,,,,,,,,,,,,,,,,,,,,,,,,,,,,,,,,,,,24.561,0.169,116.847,0.855,,,,,,,,,,,,,,,,,,,,,,,0.0,0.0,0.0,0.0,0.0,,,,,,,,,-6.637,-5.838,11223.406,82.131,,,,,,,,,,,,,,,,,,,,,,,,,,,,,,,,,,,,,,,
Angola,1978,AGO,7576742.0,9619385668.0,,0.0,0.0,0.0,,,,,,,,,,,,,,,,,,,,,,,,,,,,,,,,,,,,,,,,0.0,0.0,112.855,0.855,,,,,,,,,,,,,,,,,,,,,,,0.0,0.0,0.0,0.0,0.0,,,,,,,,,-8.397,-6.897,9929.659,75.234,,,,,,,,,,,,,,,,,,,,,,,,,,,,,,,,,,,,,,,
Angola,1979,AGO,7847207.0,9853037586.0,,0.0,0.0,0.0,,,,,,,,,,,,,,,,,,,,,,,,,,,,,,,,,,,,,,,,0.0,0.0,108.965,0.855,,,,,,,,,,,,,,,,,,,,,,,0.0,0.0,0.0,0.0,0.0,,,,,,,,,11.3,8.502,10670.803,83.736,,,,,,,,,,,,,,,,,,,,,,,,,,,,,,,,,,,,,,,
Angola,1980,AGO,8133867.0,10330398679.0,,0.0,0.0,0.0,,,,,,,,,,,,,,0.0,0.0,,,,,,,,,1969.775,1.551,,,,,,,,,,,,,,,230.438,1.97,347.372,2.825,,,,,,,,,,,,,,,,,,,,,,,0.0,0.0,0.0,0.0,0.0,,,,,,,,,3.167,2.652,10620.734,86.388,,,,,,,,,,,,,,,16.022,,,,,,,,,,,,,,,,,,,,,,,,
Angola,1981,AGO,8435605.0,10119853675.0,,0.0,0.0,0.0,,,,,,,,,,,,,0.0,0.0,0.0,,,,,,,-0.982,-0.157,1880.663,1.568,,,,,,,,,,,,,,,-4.348,-0.123,320.384,2.703,,,,,,,,,,,,,,,,,,,,,,,0.0,0.0,0.0,0.0,0.0,,,,,,,,,-3.635,-3.14,9868.592,83.248,,,,,,,,,,,,,,,15.865,,,,,,,,,,,,,,,,,,,,,,,,
Angola,1982,AGO,8751653.0,9643454557.0,,0.0,0.0,0.0,,,,,,,,,,,,,0.0,0.0,0.0,,,,,,,6.744,1.07,1935.001,1.756,,,,,,,,,,,,,,,13.636,0.369,350.925,3.071,,,,,,,,,,,,,,,,,,,,,,,0.0,0.0,0.0,0.0,0.0,,,,,,,,,-10.45,-8.699,8518.196,74.548,,,,,,,,,,,,,,,16.934,,,,,,,,,,,,,,,,,,,,,,,,
Angola,1983,AGO,9082985.0,9325809281.0,,0.0,0.0,0.0,,,,,,,,,,,,,0.0,0.0,0.0,,,,,,,7.354,1.245,2001.53,1.949,,,,,,,,,,,,,,,20.0,0.614,405.749,3.685,,,,,,,,,,,,,,,,,,,,,,,0.0,0.0,0.0,0.0,0.0,,,,,,,,,37.129,27.679,11254.857,102.228,,,,,,,,,,,,,,,18.18,,,,,,,,,,,,,,,,,,,,,,,,
Angola,1984,AGO,9425921.0,9370042336.0,,0.0,0.0,0.0,,,,,,,,,,,,,0.0,0.0,0.0,,,,,,,-10.244,-1.862,1731.142,1.741,,,,,,,,,,,,,,,0.0,0.0,390.987,3.685,,,,,,,,,,,,,,,,,,,,,,,0.0,0.0,0.0,0.0,0.0,,,,,,,,,14.608,14.933,12429.62,117.161,,,,,,,,,,,,,,,16.318,,,,,,,,,,,,,,,,,,,,,,,,
Angola,1985,AGO,9779125.0,9420208558.0,,0.0,0.0,0.0,,,,,,,,,,,,,0.0,0.0,0.0,,,,,,,24.907,4.064,2084.221,2.164,,,,,,,,,,,,,,,8.333,0.307,408.27,3.993,,,,,,,,,,,,,,,,,,,,,,,0.0,0.0,0.0,0.0,0.0,,,,,,,,,13.679,16.026,13619.496,133.187,,,,,,,,,,,,,,,20.382,,,,,,,,,,,,,,,,,,,,,,,,
Angola,1986,AGO,10139459.0,8569986810.0,,0.0,0.0,0.0,,,,,,,,,,,,,0.0,0.0,0.0,,,,,,,-1.919,-0.391,1971.569,2.333,,,,,,,,,,,,,,,7.692,0.307,424.051,4.3,,,,,,,,,,,,,,,,,,,,,,,0.0,0.0,0.0,0.0,0.0,,,,,,,,,21.603,28.773,15973.178,161.959,,,,,,,,,,,,,,,19.991,,,,,,,,,,,,,,,,,,,,,,,,
Angola,1987,AGO,10497863.0,9540737551.0,,0.0,0.0,0.0,,,,,,,,,,,,,0.0,0.0,0.0,,,,,,,3.372,0.674,1968.469,2.166,,,,,,,,,,,,,,,14.286,0.614,468.084,4.914,,,,,,,,,,,,,,,,,,,,,,,0.0,0.0,0.0,0.0,0.0,,,,,,,,,25.707,41.635,19393.928,203.595,,,,,,,,,,,,,,,20.665,,,,,,,,,,,,,,,,,,,,,,,,
Angola,1988,AGO,10861299.0,10911810585.0,,0.0,0.0,0.0,,,,,,,,,,,,,0.0,0.0,0.0,,,,,,,3.436,0.71,1967.967,1.959,,,,,,,,,,,,,,,12.5,0.614,508.974,5.528,,,,,,,,,,,,,,,,,,,,,,,0.0,0.0,0.0,0.0,0.0,,,,,,,,,27.499,55.987,23899.684,259.582,,,,,,,,,,,,,,,21.375,,,,,,,,,,,,,,,,,,,,,,,,
Angola,1989,AGO,11238562.0,11089228164.0,,0.0,0.0,0.0,,,,,,,,,,,,,0.0,0.0,0.0,,,,,,,-3.609,-0.771,1833.264,1.858,,,,,,,,,,,,,,,-16.667,-0.921,409.907,4.607,,,,,,,,,,,,,,,,,,,,,,,0.0,0.0,0.0,0.0,0.0,,,,,,,,,1.443,3.745,23430.621,263.326,,,,,,,,,,,,,,,20.603,,,,,,,,,,,,,,,,,,,,,,,,
Angola,1990,AGO,11626361.0,11482503320.0,,0.0,0.0,0.0,,,,,,,,,,,,,0.0,0.0,0.0,,,,,,,6.1,1.257,1880.223,1.904,,,,,,,,,,,,,,,26.661,1.228,501.873,5.835,,,,,,,,,,,,,,,,,,,,,,,0.0,0.0,0.0,0.0,0.0,,,,,,,,,3.259,8.583,23387.316,271.909,,,,,,,,,,,,,,,21.86,,,,,,,,,,,,,,,,,,,,,,,,
Angola,1991,AGO,12023532.0,12341156472.0,,0.0,0.0,0.0,,,,,,,,,,,,,0.0,0.0,0.0,,,,,,,5.134,1.122,1911.448,1.862,,,,,,,,,,,,,,,5.268,0.307,510.861,6.142,,,,,,,,,,,,,,,,,,,,,,,0.0,0.0,0.0,0.0,0.0,,,,,,,,,4.85,13.188,23711.652,285.098,,,,,,,,,,,,,,,22.982,,,,,,,,,,,,,,,,,,,,,,,,
Angola,1992,AGO,12423717.0,12363420423.0,,0.0,0.0,0.0,,,,,,,,,,,,,0.0,0.0,0.0,,,,,,,0.617,0.142,1861.284,1.87,,,,,,,,,,,,,,,0.648,0.04,497.608,6.182,,,,,,,,,,,,,,,,,,,,,,,0.0,0.0,0.0,0.0,0.0,,,,,,,,,10.765,30.692,25418.27,315.789,,,,,,,,,,,,,,,23.124,,,,,,,,,,,,,,,,,,,,,,,,
Angola,1993,AGO,12827136.0,9985477687.0,,0.0,0.0,0.0,,,,,,,,,,,,,0.0,0.0,0.0,,,,,,,-2.352,-0.544,1760.35,2.261,,,,,,,,,,,,,,,-1.754,-0.108,473.502,6.074,,,,,,,,,,,,,,,,,,,,,,,0.0,0.0,0.0,0.0,0.0,,,,,,,,,-8.629,-27.249,22494.521,288.54,,,,,,,,,,,,,,,22.58,,,,,,,,,,,,,,,,,,,,,,,,
Angola,1994,AGO,13249763.0,10760814258.0,,0.0,0.0,0.0,,,,,,,,,,,,,0.0,0.0,0.0,,,,,,,-2.676,-0.604,1658.592,2.042,,,,,,,,,,,,,,,-7.162,-0.435,425.568,5.639,,,,,,,,,,,,,,,,,,,,,,,0.0,0.0,0.0,0.0,0.0,,,,,,,,,10.536,30.401,24071.459,318.941,,,,,,,,,,,,,,,21.976,,,,,,,,,,,,,,,,,,,,,,,,
Angola,1995,AGO,13699780.0,13143769844.0,,0.0,0.0,0.0,,,,,,,,,,,,,0.0,0.0,0.0,,,,,,,7.817,1.718,1729.505,1.803,,,,,,,,,,,,,,,7.715,0.435,443.341,6.074,,,,,,,,,,,,,,,,,,,,,,,0.0,0.0,0.0,0.0,0.0,,,,,,,,,13.671,43.601,26463.344,362.542,,,,,,,,,,,,,,,23.694,,,,,,,,,,,,,,,,,,,,,,,,
Angola,1996,AGO,14170973.0,15819838004.0,,0.0,0.0,0.0,,,,,,,,,,,,,0.0,0.0,0.0,,,,,,,-4.429,-1.049,1597.94,1.431,,,,,,,,,,,,,,,0.0,0.0,428.6,6.074,,,,,,,,,,,,,,,,,,,,,,,0.0,0.0,0.0,0.0,0.0,,,,,,,,,13.444,48.741,29022.939,411.283,,,,,,,,,,,,,,,22.644,,,,,,,,,,,,,,,,,,,,,,,,
Angola,1997,AGO,14660419.0,17972296931.0,,0.0,0.0,0.0,,,,,,,,,,,,,0.0,0.0,0.0,,,,,,,13.927,3.154,1759.714,1.435,,,,,,,,,,,,,,,1.786,0.108,421.689,6.182,,,,,,,,,,,,,,,,,,,,,,,0.0,0.0,0.0,0.0,0.0,,,,,,,,,3.212,13.212,28955.176,424.495,,,,,,,,,,,,,,,25.798,,,,,,,,,,,,,,,,,,,,,,,,
Angola,1998,AGO,15159378.0,19905045075.0,,0.0,0.0,0.0,,,,,,,,,,,,,0.0,0.0,0.0,,,,,,,-12.061,-3.111,1496.548,1.14,,,,,,,,,,,,,,,1.754,0.108,414.964,6.291,,,,,,,,,,,,,,,,,,,,,,,0.0,0.0,0.0,0.0,0.0,,,,,,,,,-1.37,-5.815,27618.547,418.68,,,,,,,,,,,,,,,22.687,,,,,,,,,,,,,,,,,,,,,,,,
Angola,1999,AGO,15667235.0,21527478033.0,,0.0,0.0,0.0,,,,,,,,,,,,,0.0,0.0,0.0,,,,,,,14.091,3.197,1652.085,1.202,,,,,,,,,,,,,,,-3.448,-0.217,387.668,6.074,,,,,,,,,,,,,,,,,,,,,,,0.0,0.0,0.0,0.0,0.0,,,,,,,,,1.944,8.141,27242.906,426.821,,,,,,,,,,,,,,,25.884,,,,,,,,,,,,,,,,,,,,,,,,
Angola,2000,AGO,16194873.0,23512184116.0,,0.0,0.0,0.0,0.0,0.0,0.0,,256.94,,,,,0.0,0.0,,0.0,0.0,0.0,0.0,,1.44,88.917,1.44,,18.455,4.777,1893.218,1.304,,,32.726,0.53,,,36.806,,,,,0.0,0.0,,1.786,0.108,381.734,6.182,0.0,,0.37,,,,56.191,0.91,,63.194,,,,,56.191,0.91,,63.194,,0.0,0.0,,0.0,0.0,0.0,0.0,0.0,0.0,,,,,32.726,0.53,,0.409,1.744,26463.035,428.565,36.806,,,0.0,0.0,,,0.0,0.0,,0.0,0.0,,88.917,30.66,,,,56.191,0.91,,63.194,,,,,0.0,0.0,,0.0,,,,,0.0,0.0,,0.0,
Angola,2001,AGO,16747204.0,26015021059.0,,0.0,0.0,0.0,0.0,0.0,0.0,,262.2,,,,,0.0,0.0,,0.0,0.0,0.0,0.0,,1.64,97.927,1.64,,8.288,2.541,1982.507,1.276,,,37.021,0.62,,,37.805,,,,,0.0,0.0,,-7.018,-0.434,343.24,5.748,0.0,,0.43,,,,60.906,1.02,,62.195,,,,,60.906,1.02,,62.195,,0.0,0.0,,0.0,0.0,0.0,0.0,0.0,0.0,,,,,37.021,0.62,,-0.814,-3.489,25381.938,425.076,37.805,,,0.0,0.0,,,0.0,0.0,,0.0,0.0,,97.927,33.201,,,,60.906,1.02,,62.195,,,,,0.0,0.0,,0.0,,,,,0.0,0.0,,0.0,
Angola,2002,AGO,17327701.0,31389808151.0,,0.0,0.0,0.0,0.0,0.0,0.0,,250.0,,,,,0.0,0.0,,0.0,0.0,0.0,0.0,,1.76,101.571,1.76,,6.364,2.113,2038.03,1.125,,,35.781,0.62,,,35.227,,,,,0.0,0.0,,16.981,0.976,388.074,6.724,0.0,,0.44,,,,65.791,1.14,,64.773,,,,,65.791,1.14,,64.773,,0.0,0.0,,0.0,0.0,0.0,0.0,0.0,0.0,,,,,35.781,0.62,,22.025,93.622,29934.611,518.698,35.227,,,0.0,0.0,,,0.0,0.0,,0.0,0.0,,101.571,35.314,,,,65.791,1.14,,64.773,,,,,0.0,0.0,,0.0,,,,,0.0,0.0,,0.0,
Angola,2003,AGO,17943718.0,35081368421.0,,0.0,0.0,0.0,0.0,0.0,0.0,,261.31,,,,,0.0,0.0,,0.0,0.0,0.0,0.0,,1.99,110.902,1.99,,11.174,3.946,2187.965,1.119,,,41.797,0.75,,,37.688,,,,,0.0,0.0,,4.839,0.325,392.884,7.05,0.0,,0.52,,,,69.105,1.24,,62.312,,,,,69.105,1.24,,62.312,,0.0,0.0,,0.0,0.0,0.0,0.0,0.0,0.0,,,,,41.797,0.75,,-3.962,-20.553,27761.508,498.145,37.688,,,0.0,0.0,,,0.0,0.0,,0.0,0.0,,110.902,39.26,,,,69.105,1.24,,62.312,,,,,0.0,0.0,,0.0,,,,,0.0,0.0,,0.0,
Angola,2004,AGO,18600426.0,41307235678.0,,0.0,0.0,0.0,0.0,0.0,0.0,,160.71,,,,,0.0,0.0,,0.0,0.0,0.0,0.0,,2.24,120.427,2.24,,8.873,3.484,2298.005,1.035,,,26.343,0.49,,,21.875,,,,,0.0,0.0,,15.385,1.085,437.323,8.134,0.0,,0.36,,,,94.084,1.75,,78.125,,,,,94.084,1.75,,78.125,,0.0,0.0,,0.0,0.0,0.0,0.0,0.0,0.0,,,,,26.343,0.49,,27.433,136.655,34128.25,634.8,21.875,,,0.0,0.0,,,0.0,0.0,,0.0,0.0,,120.427,42.744,,,,94.084,1.75,,78.125,,,,,0.0,0.0,,0.0,,,,,0.0,0.0,,0.0,
Angola,2005,AGO,19291160.0,51967661783.0,,0.0,0.0,0.0,0.0,0.0,0.0,,121.67,,,,,0.0,0.0,,0.0,0.0,0.0,0.0,,2.63,136.332,2.63,,-18.085,-7.73,1815.006,0.674,,,21.253,0.41,,,15.589,,,,,0.0,0.0,,-13.333,-1.085,365.442,7.05,0.0,,0.32,,,,115.079,2.22,,84.411,,,,,115.079,2.22,,84.411,,0.0,0.0,,0.0,0.0,0.0,0.0,0.0,0.0,,,,,21.253,0.41,,14.384,91.312,37639.605,726.112,15.589,,,0.0,0.0,,,0.0,0.0,,0.0,0.0,,136.332,35.014,,,,115.079,2.22,,84.411,,,,,0.0,0.0,,0.0,,,,,0.0,0.0,,0.0,
Angola,2006,AGO,20015281.0,66749579296.0,,0.0,0.0,0.0,0.0,0.0,0.0,,117.45,,,,,0.0,0.0,,0.0,0.0,0.0,0.0,,2.98,148.886,2.98,,26.633,9.325,2215.237,0.664,,,21.983,0.44,,,14.765,,,,,0.0,0.0,,4.615,0.325,368.478,7.375,0.0,,0.35,,,,126.903,2.54,,85.235,,,,,126.903,2.54,,85.235,,0.0,0.0,,0.0,0.0,0.0,0.0,0.0,0.0,,,,,21.983,0.44,,10.002,72.624,39906.27,798.735,14.765,,,0.0,0.0,,,0.0,0.0,,0.0,0.0,,148.886,44.339,,,,126.903,2.54,,85.235,,,,,0.0,0.0,,0.0,,,,,0.0,0.0,,0.0,
Angola,2007,AGO,20778570.0,87086353818.0,,0.0,0.0,0.0,0.0,0.0,0.0,,169.75,,,,,0.0,0.0,,0.0,0.0,0.0,0.0,,3.24,155.93,3.24,,17.69,7.843,2511.339,0.599,,,36.095,0.75,,,23.148,,,,,0.0,0.0,,22.059,1.627,433.238,9.002,0.0,,0.55,,,,119.835,2.49,,76.852,,,,,119.835,2.49,,76.852,,0.0,0.0,,0.0,0.0,0.0,0.0,0.0,0.0,,,,,36.095,0.75,,18.209,145.439,45439.789,944.174,23.148,,,0.0,0.0,,,0.0,0.0,,0.0,0.0,,155.93,52.182,,,,119.835,2.49,,76.852,,,,,0.0,0.0,,0.0,,,,,0.0,0.0,,0.0,
Angola,2008,AGO,21578656.0,105593132748.0,,0.0,0.0,0.0,0.0,0.0,0.0,,162.96,,,,,0.0,0.0,,0.0,0.0,0.0,0.0,,4.05,187.685,4.05,,16.559,8.641,2818.649,0.576,,,41.708,0.9,,,22.222,,,,,0.0,0.0,,-18.072,-1.627,341.781,7.375,0.0,,0.66,,,,145.978,3.15,,77.778,,,,,145.978,3.15,,77.778,,0.0,0.0,,0.0,0.0,0.0,0.0,0.0,0.0,,,,,41.708,0.9,,13.68,129.166,49740.812,1073.34,22.222,,,0.0,0.0,,,0.0,0.0,,0.0,0.0,,187.685,60.823,,,,145.978,3.15,,77.778,,,,,0.0,0.0,,0.0,,,,,0.0,0.0,,0.0,
Angola,2009,AGO,22414775.0,115247846475.0,,0.0,0.0,0.0,0.0,0.0,0.0,,236.25,,,,,0.0,0.0,,0.0,0.0,0.0,0.0,,4.91,219.052,4.91,,15.635,9.51,3137.766,0.61,,,73.166,1.64,,,33.401,,,,,0.0,0.0,,1.471,0.108,333.871,7.484,0.0,,1.16,,,,145.886,3.27,,66.599,,,,,145.886,3.27,,66.599,,0.0,0.0,,0.0,0.0,0.0,0.0,0.0,0.0,,,,,73.166,1.64,,-6.776,-72.732,44640.559,1000.608,33.401,,,0.0,0.0,,,0.0,0.0,,0.0,0.0,,219.052,70.332,,,,145.886,3.27,,66.599,,,,,0.0,0.0,,0.0,,,,,0.0,0.0,,0.0,
Angola,2010,AGO,23294822.0,126984175354.0,,0.0,0.0,0.0,0.0,0.0,0.0,,227.11,,,,,0.0,0.0,,0.0,0.0,0.0,0.0,,5.46,234.387,5.46,,8.601,6.049,3278.897,0.602,,,75.124,1.75,,,32.051,,,,,0.0,0.0,,6.377,0.477,341.744,7.961,0.0,,1.24,,,,158.834,3.7,,67.766,,,,,159.263,3.71,,67.949,,0.0,0.0,,0.0,0.0,0.0,0.0,0.0,0.0,,,,,75.124,1.75,,3.361,33.63,44397.777,1034.238,32.051,,,0.0,0.0,,,0.0,0.0,,0.0,0.0,,234.387,76.381,,,,159.263,3.71,,67.949,,,,,0.429,0.01,,0.183,,,,,0.0,0.0,,0.0,
Angola,2011,AGO,24218358.0,140477268750.0,,0.0,0.0,0.0,0.0,0.0,0.0,,208.48,,,,,0.0,0.0,,0.0,0.0,0.0,0.0,,5.66,233.707,5.66,,4.593,3.509,3298.733,0.569,,,67.717,1.64,,,28.975,,,,,0.0,0.0,,2.452,0.195,336.773,8.156,0.0,,1.18,,,,165.577,4.01,,70.848,,,,,165.99,4.02,,71.025,,0.0,0.0,,0.0,0.0,0.0,0.0,0.0,0.0,,,,,67.717,1.64,,-7.755,-80.209,39392.816,954.029,28.975,,,0.0,0.0,,,0.0,0.0,,0.0,0.0,,233.707,79.89,,,,165.99,4.02,,71.025,,,,,0.413,0.01,,0.177,,,,,0.0,0.0,,0.0,
Angola,2012,AGO,25177398.0,152476849129.0,,0.0,0.0,0.0,0.0,0.0,0.0,,207.25,,,,,0.0,0.0,,0.0,0.0,0.0,0.0,,7.72,306.624,7.72,,7.772,6.209,3419.703,0.565,,,88.969,2.24,,,29.016,,,,,0.0,0.0,,1.064,0.087,327.391,8.243,0.0,,1.6,,,,217.258,5.47,,70.855,,,,,217.656,5.48,,70.984,,0.0,0.0,,0.0,0.0,0.0,0.0,0.0,0.0,,,,,88.969,2.24,,3.979,37.962,39400.055,991.991,29.016,,,0.0,0.0,,,0.0,0.0,,0.0,0.0,,306.624,86.099,,,,217.656,5.48,,70.984,,,,,0.397,0.01,,0.13,,,,,0.0,0.0,,0.0,
Angola,2013,AGO,26165616.0,160032073258.0,,0.0,0.0,0.0,0.0,0.0,0.0,,289.57,,,,,0.0,0.0,,0.0,0.0,0.0,0.0,,8.15,311.477,8.15,,8.498,7.316,3570.166,0.584,,,130.706,3.42,,,41.963,,,,,0.0,0.0,,21.711,1.79,383.42,10.032,0.0,,2.36,,,,180.389,4.72,,57.914,,,,,180.772,4.73,,58.037,,0.0,0.0,,0.0,0.0,0.0,0.0,0.0,0.0,,,,,130.706,3.42,,-0.105,-1.046,37872.023,990.945,41.963,,,0.0,0.0,,,0.0,0.0,,0.0,0.0,,311.477,93.416,,,,180.772,4.73,,58.037,,,,,0.382,0.01,,0.123,,,,,0.0,0.0,,0.0,
Angola,2014,AGO,27160767.0,167750415635.0,,0.0,0.0,0.0,1.473,0.04,0.418,,324.27,,,,,0.0,0.0,,0.0,0.0,0.0,0.0,,9.56,351.978,9.56,,10.503,9.812,3800.598,0.615,,,166.048,4.51,,,47.176,,,,,0.0,0.0,,-20.973,-2.104,291.903,7.928,0.0,,3.1,,,,183.721,4.99,,52.197,,,,,185.93,5.05,,52.824,,0.0,0.0,,0.0,0.0,0.0,0.0,0.0,0.0,,,,,166.048,4.51,,-2.263,-22.429,35658.652,968.516,47.176,,,0.04,0.0,,,1.473,0.0,,0.418,0.0,,351.978,103.227,,,,185.93,5.05,,52.824,,,,,0.736,0.02,,0.209,,,,,0.0,0.0,,0.0,
Angola,2015,AGO,28157802.0,169333972139.0,,0.0,0.0,0.0,1.421,0.04,0.409,,312.88,,,,,0.0,0.0,,0.0,0.0,0.0,0.0,,9.78,347.328,9.78,,5.099,5.263,3852.95,0.641,,,157.683,4.44,,,45.399,,,,,0.0,0.0,,5.746,0.456,297.745,8.384,0.0,,3.06,,,,187.515,5.28,,53.988,,,,,189.645,5.34,,54.601,,0.0,0.0,,0.0,0.0,0.0,0.0,0.0,0.0,,,,,157.683,4.44,,5.866,56.815,36413.77,1025.332,45.399,,,0.04,0.0,,,1.421,0.0,,0.409,0.0,,347.328,108.491,,,,189.645,5.34,,54.601,,,,,0.71,0.02,,0.204,,,,,0.0,0.0,,0.0,
Angola,2016,AGO,29183072.0,164965166058.0,,0.0,0.0,0.0,1.713,0.05,0.455,,286.89,,,,,0.0,0.0,,0.0,0.0,0.0,0.0,,10.98,376.246,10.98,,-10.399,-11.282,3330.99,0.589,,,155.912,4.55,,,41.439,,,,,0.0,0.0,,121.603,10.195,636.632,18.579,0.0,,3.15,,,,217.935,6.36,,57.924,,,,,220.333,6.43,,58.561,,0.0,0.0,,0.0,0.0,0.0,0.0,0.0,0.0,,,,,155.912,4.55,,-2.716,-27.849,34180.164,997.482,41.439,,,0.05,0.0,,,1.713,0.0,,0.455,0.0,,376.246,97.209,,,,220.333,6.43,,58.561,,,,,0.685,0.02,,0.182,,,,,0.0,0.0,,0.0,
Angola,2017,AGO,30234836.0,164717711409.0,,0.0,0.0,0.0,1.654,0.05,0.463,,205.37,,,,,0.0,0.0,,,,,0.0,,10.81,357.535,10.81,,-13.717,-13.334,2774.095,0.509,,,102.2,3.09,,,28.585,,,,,1.323,0.04,,,,,,0.37,,2.22,,,,253.019,7.65,,70.768,,,,,255.335,7.72,,71.415,,0.0,0.0,,0.0,0.0,0.0,0.0,0.0,0.0,,,,,100.877,3.05,,-4.854,-48.417,31389.801,949.065,28.215,,,0.05,0.0,,,1.654,0.0,,0.463,0.0,,357.535,83.874,,,,255.335,7.72,,71.415,,,,,0.661,0.02,,0.185,,,,,0.0,0.0,,0.0,
Angola,2018,AGO,31297160.0,162550037080.0,,0.0,0.0,0.0,1.598,0.05,0.381,,154.49,,,,,0.0,0.0,,,,,0.0,,13.14,419.846,13.14,,8.587,7.203,2910.07,0.56,,,86.27,2.7,,,20.548,,,,,2.556,0.08,,,,,,0.609,,2.03,,,,331.34,10.37,,78.919,,,,,333.577,10.44,,79.452,,0.0,0.0,,0.0,0.0,0.0,0.0,0.0,0.0,,,,,83.714,2.62,,-9.215,-87.452,27530.088,861.614,19.939,,,0.05,0.0,,,1.598,0.0,,0.381,0.0,,419.846,91.077,,,,333.577,10.44,,79.452,,,,,0.639,0.02,,0.152,,,,,0.0,0.0,,0.0,
Angola,2019,AGO,32375633.0,161408924528.0,,0.0,0.0,0.0,1.544,0.05,0.316,,186.47,,,,,0.0,0.0,,,,,0.0,,15.82,488.639,15.82,,4.423,4.028,2937.561,0.589,,,130.963,4.24,,,26.802,,,,,50.655,1.64,,,,,,10.367,,2.95,,,,355.514,11.51,,72.756,,,,,357.676,11.58,,73.198,,0.0,0.0,,0.0,0.0,0.0,0.0,0.0,0.0,,,,,80.307,2.6,,-6.743,-58.095,24818.625,803.519,16.435,,,0.05,0.0,,,1.544,0.0,,0.316,0.0,,488.639,95.105,,,,357.676,11.58,,73.198,,,,,0.618,0.02,,0.126,,,,,0.0,0.0,,0.0,
Angola,2020,AGO,33451139.0,152308692850.0,,0.0,0.0,0.0,1.495,0.05,0.297,,171.33,,,,,0.0,0.0,,,,,0.0,,16.81,502.524,16.81,,-19.75,-18.784,2281.591,0.501,,,122.567,4.1,,,24.39,,,,,49.326,1.65,,,,,,9.816,,2.88,,,,377.865,12.64,,75.193,,,,,379.957,12.71,,75.61,,0.0,0.0,,0.0,0.0,0.0,0.0,0.0,0.0,,,,,73.241,2.45,,-6.54,-52.551,22449.68,750.967,14.575,,,0.05,0.0,,,1.495,0.0,,0.297,0.0,,502.524,76.322,,,,379.957,12.71,,75.61,,,,,0.598,0.02,,0.119,,,,,0.0,0.0,,0.0,
Angola,2021,AGO,34532427.0,153971902307.0,,0.0,0.0,0.0,1.448,0.05,0.297,,172.7,,,,,0.0,0.0,,,,,0.0,,16.85,487.947,16.85,,12.747,9.729,2491.884,0.559,,,119.887,4.14,,,24.57,,,,,48.071,1.66,,,,,,9.852,,2.91,,,,366.033,12.64,,75.015,,,,,368.06,12.71,,75.43,,0.0,0.0,,0.0,0.0,0.0,0.0,0.0,0.0,,,,,71.817,2.48,,-11.539,-86.652,19237.424,664.315,14.718,,,0.05,0.0,,,1.448,0.0,,0.297,0.0,,487.947,86.051,,,,368.06,12.71,,75.43,,,,,0.579,0.02,,0.119,,,,,0.0,0.0,,0.0,
Angola,2022,AGO,35635028.0,158346237030.0,,0.0,0.0,0.0,1.403,0.05,0.289,,172.16,,,,,0.0,0.0,,,,,0.0,,17.31,485.758,17.31,,12.384,10.656,2713.824,0.611,,,118.703,4.23,,,24.437,,,,,46.864,1.67,,,,,,9.648,,2.98,,,,354.707,12.64,,73.021,,,,,367.055,13.08,,75.563,,0.0,0.0,,0.0,0.0,0.0,0.0,0.0,0.0,,,,,71.839,2.56,,1.159,7.696,18858.162,672.011,14.789,,,0.05,0.0,,,1.403,0.0,,0.289,0.0,,485.758,96.707,,,,367.055,13.08,,75.563,,,,,10.944,0.39,,2.253,,,,,0.0,0.0,,0.0,
Angola,2023,AGO,36749909.0,,,0.0,0.0,0.0,1.361,0.05,0.317,,183.49,,,,,0.0,0.0,,,,,0.0,,15.75,428.572,15.75,,1.856,1.795,2680.342,,,,111.293,4.09,,,25.968,,,,,37.823,1.39,,,,,,8.825,,2.89,,,,305.307,11.22,,71.238,,,,,317.28,11.66,,74.032,,0.0,0.0,,0.0,0.0,0.0,0.0,0.0,0.0,,,,,73.47,2.7,,-3.431,-23.057,17658.656,648.954,17.143,,,0.05,0.0,,,1.361,0.0,,0.317,0.0,,428.572,98.502,,,,317.28,11.66,,74.032,,,,,10.612,0.39,,2.476,,,,,0.0,0.0,,0.0,
Angola,2024,AGO,37885854.0,,,0.0,0.0,0.0,1.32,0.05,0.321,,185.38,,,,,0.0,0.0,,,,,0.0,,15.59,411.499,15.59,,,,,,,,108.22,4.1,,,26.299,,,,,36.953,1.4,,,,,,8.98,,2.89,,,,290.346,11.0,,70.558,,,,,303.279,11.49,,73.701,,0.0,0.0,,0.0,0.0,0.0,0.0,0.0,0.0,,,,,71.267,2.7,,2.84,18.429,17615.635,667.383,17.319,,,0.05,0.0,,,1.32,0.0,,0.321,0.0,,411.499,,,,,303.279,11.49,,73.701,,,,,11.614,0.44,,2.822,,,,,0.0,0.0,,0.0,
Antarctica,1980,ATA,,,,,,,,,,,,,,,,,,,,,,,,,,,,,,,,,,,,,,,,,,,,,,,,,,,,,,,,,,,,,,,,,,,,,,,,,,,,,,,,,,,,,,,,,,,,,,,,,,,,,,,0.625,,,,,,,,,,,,,,,,,,,,,,,,
Antarctica,1981,ATA,,,,,,,,,,,,,,,,,,,,,,,,,,,,-0.273,-0.002,,,,,,,,,,,,,,,,,,,,,,,,,,,,,,,,,,,,,,,,,,,,,,,,,,,,,,,,,,,,,,,,,,,,,,,,,,0.623,,,,,,,,,,,,,,,,,,,,,,,,
Antarctica,1982,ATA,,,,,,,,,,,,,,,,,,,,,,,,,,,,0.0,0.0,,,,,,,,,,,,,,,,,,,,,,,,,,,,,,,,,,,,,,,,,,,,,,,,,,,,,,,,,,,,,,,,,,,,,,,,,,0.623,,,,,,,,,,,,,,,,,,,,,,,,
Antarctica,1983,ATA,,,,,,,,,,,,,,,,,,,,,,,,,,,,0.0,0.0,,,,,,,,,,,,,,,,,,,,,,,,,,,,,,,,,,,,,,,,,,,,,,,,,,,,,,,,,,,,,,,,,,,,,,,,,,0.623,,,,,,,,,,,,,,,,,,,,,,,,
Antarctica,1984,ATA,,,,,,,,,,,,,,,,,,,,,,,,,,,,30.356,0.189,,,,,,,,,,,,,,,,,,,,,,,,,,,,,,,,,,,,,,,,,,,,,,,,,,,,,,,,,,,,,,,,,,,,,,,,,,0.812,,,,,,,,,,,,,,,,,,,,,,,,
Antarctica,1985,ATA,,,,,,,,,,,,,,,,,,,,,,,,,,,,7.398,0.06,,,,,,,,,,,,,,,,,,,,,,,,,,,,,,,,,,,,,,,,,,,,,,,,,,,,,,,,,,,,,,,,,,,,,,,,,,0.872,,,,,,,,,,,,,,,,,,,,,,,,
Antarctica,1986,ATA,,,,,,,,,,,,,,,,,,,,,,,,,,,,-7.143,-0.062,,,,,,,,,,,,,,,,,,,,,,,,,,,,,,,,,,,,,,,,,,,,,,,,,,,,,,,,,,,,,,,,,,,,,,,,,,0.81,,,,,,,,,,,,,,,,,,,,,,,,
Antarctica,1987,ATA,,,,,,,,,,,,,,,,,,,,,,,,,,,,0.0,0.0,,,,,,,,,,,,,,,,,,,,,,,,,,,,,,,,,,,,,,,,,,,,,,,,,,,,,,,,,,,,,,,,,,,,,,,,,,0.81,,,,,,,,,,,,,,,,,,,,,,,,
Antarctica,1988,ATA,,,,,,,,,,,,,,,,,,,,,,,,,,,,7.987,0.065,,,,,,,,,,,,,,,,,,,,,,,,,,,,,,,,,,,,,,,,,,,,,,,,,,,,,,,,,,,,,,,,,,,,,,,,,,0.875,,,,,,,,,,,,,,,,,,,,,,,,
Antarctica,1989,ATA,,,,,,,,,,,,,,,,,,,,,,,,,,,,-7.397,-0.065,,,,,,,,,,,,,,,,,,,,,,,,,,,,,,,,,,,,,,,,,,,,,,,,,,,,,,,,,,,,,,,,,,,,,,,,,,0.81,,,,,,,,,,,,,,,,,,,,,,,,
Antarctica,1990,ATA,,,,,,,,,,,,,,,,,,,,,,,,,,,,7.692,0.062,,,,,,,,,,,,,,,,,,,,,,,,,,,,,,,,,,,,,,,,,,,,,,,,,,,,,,,,,,,,,,,,,,,,,,,,,,0.872,,,,,,,,,,,,,,,,,,,,,,,,
Antarctica,1991,ATA,,,,,,,,,,,,,,,,,,,,,,,,,,,,0.0,0.0,,,,,,,,,,,,,,,,,,,,,,,,,,,,,,,,,,,,,,,,,,,,,,,,,,,,,,,,,,,,,,,,,,,,,,,,,,0.872,,,,,,,,,,,,,,,,,,,,,,,,
Antarctica,1992,ATA,,,,,,,,,,,,,,,,,,,,,,,,,,,,0.274,0.002,,,,,,,,,,,,,,,,,,,,,,,,,,,,,,,,,,,,,,,,,,,,,,,,,,,,,,,,,,,,,,,,,,,,,,,,,,0.875,,,,,,,,,,,,,,,,,,,,,,,,
Antarctica,1993,ATA,,,,,,,,,,,,,,,,,,,,,,,,,,,,-0.273,-0.002,,,,,,,,,,,,,,,,,,,,,,,,,,,,,,,,,,,,,,,,,,,,,,,,,,,,,,,,,,,,,,,,,,,,,,,,,,0.872,,,,,,,,,,,,,,,,,,,,,,,,
Antarctica,1994,ATA,,,,,,,,,,,,,,,,,,,,,,,,,,,,0.0,0.0,,,,,,,,,,,,,,,,,,,,,,,,,,,,,,,,,,,,,,,,,,,,,,,,,,,,,,,,,,,,,,,,,,,,,,,,,,0.872,,,,,,,,,,,,,,,,,,,,,,,,
Antarctica,1995,ATA,,,,,,,,,,,,,,,,,,,,,,,,,,,,7.143,0.062,,,,,,,,,,,,,,,,,,,,,,,,,,,,,,,,,,,,,,,,,,,,,,,,,,,,,,,,,,,,,,,,,,,,,,,,,,0.935,,,,,,,,,,,,,,,,,,,,,,,,
Antarctica,1996,ATA,,,,,,,,,,,,,,,,,,,,,,,,,,,,0.274,0.003,,,,,,,,,,,,,,,,,,,,,,,,,,,,,,,,,,,,,,,,,,,,,,,,,,,,,,,,,,,,,,,,,,,,,,,,,,0.937,,,,,,,,,,,,,,,,,,,,,,,,
Antarctica,1997,ATA,,,,,,,,,,,,,,,,,,,,,,,,,,,,-0.273,-0.003,,,,,,,,,,,,,,,,,,,,,,,,,,,,,,,,,,,,,,,,,,,,,,,,,,,,,,,,,,,,,,,,,,,,,,,,,,0.935,,,,,,,,,,,,,,,,,,,,,,,,
Antarctica,1998,ATA,,,,,,,,,,,,,,,,,,,,,,,,,,,,0.0,0.0,,,,,,,,,,,,,,,,,,,,,,,,,,,,,,,,,,,,,,,,,,,,,,,,,,,,,,,,,,,,,,,,,,,,,,,,,,0.935,,,,,,,,,,,,,,,,,,,,,,,,
Antarctica,1999,ATA,,,,,,,,,,,,,,,,,,,,,,,,,,,,0.0,0.0,,,,,,,,,,,,,,,,,,,,,,,,,,,,,,,,,,,,,,,,,,,,,,,,,,,,,,,,,,,,,,,,,,,,,,,,,,0.935,,,,,,,,,,,,,,,,,,,,,,,,
Antarctica,2000,ATA,,,,,,,,,,,,,,,,,,,,,,,,,,,,-0.533,-0.005,,,,,,,,,,,,,,,,,,,,,,,,,,,,,,,,,,,,,,,,,,,,,,,,,,,,,,,,,,,,,,,,,,,,,,,,,,0.93,,,,,,,,,,,,,,,,,,,,,,,,
Antarctica,2001,ATA,,,,,,,,,,,,,,,,,,,,,,,,,,,,2.74,0.025,,,,,,,,,,,,,,,,,,,,,,,,,,,,,,,,,,,,,,,,,,,,,,,,,,,,,,,,,,,,,,,,,,,,,,,,,,0.955,,,,,,,,,,,,,,,,,,,,,,,,
Antarctica,2002,ATA,,,,,,,,,,,,,,,,,,,,,,,,,,,,0.0,0.0,,,,,,,,,,,,,,,,,,,,,,,,,,,,,,,,,,,,,,,,,,,,,,,,,,,,,,,,,,,,,,,,,,,,,,,,,,0.955,,,,,,,,,,,,,,,,,,,,,,,,
Antarctica,2003,ATA,,,,,,,,,,,,,,,,,,,,,,,,,,,,0.0,0.0,,,,,,,,,,,,,,,,,,,,,,,,,,,,,,,,,,,,,,,,,,,,,,,,,,,,,,,,,,,,,,,,,,,,,,,,,,0.955,,,,,,,,,,,,,,,,,,,,,,,,
Antarctica,2004,ATA,,,,,,,,,,,,,,,,,,,,,,,,,,,,1.333,0.013,,,,,,,,,,,,,,,,,,,,,,,,,,,,,,,,,,,,,,,,,,,,,,,,,,,,,,,,,,,,,,,,,,,,,,,,,,0.968,,,,,,,,,,,,,,,,,,,,,,,,
Antarctica,2005,ATA,,,,,,,,,,,,,,,,,,,,,,,,,,,,0.207,0.002,,,,,,,,,,,,,,,,,,,,,,,,,,,,,,,,,,,,,,,,,,,,,,,,,,,,,,,,,,,,,,,,,,,,,,,,,,0.97,,,,,,,,,,,,,,,,,,,,,,,,
Antarctica,2006,ATA,,,,,,,,,,,,,,,,,,,,,,,,,,,,0.0,0.0,,,,,,,,,,,,,,,,,,,,,,,,,,,,,,,,,,,,,,,,,,,,,,,,,,,,,,,,,,,,,,,,,,,,,,,,,,0.97,,,,,,,,,,,,,,,,,,,,,,,,
Antarctica,2007,ATA,,,,,,,,,,,,,,,,,,,,,,,,,,,,1.313,0.013,,,,,,,,,,,,,,,,,,,,,,,,,,,,,,,,,,,,,,,,,,,,,,,,,,,,,,,,,,,,,,,,,,,,,,,,,,0.983,,,,,,,,,,,,,,,,,,,,,,,,
Antarctica,2008,ATA,,,,,,,,,,,,,,,,,,,,,,,,,,,,-95.37,-0.937,,,,,,,,,,,,,,,,,,,,,,,,,,,,,,,,,,,,,,,,,,,,,,,,,,,,,,,,,,,,,,,,,,,,,,,,,,0.045,,,,,,,,,,,,,,,,,,,,,,,,
Antarctica,2009,ATA,,,,,,,,,,,,,,,,,,,,,,,,,,,,31.781,0.014,,,,,,,,,,,,,,,,,,,,,,,,,,,,,,,,,,,,,,,,,,,,,,,,,,,,,,,,,,,,,,,,,,,,,,,,,,0.06,,,,,,,,,,,,,,,,,,,,,,,,
Antarctica,2010,ATA,,,,,,,,,,,,,,,,,,,,,,,,,,,,0.0,0.0,,,,,,,,,,,,,,,,,,,,,,,,,,,,,,,,,,,,,,,,,,,,,,,,,,,,,,,,,,,,,,,,,,,,,,,,,,0.06,,,,,,,,,,,,,,,,,,,,,,,,
Antarctica,2011,ATA,,,,,,,,,,,,,,,,,,,,,,,,,,,,0.0,0.0,,,,,,,,,,,,,,,,,,,,,,,,,,,,,,,,,,,,,,,,,,,,,,,,,,,,,,,,,,,,,,,,,,,,,,,,,,0.06,,,,,,,,,,,,,,,,,,,,,,,,
Antarctica,2012,ATA,,,,,,,,,,,,,,,,,,,,,,,,,,,,-5.583,-0.003,,,,,,,,,,,,,,,,,,,,,,,,,,,,,,,,,,,,,,,,,,,,,,,,,,,,,,,,,,,,,,,,,,,,,,,,,,0.057,,,,,,,,,,,,,,,,,,,,,,,,
Antarctica,2013,ATA,,,,,,,,,,,,,,,,,,,,,,,,,,,,-0.27,-0.0,,,,,,,,,,,,,,,,,,,,,,,,,,,,,,,,,,,,,,,,,,,,,,,,,,,,,,,,,,,,,,,,,,,,,,,,,,0.056,,,,,,,,,,,,,,,,,,,,,,,,
Antarctica,2014,ATA,,,,,,,,,,,,,,,,,,,,,,,,,,,,0.0,0.0,,,,,,,,,,,,,,,,,,,,,,,,,,,,,,,,,,,,,,,,,,,,,,,,,,,,,,,,,,,,,,,,,,,,,,,,,,0.056,,,,,,,,,,,,,,,,,,,,,,,,
Antarctica,2015,ATA,,,,,,,,,,,,,,,,,,,,,,,,,,,,0.103,0.0,,,,,,,,,,,,,,,,,,,,,,,,,,,,,,,,,,,,,,,,,,,,,,,,,,,,,,,,,,,,,,,,,,,,,,,,,,0.057,,,,,,,,,,,,,,,,,,,,,,,,
Antarctica,2016,ATA,,,,,,,,,,,,,,,,,,,,,,,,,,,,-0.085,-0.0,,,,,,,,,,,,,,,,,,,,,,,,,,,,,,,,,,,,,,,,,,,,,,,,,,,,,,,,,,,,,,,,,,,,,,,,,,0.056,,,,,,,,,,,,,,,,,,,,,,,,
Antarctica,2017,ATA,,,,,,,,,,,,,,,,,,,,,,,,,,,,-3.192,-0.002,,,,,,,,,,,,,,,,,,,,,,,,,,,,,,,,,,,,,,,,,,,,,,,,,,,,,,,,,,,,,,,,,,,,,,,,,,0.055,,,,,,,,,,,,,,,,,,,,,,,,
Antarctica,2018,ATA,,,,,,,,,,,,,,,,,,,,,,,,,,,,0.0,0.0,,,,,,,,,,,,,,,,,,,,,,,,,,,,,,,,,,,,,,,,,,,,,,,,,,,,,,,,,,,,,,,,,,,,,,,,,,0.055,,,,,,,,,,,,,,,,,,,,,,,,
Antarctica,2019,ATA,,,,,,,,,,,,,,,,,,,,,,,,,,,,0.0,0.0,,,,,,,,,,,,,,,,,,,,,,,,,,,,,,,,,,,,,,,,,,,,,,,,,,,,,,,,,,,,,,,,,,,,,,,,,,0.055,,,,,,,,,,,,,,,,,,,,,,,,
Antarctica,2020,ATA,,,,,,,,,,,,,,,,,,,,,,,,,,,,-15.815,-0.009,,,,,,,,,,,,,,,,,,,,,,,,,,,,,,,,,,,,,,,,,,,,,,,,,,,,,,,,,,,,,,,,,,,,,,,,,,0.046,,,,,,,,,,,,,,,,,,,,,,,,
Antarctica,2021,ATA,,,,,,,,,,,,,,,,,,,,,,,,,,,,6.411,0.003,,,,,,,,,,,,,,,,,,,,,,,,,,,,,,,,,,,,,,,,,,,,,,,,,,,,,,,,,,,,,,,,,,,,,,,,,,0.049,,,,,,,,,,,,,,,,,,,,,,,,
Antarctica,2022,ATA,,,,,,,,,,,,,,,,,,,,,,,,,,,,5.3,0.003,,,,,,,,,,,,,,,,,,,,,,,,,,,,,,,,,,,,,,,,,,,,,,,,,,,,,,,,,,,,,,,,,,,,,,,,,,0.052,,,,,,,,,,,,,,,,,,,,,,,,
Antarctica,2023,ATA,,,,,,,,,,,,,,,,,,,,,,,,,,,,10.636,0.005,,,,,,,,,,,,,,,,,,,,,,,,,,,,,,,,,,,,,,,,,,,,,,,,,,,,,,,,,,,,,,,,,,,,,,,,,,0.057,,,,,,,,,,,,,,,,,,,,,,,,
Antigua and Barbuda,1980,ATG,64531.0,,,,,,,,,,,,,,,,,,,0.0,0.0,,,,,,,,,26363.068,,,,,,,,,,,,,,,,,,0.0,0.0,,,,,,,,,,,,,,,,,,,,,,,,,,,,,,,,,,,,,,0.0,0.0,,,,,,,,,,,,,,,1.701,,,,,,,,,,,,,,,,,,,,,,,,
Antigua and Barbuda,1981,ATG,64686.0,,,,,,,,,,,,,,,,,,0.0,0.0,0.0,,,,,,,-10.958,-0.186,23417.893,,,,,,,,,,,,,,,,,0.0,0.0,0.0,,,,,,,,,,,,,,,,,,,,,,,,,,,,,,,,,,,,,0.0,0.0,0.0,,,,,,,,,,,,,,,1.515,,,,,,,,,,,,,,,,,,,,,,,,
Antigua and Barbuda,1982,ATG,64802.0,,,,,,,,,,,,,,,,,,0.0,0.0,0.0,,,,,,,36.0,0.545,31791.322,,,,,,,,,,,,,,,,,0.0,0.0,0.0,,,,,,,,,,,,,,,,,,,,,,,,,,,,,,,,,,,,,0.0,0.0,0.0,,,,,,,,,,,,,,,2.06,,,,,,,,,,,,,,,,,,,,,,,,
Antigua and Barbuda,1983,ATG,64952.0,,,,,,,,,,,,,,,,,,0.0,0.0,0.0,,,,,,,-41.176,-0.848,18657.592,,,,,,,,,,,,,,,,,0.0,0.0,0.0,,,,,,,,,,,,,,,,,,,,,,,,,,,,,,,,,,,,,0.0,0.0,0.0,,,,,,,,,,,,,,,1.212,,,,,,,,,,,,,,,,,,,,,,,,
Antigua and Barbuda,1984,ATG,64899.0,,,,,,,,,,,,,,,,,,0.0,0.0,0.0,,,,,,,10.301,0.125,20596.385,,,,,,,,,,,,,,,,,0.0,0.0,0.0,,,,,,,,,,,,,,,,,,,,,,,,,,,,,,,,,,,,,0.0,0.0,0.0,,,,,,,,,,,,,,,1.337,,,,,,,,,,,,,,,,,,,,,,,,
Antigua and Barbuda,1985,ATG,64606.0,,,,,,,,,,,,,,,,,,0.0,0.0,0.0,,,,,,,-0.273,-0.004,20633.264,,,,,,,,,,,,,,,,,0.0,0.0,0.0,,,,,,,,,,,,,,,,,,,,,,,,,,,,,,,,,,,,,0.0,0.0,0.0,,,,,,,,,,,,,,,1.333,,,,,,,,,,,,,,,,,,,,,,,,
Antigua and Barbuda,1986,ATG,64292.0,,,,,,,,,,,,,,,,,,0.0,0.0,0.0,,,,,,,1.669,0.022,21080.012,,,,,,,,,,,,,,,,,0.0,0.0,0.0,,,,,,,,,,,,,,,,,,,,,,,,,,,,,,,,,,,,,0.0,0.0,0.0,,,,,,,,,,,,,,,1.355,,,,,,,,,,,,,,,,,,,,,,,,
Antigua and Barbuda,1987,ATG,63964.0,,,,,,,,,,,,,,,,,,0.0,0.0,0.0,,,,,,,24.469,0.332,26372.535,,,,,,,,,,,,,,,,,0.0,0.0,0.0,,,,,,,,,,,,,,,,,,,,,,,,,,,,,,,,,,,,,0.0,0.0,0.0,,,,,,,,,,,,,,,1.687,,,,,,,,,,,,,,,,,,,,,,,,
Antigua and Barbuda,1988,ATG,63641.0,,,,,,,,,,,,,,,,,,0.0,0.0,0.0,,,,,,,0.267,0.005,26577.275,,,,,,,,,,,,,,,,,0.0,0.0,0.0,,,,,,,,,,,,,,,,,,,,,,,,,,,,,,,,,,,,,0.0,0.0,0.0,,,,,,,,,,,,,,,1.691,,,,,,,,,,,,,,,,,,,,,,,,
Antigua and Barbuda,1989,ATG,63346.0,,,,,,,,,,,,,,,,,,0.0,0.0,0.0,,,,,,,-0.267,-0.005,26629.824,,,,,,,,,,,,,,,,,0.0,0.0,0.0,,,,,,,,,,,,,,,,,,,,,,,,,,,,,,,,,,,,,0.0,0.0,0.0,,,,,,,,,,,,,,,1.687,,,,,,,,,,,,,,,,,,,,,,,,
Antigua and Barbuda,1990,ATG,63087.0,,,,,,,,,,,,,,,,,,0.0,0.0,0.0,,,,,,,3.694,0.062,27726.844,,,,,,,,,,,,,,,,,0.0,0.0,0.0,,,,,,,,,,,,,,,,,,,,,,,,,,,,,,,,,,,,,0.0,0.0,0.0,,,,,,,,,,,,,,,1.749,,,,,,,,,,,,,,,,,,,,,,,,
Antigua and Barbuda,1991,ATG,63406.0,,,,,,,,,,,,,,,,,,0.0,0.0,0.0,,,,,,,-0.35,-0.006,27490.848,,,,,,,,,,,,,,,,,0.0,0.0,0.0,,,,,,,,,,,,,,,,,,,,,,,,,,,,,,,,,,,,,0.0,0.0,0.0,,,,,,,,,,,,,,,1.743,,,,,,,,,,,,,,,,,,,,,,,,
Antigua and Barbuda,1992,ATG,64422.0,,,,,,,,,,,,,,,,,,0.0,0.0,0.0,,,,,,,0.268,0.005,27129.709,,,,,,,,,,,,,,,,,0.0,0.0,0.0,,,,,,,,,,,,,,,,,,,,,,,,,,,,,,,,,,,,,0.0,0.0,0.0,,,,,,,,,,,,,,,1.748,,,,,,,,,,,,,,,,,,,,,,,,
